id,id_pre,has_hit
s0,0.993,1
s1,0.963,1
s2,0.995,1
s3,1.0,1
s4,1.0,1
s5,0.996,1
s6,1.0,1
s7,0.9890000000000001,1
s8,0.983,1
s9,0.867,1
s10,0.99,1
s11,0.99,1
s12,0.998,1
s13,0.858,1
s14,0.993,1
s15,1.0,1
s16,1.0,1
s17,1.0,1
s18,0.958,1
s19,1.0,1
s20,0.997,1
s21,0.995,1
s22,1.0,1
s23,0.8290000000000001,1
s24,0.9390000000000001,1
s25,0.997,1
s26,0.997,1
s27,1.0,1
s28,0.998,1
s29,0.998,1
s30,0.998,1
s31,0.9840000000000001,1
s32,0.992,1
s33,0.9940000000000001,1
s34,0.991,1
s35,0.997,1
s36,0.632,1
s37,1.0,1
s38,0.996,1
s39,0.988,1
s40,0.991,1
s41,0.883,1
s42,0.998,1
s43,0.815,1
s44,1.0,1
s45,0.991,1
s46,1.0,1
s47,0.818,1
s48,0.986,1
s49,0.857,1
s50,0.995,1
s51,0.995,1
s52,0.996,1
s53,1.0,1
s54,1.0,1
s55,0.9940000000000001,1
s56,1.0,1
s57,0.997,1
s58,0.986,1
s59,0.9620000000000001,1
s60,1.0,1
s61,0.983,1
s62,1.0,1
s63,1.0,1
s64,0.9940000000000001,1
s65,0.6,1
s66,0.987,1
s67,0.9359999999999999,1
s68,0.873,1
s69,0.951,1
s70,1.0,1
s71,0.914,1
s72,1.0,1
s73,1.0,1
s74,1.0,1
s75,0.995,1
s76,0.995,1
s77,1.0,1
s78,0.97,1
s79,1.0,1
s80,0.7829999999999999,1
s81,0.7809999999999999,1
s82,1.0,1
s83,0.998,1
s84,1.0,1
s85,0.971,1
s86,1.0,1
s87,0.996,1
s88,0.963,1
s89,1.0,1
s90,1.0,1
s91,0.9890000000000001,1
s92,0.998,1
s93,0.696,1
s94,0.648,1
s95,0.956,1
s96,1.0,1
s97,1.0,1
s98,0.9940000000000001,1
s99,0.995,1
s100,0.997,1
s101,1.0,1
s102,0.971,1
s103,0.779,1
s104,1.0,1
s105,1.0,1
s106,1.0,1
s107,0.9309999999999999,1
s108,1.0,1
s109,1.0,1
s110,1.0,1
s111,0.998,1
s112,1.0,1
s113,1.0,1
s114,0.996,1
s115,0.985,1
s116,1.0,1
s117,1.0,1
s118,0.8370000000000001,1
s119,0.9309999999999999,1
s120,1.0,1
s121,0.987,1
s122,0.985,1
s123,0.8859999999999999,1
s124,0.8859999999999999,1
s125,0.9990000000000001,1
s126,1.0,1
s127,1.0,1
s128,1.0,1
s129,0.9940000000000001,1
s130,0.993,1
s131,1.0,1
s132,0.995,1
s133,0.991,1
s134,0.98,1
s135,0.98,1
s136,0.98,1
s137,1.0,1
s138,1.0,1
s139,0.6970000000000001,1
s140,1.0,1
s141,1.0,1
s142,1.0,1
s143,0.992,1
s144,0.992,1
s145,0.977,1
s146,0.991,1
s147,0.982,1
s148,0.873,1
s149,0.998,1
s150,0.988,1
s151,0.888,1
s152,1.0,1
s153,0.815,1
s154,0.91,1
s155,1.0,1
s156,0.991,1
s157,1.0,1
s158,0.993,1
s159,1.0,1
s160,0.992,1
s161,0.965,1
s162,0.569,1
s163,0.995,1
s164,1.0,1
s165,0.9940000000000001,1
s166,0.9309999999999999,1
s167,0.9520000000000001,1
s168,0.993,1
s169,1.0,1
s170,0.997,1
s171,1.0,1
s172,1.0,1
s173,1.0,1
s174,1.0,1
s175,0.997,1
s176,0.995,1
s177,1.0,1
s178,0.992,1
s179,0.992,1
s180,0.992,1
s181,0.992,1
s182,0.992,1
s183,0.992,1
s184,0.623,1
s185,0.8340000000000001,1
s186,0.963,1
s187,0.9940000000000001,1
s188,0.997,1
s189,1.0,1
s190,0.992,1
s191,0.991,1
s192,1.0,1
s193,0.997,1
s194,0.992,1
s195,0.992,1
s196,0.992,1
s197,0.992,1
s198,0.992,1
s199,0.992,1
s200,0.992,1
s201,0.997,1
s202,0.9940000000000001,1
s203,0.544,1
s204,0.935,1
s205,0.998,1
s206,0.8220000000000001,1
s207,0.996,1
s208,0.866,1
s209,0.9690000000000001,1
s210,1.0,1
s211,0.9690000000000001,1
s212,1.0,1
s213,1.0,1
s214,0.963,1
s215,1.0,1
s216,1.0,1
s217,0.903,1
s218,0.907,1
s219,0.997,1
s220,0.997,1
s221,0.9670000000000001,1
s222,0.655,1
s223,0.584,1
s224,0.98,1
s225,0.983,1
s226,1.0,1
s227,0.991,1
s228,0.89,1
s229,0.898,1
s230,0.9790000000000001,1
s231,0.9390000000000001,1
s232,0.905,1
s233,0.9009999999999999,1
s234,0.955,1
s235,0.9840000000000001,1
s236,1.0,1
s237,0.997,1
s238,0.988,1
s239,1.0,1
s240,0.919,1
s241,0.899,1
s242,0.929,1
s243,0.825,1
s244,0.9940000000000001,1
s245,1.0,1
s246,0.995,1
s247,1.0,1
s248,0.9940000000000001,1
s249,1.0,1
s250,0.995,1
s251,0.995,1
s252,0.8370000000000001,1
s253,1.0,1
s254,0.9890000000000001,1
s255,0.7070000000000001,1
s256,0.997,1
s257,0.992,1
s258,0.995,1
s259,0.9940000000000001,1
s260,0.996,1
s261,0.898,1
s262,1.0,1
s263,0.905,1
s264,0.99,1
s265,0.748,1
s266,0.981,1
s267,1.0,1
s268,0.995,1
s269,0.991,1
s270,1.0,1
s271,0.986,1
s272,0.667,1
s273,0.782,1
s274,0.9940000000000001,1
s275,1.0,1
s276,1.0,1
s277,1.0,1
s278,0.9940000000000001,1
s279,0.997,1
s280,0.997,1
s281,1.0,1
s282,0.997,1
s283,0.995,1
s284,0.99,1
s285,0.995,1
s286,0.997,1
s287,0.9940000000000001,1
s288,0.9940000000000001,1
s289,1.0,1
s290,0.82,1
s291,1.0,1
s292,0.995,1
s293,0.983,1
s294,0.867,1
s295,0.898,1
s296,0.509,1
s297,1.0,1
s298,1.0,1
s299,0.7709999999999999,1
s300,1.0,1
s301,1.0,1
s302,1.0,1
s303,0.987,1
s304,1.0,1
s305,0.997,1
s306,0.99,1
s307,0.9940000000000001,1
s308,1.0,1
s309,1.0,1
s310,0.998,1
s311,1.0,1
s312,1.0,1
s313,0.765,1
s314,0.843,1
s315,0.997,1
s316,0.9840000000000001,1
s317,0.983,1
s318,1.0,1
s319,0.993,1
s320,1.0,1
s321,0.998,1
s322,0.972,1
s323,1.0,1
s324,1.0,1
s325,1.0,1
s326,1.0,1
s327,0.9940000000000001,1
s328,0.917,1
s329,0.915,1
s330,0.9890000000000001,1
s331,0.9940000000000001,1
s332,0.996,1
s333,0.996,1
s334,0.996,1
s335,0.997,1
s336,0.841,1
s337,0.899,1
s338,0.9159999999999999,1
s339,0.77,1
s340,0.884,1
s341,0.884,1
s342,1.0,1
s343,1.0,1
s344,0.9940000000000001,1
s345,1.0,1
s346,0.915,1
s347,1.0,1
s348,0.977,1
s349,0.9940000000000001,1
s350,0.986,1
s351,0.993,1
s352,0.998,1
s353,0.602,1
s354,0.758,1
s355,1.0,1
s356,1.0,1
s357,1.0,1
s358,0.993,1
s359,0.995,1
s360,0.855,1
s361,0.812,1
s362,0.992,1
s363,0.866,1
s364,0.9940000000000001,1
s365,1.0,1
s366,0.998,1
s367,0.993,1
s368,1.0,1
s369,0.9940000000000001,1
s370,1.0,1
s371,1.0,1
s372,1.0,1
s373,0.9940000000000001,1
s374,1.0,1
s375,0.983,1
s376,1.0,1
s377,0.6679999999999999,1
s378,1.0,1
s379,0.995,1
s380,0.992,1
s381,0.9940000000000001,1
s382,0.642,1
s383,0.667,1
s384,0.6829999999999999,1
s385,0.992,1
s386,0.9940000000000001,1
s387,1.0,1
s388,0.997,1
s389,0.996,1
s390,1.0,1
s391,0.981,1
s392,0.981,1
s393,0.895,1
s394,1.0,1
s395,1.0,1
s396,0.996,1
s397,0.993,1
s398,0.71,1
s399,0.995,1
s400,1.0,1
s401,0.9890000000000001,1
s402,1.0,1
s403,0.996,1
s404,0.971,1
s405,1.0,1
s406,1.0,1
s407,1.0,1
s408,1.0,1
s409,1.0,1
s410,0.5920000000000001,1
s411,1.0,1
s412,0.992,1
s413,1.0,1
s414,0.972,1
s415,0.774,1
s416,0.868,1
s417,0.621,1
s418,0.677,1
s419,1.0,1
s420,0.9840000000000001,1
s421,0.963,1
s422,0.865,1
s423,0.9840000000000001,1
s424,0.985,1
s425,1.0,1
s426,0.992,1
s427,0.955,1
s428,0.963,1
s429,1.0,1
s430,0.992,1
s431,0.985,1
s432,0.997,1
s433,0.997,1
s434,1.0,1
s435,0.9890000000000001,1
s436,0.993,1
s437,0.987,1
s438,0.997,1
s439,0.995,1
s440,0.98,1
s441,1.0,1
s442,0.992,1
s443,0.996,1
s444,0.996,1
s445,0.996,1
s446,0.996,1
s447,0.996,1
s448,0.996,1
s449,0.992,1
s450,0.9790000000000001,1
s451,1.0,1
s452,1.0,1
s453,0.9740000000000001,1
s454,0.978,1
s455,1.0,1
s456,1.0,1
s457,0.992,1
s458,0.768,1
s459,0.992,1
s460,0.997,1
s461,0.995,1
s462,1.0,1
s463,0.993,1
s464,0.998,1
s465,0.985,1
s466,0.998,1
s467,1.0,1
s468,1.0,1
s469,0.996,1
s470,0.998,1
s471,0.995,1
s472,0.995,1
s473,0.983,1
s474,0.98,1
s475,0.98,1
s476,0.99,1
s477,0.99,1
s478,0.99,1
s479,0.9129999999999999,1
s480,0.8190000000000001,1
s481,0.89,1
s482,0.924,1
s483,0.9209999999999999,1
s484,0.941,1
s485,0.77,1
s486,1.0,1
s487,0.9990000000000001,1
s488,0.9420000000000001,1
s489,0.9690000000000001,1
s490,0.997,1
s491,1.0,1
s492,0.9470000000000001,1
s493,1.0,1
s494,0.9840000000000001,1
s495,1.0,1
s496,1.0,1
s497,0.89,1
s498,0.934,1
s499,1.0,1
s500,0.995,1
s501,0.995,1
s502,0.995,1
s503,0.988,1
s504,0.992,1
s505,0.992,1
s506,0.992,1
s507,0.992,1
s508,1.0,1
s509,1.0,1
s510,0.996,1
s511,0.9840000000000001,1
s512,1.0,1
s513,1.0,1
s514,0.831,1
s515,0.93,1
s516,0.9990000000000001,1
s517,0.9890000000000001,1
s518,0.998,1
s519,0.992,1
s520,0.992,1
s521,0.996,1
s522,0.992,1
s523,0.992,1
s524,0.992,1
s525,1.0,1
s526,0.867,1
s527,1.0,1
s528,0.7829999999999999,1
s529,0.888,1
s530,0.667,1
s531,0.9329999999999999,1
s532,0.95,1
s533,0.998,1
s534,1.0,1
s535,0.988,1
s536,0.997,1
s537,1.0,1
s538,1.0,1
s539,0.998,1
s540,0.997,1
s541,0.998,1
s542,0.992,1
s543,1.0,1
s544,0.9890000000000001,1
s545,0.9740000000000001,1
s546,0.978,1
s547,0.92,1
s548,0.945,1
s549,1.0,1
s550,1.0,1
s551,1.0,1
s552,0.9890000000000001,1
s553,0.684,1
s554,0.639,1
s555,0.997,1
s556,1.0,1
s557,0.9259999999999999,1
s558,0.7070000000000001,1
s559,1.0,1
s560,0.985,1
s561,1.0,1
s562,1.0,1
s563,1.0,1
s564,0.997,1
s565,0.7440000000000001,1
s566,1.0,1
s567,0.951,1
s568,1.0,1
s569,1.0,1
s570,0.977,1
s571,0.996,1
s572,0.5720000000000001,1
s573,0.6970000000000001,1
s574,0.97,1
s575,0.97,1
s576,0.973,1
s577,0.97,1
s578,0.97,1
s579,0.97,1
s580,0.97,1
s581,0.97,1
s582,0.97,1
s583,0.97,1
s584,0.97,1
s585,1.0,1
s586,0.97,1
s587,0.97,1
s588,0.97,1
s589,0.97,1
s590,0.996,1
s591,1.0,1
s592,0.97,1
s593,1.0,1
s594,0.9259999999999999,1
s595,0.998,1
s596,0.9940000000000001,1
s597,0.9590000000000001,1
s598,1.0,1
s599,0.993,1
s600,0.997,1
s601,0.9329999999999999,1
s602,1.0,1
s603,0.9940000000000001,1
s604,0.976,1
s605,1.0,1
s606,0.991,1
s607,1.0,1
s608,1.0,1
s609,1.0,1
s610,1.0,1
s611,0.995,1
s612,1.0,1
s613,1.0,1
s614,0.8220000000000001,1
s615,0.9279999999999999,1
s616,1.0,1
s617,0.987,1
s618,0.997,1
s619,0.9620000000000001,1
s620,1.0,1
s621,0.9940000000000001,1
s622,1.0,1
s623,1.0,1
s624,0.9940000000000001,1
s625,0.996,1
s626,0.9840000000000001,1
s627,0.9079999999999999,1
s628,0.973,1
s629,1.0,1
s630,0.9940000000000001,1
s631,0.997,1
s632,0.9940000000000001,1
s633,1.0,1
s634,0.997,1
s635,1.0,1
s636,0.998,1
s637,0.966,1
s638,0.8290000000000001,1
s639,0.97,1
s640,0.97,1
s641,0.97,1
s642,1.0,1
s643,0.97,1
s644,0.945,1
s645,1.0,1
s646,1.0,1
s647,0.602,1
s648,0.604,1
s649,0.963,1
s650,0.995,1
s651,0.97,1
s652,0.992,1
s653,0.9540000000000001,1
s654,0.848,1
s655,0.7809999999999999,1
s656,0.795,1
s657,0.8540000000000001,1
s658,1.0,1
s659,0.9309999999999999,1
s660,0.997,1
s661,0.997,1
s662,1.0,1
s663,1.0,1
s664,0.991,1
s665,0.992,1
s666,0.966,1
s667,1.0,1
s668,1.0,1
s669,1.0,1
s670,0.995,1
s671,0.995,1
s672,0.888,1
s673,0.9570000000000001,1
s674,0.995,1
s675,0.963,1
s676,1.0,1
s677,1.0,1
s678,1.0,1
s679,0.998,1
s680,0.972,1
s681,0.9890000000000001,1
s682,0.848,1
s683,1.0,1
s684,0.885,1
s685,0.992,1
s686,1.0,1
s687,1.0,1
s688,0.982,1
s689,1.0,1
s690,1.0,1
s691,1.0,1
s692,0.998,1
s693,1.0,1
s694,1.0,1
s695,0.688,1
s696,1.0,1
s697,0.991,1
s698,1.0,1
s699,0.9890000000000001,1
s700,1.0,1
s701,0.84,1
s702,0.655,1
s703,1.0,1
s704,1.0,1
s705,1.0,1
s706,1.0,1
s707,0.998,1
s708,1.0,1
s709,0.995,1
s710,1.0,1
s711,1.0,1
s712,1.0,1
s713,1.0,1
s714,0.997,1
s715,0.852,1
s716,0.934,1
s717,0.5760000000000001,1
s718,1.0,1
s719,1.0,1
s720,0.996,1
s721,1.0,1
s722,0.9990000000000001,1
s723,0.988,1
s724,0.904,1
s725,1.0,1
s726,1.0,1
s727,1.0,1
s728,0.995,1
s729,1.0,1
s730,0.998,1
s731,1.0,1
s732,0.971,1
s733,0.996,1
s734,0.997,1
s735,1.0,1
s736,0.995,1
s737,0.987,1
s738,0.981,1
s739,1.0,1
s740,0.9940000000000001,1
s741,0.992,1
s742,0.985,1
s743,0.992,1
s744,1.0,1
s745,1.0,1
s746,0.998,1
s747,0.9690000000000001,1
s748,0.971,1
s749,0.7509999999999999,1
s750,0.9390000000000001,1
s751,1.0,1
s752,0.99,1
s753,0.992,1
s754,0.996,1
s755,0.996,1
s756,1.0,1
s757,1.0,1
s758,0.9990000000000001,1
s759,0.846,1
s760,1.0,1
s761,1.0,1
s762,1.0,1
s763,1.0,1
s764,0.998,1
s765,0.995,1
s766,1.0,1
s767,0.924,1
s768,0.99,1
s769,0.976,1
s770,1.0,1
s771,0.8140000000000001,1
s772,0.945,1
s773,0.89,1
s774,1.0,1
s775,0.995,1
s776,0.993,1
s777,0.99,1
s778,1.0,1
s779,0.995,1
s780,0.995,1
s781,0.995,1
s782,0.992,1
s783,0.985,1
s784,0.992,1
s785,1.0,1
s786,1.0,1
s787,1.0,1
s788,0.991,1
s789,0.986,1
s790,1.0,1
s791,1.0,1
s792,1.0,1
s793,0.992,1
s794,0.703,1
s795,0.925,1
s796,0.968,1
s797,0.997,1
s798,1.0,1
s799,1.0,1
s800,0.701,1
s801,0.997,1
s802,1.0,1
s803,0.998,1
s804,0.67,1
s805,0.584,1
s806,1.0,1
s807,0.8059999999999999,1
s808,0.9570000000000001,1
s809,1.0,1
s810,0.934,1
s811,0.99,1
s812,1.0,1
s813,1.0,1
s814,0.9890000000000001,1
s815,0.996,1
s816,0.996,1
s817,0.997,1
s818,0.997,1
s819,0.995,1
s820,0.987,1
s821,0.987,1
s822,0.9940000000000001,1
s823,0.99,1
s824,1.0,1
s825,0.9940000000000001,1
s826,1.0,1
s827,0.986,1
s828,0.961,1
s829,0.9890000000000001,1
s830,1.0,1
s831,0.9159999999999999,1
s832,0.972,1
s833,0.981,1
s834,1.0,1
s835,0.987,1
s836,1.0,1
s837,0.997,1
s838,1.0,1
s839,1.0,1
s840,0.988,1
s841,1.0,1
s842,1.0,1
s843,1.0,1
s844,1.0,1
s845,0.8220000000000001,1
s846,0.95,1
s847,0.996,1
s848,1.0,1
s849,1.0,1
s850,0.981,1
s851,0.991,1
s852,0.9740000000000001,1
s853,0.995,1
s854,1.0,1
s855,0.8440000000000001,1
s856,0.998,1
s857,1.0,1
s858,0.713,1
s859,0.996,1
s860,0.919,1
s861,1.0,1
s862,0.992,1
s863,1.0,1
s864,1.0,1
s865,0.995,1
s866,0.996,1
s867,0.992,1
s868,0.953,1
s869,0.738,1
s870,1.0,1
s871,1.0,1
s872,0.997,1
s873,0.693,1
s874,0.866,1
s875,1.0,1
s876,1.0,1
s877,0.904,1
s878,0.998,1
s879,1.0,1
s880,0.988,1
s881,0.991,1
s882,0.998,1
s883,0.7440000000000001,1
s884,0.866,1
s885,0.634,1
s886,0.996,1
s887,0.995,1
s888,0.649,1
s889,0.992,1
s890,1.0,1
s891,0.867,1
s892,0.996,1
s893,0.972,1
s894,0.9690000000000001,1
s895,0.998,1
s896,0.8440000000000001,1
s897,0.8190000000000001,1
s898,0.607,1
s899,0.8190000000000001,1
s900,0.8140000000000001,1
s901,0.9890000000000001,1
s902,1.0,1
s903,0.583,1
s904,0.655,1
s905,0.652,1
s906,1.0,1
s907,1.0,1
s908,0.997,1
s909,0.996,1
s910,1.0,1
s911,0.988,1
s912,0.894,1
s913,0.573,1
s914,1.0,1
s915,0.9840000000000001,1
s916,0.992,1
s917,0.9840000000000001,1
s918,0.982,1
s919,0.755,1
s920,0.703,1
s921,0.679,1
s922,0.659,1
s923,0.629,1
s924,0.601,1
s925,0.9840000000000001,1
s926,1.0,1
s927,0.998,1
s928,1.0,1
s929,1.0,1
s930,0.996,1
s931,0.9940000000000001,1
s932,0.997,1
s933,0.767,1
s934,0.996,1
s935,0.9690000000000001,1
s936,0.986,1
s937,0.972,1
s938,1.0,1
s939,0.98,1
s940,0.987,1
s941,0.973,1
s942,0.96,1
s943,0.98,1
s944,0.987,1
s945,1.0,1
s946,0.996,1
s947,0.993,1
s948,0.995,1
s949,0.992,1
s950,0.738,1
s951,0.996,1
s952,0.997,1
s953,0.996,1
s954,1.0,1
s955,1.0,1
s956,0.767,1
s957,1.0,1
s958,0.995,1
s959,0.997,1
s960,1.0,1
s961,0.997,1
s962,0.925,1
s963,0.938,1
s964,1.0,1
s965,0.826,1
s966,0.887,1
s967,0.755,1
s968,1.0,1
s969,0.883,1
s970,1.0,1
s971,1.0,1
s972,0.797,1
s973,0.831,1
s974,1.0,1
s975,1.0,1
s976,0.96,1
s977,0.95,1
s978,0.996,1
s979,1.0,1
s980,1.0,1
s981,0.981,1
s982,1.0,1
s983,1.0,1
s984,0.996,1
s985,1.0,1
s986,0.98,1
s987,0.924,1
s988,0.985,1
s989,0.8690000000000001,1
s990,0.995,1
s991,1.0,1
s992,1.0,1
s993,0.7859999999999999,1
s994,0.591,1
s995,0.804,1
s996,1.0,1
s997,1.0,1
s998,0.9420000000000001,1
s999,1.0,1
s1000,0.7959999999999999,1
s1001,0.795,1
s1002,1.0,1
s1003,0.998,1
s1004,0.998,1
s1005,1.0,1
s1006,1.0,1
s1007,0.753,1
s1008,1.0,1
s1009,0.8,1
s1010,0.995,1
s1011,1.0,1
s1012,0.998,1
s1013,1.0,1
s1014,1.0,1
s1015,0.753,1
s1016,0.992,1
s1017,0.992,1
s1018,0.992,1
s1019,1.0,1
s1020,1.0,1
s1021,0.922,1
s1022,1.0,1
s1023,0.998,1
s1024,1.0,1
s1025,0.912,1
s1026,0.996,1
s1027,0.996,1
s1028,0.752,1
s1029,0.6,1
s1030,0.998,1
s1031,0.998,1
s1032,0.998,1
s1033,0.998,1
s1034,0.998,1
s1035,0.9109999999999999,1
s1036,0.995,1
s1037,1.0,1
s1038,1.0,1
s1039,0.997,1
s1040,1.0,1
s1041,1.0,1
s1042,1.0,1
s1043,1.0,1
s1044,1.0,1
s1045,0.988,1
s1046,0.855,1
s1047,0.9109999999999999,1
s1048,0.9940000000000001,1
s1049,0.998,1
s1050,0.998,1
s1051,0.998,1
s1052,0.995,1
s1053,1.0,1
s1054,1.0,1
s1055,0.763,1
s1056,0.617,1
s1057,1.0,1
s1058,0.995,1
s1059,0.995,1
s1060,0.995,1
s1061,0.958,1
s1062,0.7090000000000001,1
s1063,0.982,1
s1064,0.995,1
s1065,1.0,1
s1066,0.996,1
s1067,1.0,1
s1068,1.0,1
s1069,0.775,1
s1070,0.996,1
s1071,0.995,1
s1072,0.995,1
s1073,0.995,1
s1074,1.0,1
s1075,1.0,1
s1076,1.0,1
s1077,0.997,1
s1078,1.0,1
s1079,1.0,1
s1080,0.9490000000000001,1
s1081,0.995,1
s1082,1.0,1
s1083,0.9620000000000001,1
s1084,0.9570000000000001,1
s1085,1.0,1
s1086,1.0,1
s1087,0.992,1
s1088,0.992,1
s1089,1.0,1
s1090,0.998,1
s1091,0.992,1
s1092,1.0,1
s1093,0.997,1
s1094,0.971,1
s1095,1.0,1
s1096,1.0,1
s1097,0.99,1
s1098,0.981,1
s1099,0.987,1
s1100,0.894,1
s1101,0.852,1
s1102,0.977,1
s1103,0.977,1
s1104,0.977,1
s1105,0.977,1
s1106,0.997,1
s1107,1.0,1
s1108,0.996,1
s1109,0.977,1
s1110,0.996,1
s1111,1.0,1
s1112,1.0,1
s1113,0.996,1
s1114,0.9059999999999999,1
s1115,1.0,1
s1116,0.997,1
s1117,0.977,1
s1118,0.997,1
s1119,0.997,1
s1120,1.0,1
s1121,0.945,1
s1122,0.632,1
s1123,0.773,1
s1124,1.0,1
s1125,0.996,1
s1126,0.996,1
s1127,0.9940000000000001,1
s1128,1.0,1
s1129,1.0,1
s1130,1.0,1
s1131,1.0,1
s1132,0.831,1
s1133,0.937,1
s1134,0.996,1
s1135,1.0,1
s1136,0.996,1
s1137,0.945,1
s1138,0.996,1
s1139,0.997,1
s1140,0.953,1
s1141,0.9990000000000001,1
s1142,1.0,1
s1143,1.0,1
s1144,1.0,1
s1145,0.981,1
s1146,0.983,1
s1147,0.986,1
s1148,0.9009999999999999,1
s1149,0.8909999999999999,1
s1150,0.99,1
s1151,0.7240000000000001,1
s1152,0.975,1
s1153,0.983,1
s1154,1.0,1
s1155,1.0,1
s1156,0.98,1
s1157,0.98,1
s1158,1.0,1
s1159,0.998,1
s1160,1.0,1
s1161,0.993,1
s1162,0.993,1
s1163,0.993,1
s1164,0.993,1
s1165,0.98,1
s1166,0.973,1
s1167,0.966,1
s1168,0.966,1
s1169,1.0,1
s1170,0.991,1
s1171,1.0,1
s1172,1.0,1
s1173,1.0,1
s1174,1.0,1
s1175,1.0,1
s1176,1.0,1
s1177,1.0,1
s1178,0.96,1
s1179,0.991,1
s1180,1.0,1
s1181,0.818,1
s1182,0.9940000000000001,1
s1183,0.997,1
s1184,1.0,1
s1185,0.7929999999999999,1
s1186,1.0,1
s1187,0.8059999999999999,1
s1188,0.995,1
s1189,1.0,1
s1190,1.0,1
s1191,1.0,1
s1192,0.997,1
s1193,0.591,1
s1194,0.735,1
s1195,0.993,1
s1196,0.9940000000000001,1
s1197,0.9940000000000001,1
s1198,0.9940000000000001,1
s1199,1.0,1
s1200,0.733,1
s1201,1.0,1
s1202,0.9690000000000001,1
s1203,1.0,1
s1204,0.981,1
s1205,0.8490000000000001,1
s1206,0.998,1
s1207,0.981,1
s1208,0.924,1
s1209,0.998,1
s1210,0.998,1
s1211,0.998,1
s1212,0.997,1
s1213,0.863,1
s1214,1.0,1
s1215,0.987,1
s1216,1.0,1
s1217,0.812,1
s1218,0.987,1
s1219,0.987,1
s1220,0.981,1
s1221,0.99,1
s1222,1.0,1
s1223,0.713,1
s1224,0.6579999999999999,1
s1225,0.9229999999999999,1
s1226,0.855,1
s1227,1.0,1
s1228,1.0,1
s1229,0.618,1
s1230,1.0,1
s1231,1.0,1
s1232,1.0,1
s1233,0.958,1
s1234,0.96,1
s1235,0.8390000000000001,1
s1236,1.0,1
s1237,0.998,1
s1238,0.992,1
s1239,1.0,1
s1240,1.0,1
s1241,0.855,1
s1242,1.0,1
s1243,0.7120000000000001,1
s1244,0.9359999999999999,1
s1245,0.9359999999999999,1
s1246,1.0,1
s1247,0.992,1
s1248,1.0,1
s1249,1.0,1
s1250,1.0,1
s1251,0.866,1
s1252,0.996,1
s1253,1.0,1
s1254,1.0,1
s1255,0.966,1
s1256,0.581,1
s1257,1.0,1
s1258,1.0,1
s1259,1.0,1
s1260,0.977,1
s1261,1.0,1
s1262,1.0,1
s1263,0.9159999999999999,1
s1264,0.997,1
s1265,0.991,1
s1266,0.996,1
s1267,0.992,1
s1268,0.996,1
s1269,1.0,1
s1270,1.0,1
s1271,0.992,1
s1272,0.992,1
s1273,0.992,1
s1274,0.966,1
s1275,0.991,1
s1276,1.0,1
s1277,0.616,1
s1278,1.0,1
s1279,0.998,1
s1280,1.0,1
s1281,0.6859999999999999,1
s1282,1.0,1
s1283,0.996,1
s1284,1.0,1
s1285,0.995,1
s1286,0.992,1
s1287,0.9940000000000001,1
s1288,0.9490000000000001,1
s1289,0.998,1
s1290,1.0,1
s1291,0.9940000000000001,1
s1292,0.992,1
s1293,1.0,1
s1294,1.0,1
s1295,0.6920000000000001,1
s1296,1.0,1
s1297,1.0,1
s1298,1.0,1
s1299,0.9259999999999999,1
s1300,0.992,1
s1301,1.0,1
s1302,0.978,1
s1303,0.9890000000000001,1
s1304,0.9890000000000001,1
s1305,1.0,1
s1306,1.0,1
s1307,1.0,1
s1308,1.0,1
s1309,0.99,1
s1310,0.9329999999999999,1
s1311,1.0,1
s1312,0.995,1
s1313,1.0,1
s1314,0.997,1
s1315,0.9690000000000001,1
s1316,1.0,1
s1317,1.0,1
s1318,0.997,1
s1319,1.0,1
s1320,0.993,1
s1321,0.929,1
s1322,0.7190000000000001,1
s1323,0.5920000000000001,1
s1324,0.996,1
s1325,0.996,1
s1326,1.0,1
s1327,0.996,1
s1328,0.753,1
s1329,1.0,1
s1330,1.0,1
s1331,1.0,1
s1332,0.6990000000000001,1
s1333,0.991,1
s1334,0.9690000000000001,1
s1335,0.976,1
s1336,0.9390000000000001,1
s1337,1.0,1
s1338,1.0,1
s1339,1.0,1
s1340,1.0,1
s1341,1.0,1
s1342,1.0,1
s1343,0.9990000000000001,1
s1344,0.9990000000000001,1
s1345,1.0,1
s1346,0.9990000000000001,1
s1347,0.9990000000000001,1
s1348,0.9990000000000001,1
s1349,0.7659999999999999,1
s1350,0.885,1
s1351,0.997,1
s1352,0.992,1
s1353,0.9840000000000001,1
s1354,0.71,1
s1355,0.5870000000000001,1
s1356,1.0,1
s1357,1.0,1
s1358,1.0,1
s1359,1.0,1
s1360,1.0,1
s1361,1.0,1
s1362,1.0,1
s1363,0.995,1
s1364,1.0,1
s1365,0.997,1
s1366,1.0,1
s1367,0.997,1
s1368,1.0,1
s1369,1.0,1
s1370,0.815,1
s1371,0.596,1
s1372,0.665,1
s1373,1.0,1
s1374,0.917,1
s1375,1.0,1
s1376,1.0,1
s1377,1.0,1
s1378,1.0,1
s1379,0.998,1
s1380,0.998,1
s1381,0.935,1
s1382,0.935,1
s1383,0.991,1
s1384,1.0,1
s1385,0.688,1
s1386,0.637,1
s1387,0.855,1
s1388,0.8170000000000001,1
s1389,1.0,1
s1390,1.0,1
s1391,1.0,1
s1392,0.997,1
s1393,0.992,1
s1394,0.992,1
s1395,0.992,1
s1396,0.992,1
s1397,0.991,1
s1398,1.0,1
s1399,1.0,1
s1400,0.975,1
s1401,1.0,1
s1402,1.0,1
s1403,1.0,1
s1404,0.843,1
s1405,0.659,1
s1406,0.602,1
s1407,0.992,1
s1408,1.0,1
s1409,0.815,1
s1410,0.7859999999999999,1
s1411,0.7859999999999999,1
s1412,0.976,1
s1413,0.976,1
s1414,1.0,1
s1415,0.99,1
s1416,0.69,1
s1417,0.65,1
s1418,0.9790000000000001,1
s1419,0.9209999999999999,1
s1420,1.0,1
s1421,0.998,1
s1422,1.0,1
s1423,0.9570000000000001,1
s1424,0.9470000000000001,1
s1425,0.9470000000000001,1
s1426,1.0,1
s1427,0.9840000000000001,1
s1428,0.9690000000000001,1
s1429,1.0,1
s1430,1.0,1
s1431,1.0,1
s1432,0.998,1
s1433,0.998,1
s1434,0.996,1
s1435,0.996,1
s1436,0.996,1
s1437,0.986,1
s1438,0.917,1
s1439,0.992,1
s1440,0.988,1
s1441,1.0,1
s1442,0.946,1
s1443,0.988,1
s1444,0.988,1
s1445,1.0,1
s1446,0.654,1
s1447,0.981,1
s1448,0.884,1
s1449,0.731,1
s1450,0.6940000000000001,1
s1451,1.0,1
s1452,1.0,1
s1453,1.0,1
s1454,0.9079999999999999,1
s1455,1.0,1
s1456,1.0,1
s1457,1.0,1
s1458,1.0,1
s1459,0.57,1
s1460,0.735,1
s1461,0.998,1
s1462,1.0,1
s1463,0.917,1
s1464,0.983,1
s1465,1.0,1
s1466,0.992,1
s1467,1.0,1
s1468,1.0,1
s1469,0.98,1
s1470,1.0,1
s1471,1.0,1
s1472,0.995,1
s1473,0.924,1
s1474,0.92,1
s1475,1.0,1
s1476,0.988,1
s1477,0.998,1
s1478,0.998,1
s1479,0.998,1
s1480,0.998,1
s1481,0.998,1
s1482,0.5770000000000001,1
s1483,0.991,1
s1484,0.895,1
s1485,1.0,1
s1486,0.9470000000000001,1
s1487,0.953,1
s1488,0.996,1
s1489,0.983,1
s1490,0.996,1
s1491,0.996,1
s1492,1.0,1
s1493,0.99,1
s1494,1.0,1
s1495,0.998,1
s1496,1.0,1
s1497,1.0,1
s1498,1.0,1
s1499,0.9109999999999999,1
s1500,1.0,1
s1501,1.0,1
s1502,0.981,1
s1503,0.821,1
s1504,0.787,1
s1505,0.888,1
s1506,1.0,1
s1507,0.993,1
s1508,0.996,1
s1509,1.0,1
s1510,1.0,1
s1511,0.9890000000000001,1
s1512,0.985,1
s1513,1.0,1
s1514,0.993,1
s1515,1.0,1
s1516,0.981,1
s1517,0.997,1
s1518,0.981,1
s1519,0.993,1
s1520,0.97,1
s1521,0.97,1
s1522,1.0,1
s1523,0.996,1
s1524,0.97,1
s1525,0.97,1
s1526,0.97,1
s1527,0.97,1
s1528,0.97,1
s1529,0.97,1
s1530,0.97,1
s1531,1.0,1
s1532,1.0,1
s1533,0.948,1
s1534,0.996,1
s1535,1.0,1
s1536,0.9840000000000001,1
s1537,0.985,1
s1538,1.0,1
s1539,1.0,1
s1540,1.0,1
s1541,0.9740000000000001,1
s1542,0.845,1
s1543,1.0,1
s1544,1.0,1
s1545,1.0,1
s1546,0.976,1
s1547,0.97,1
s1548,0.97,1
s1549,0.998,1
s1550,0.997,1
s1551,1.0,1
s1552,1.0,1
s1553,1.0,1
s1554,0.904,1
s1555,1.0,1
s1556,1.0,1
s1557,0.997,1
s1558,0.996,1
s1559,1.0,1
s1560,1.0,1
s1561,0.83,1
s1562,1.0,1
s1563,0.992,1
s1564,1.0,1
s1565,0.996,1
s1566,0.995,1
s1567,0.988,1
s1568,0.995,1
s1569,0.995,1
s1570,1.0,1
s1571,0.995,1
s1572,0.995,1
s1573,0.9790000000000001,1
s1574,0.879,1
s1575,0.995,1
s1576,0.998,1
s1577,0.721,1
s1578,0.995,1
s1579,0.9940000000000001,1
s1580,1.0,1
s1581,0.815,1
s1582,0.992,1
s1583,1.0,1
s1584,0.995,1
s1585,0.996,1
s1586,0.995,1
s1587,0.993,1
s1588,0.996,1
s1589,0.987,1
s1590,0.831,1
s1591,0.97,1
s1592,0.9940000000000001,1
s1593,1.0,1
s1594,1.0,1
s1595,0.708,1
s1596,1.0,1
s1597,0.997,1
s1598,1.0,1
s1599,1.0,1
s1600,0.996,1
s1601,0.995,1
s1602,0.992,1
s1603,0.9940000000000001,1
s1604,0.988,1
s1605,0.981,1
s1606,0.987,1
s1607,0.672,1
s1608,0.996,1
s1609,0.996,1
s1610,0.987,1
s1611,0.902,1
s1612,0.9890000000000001,1
s1613,0.91,1
s1614,1.0,1
s1615,1.0,1
s1616,1.0,1
s1617,0.934,1
s1618,1.0,1
s1619,0.713,1
s1620,0.998,1
s1621,0.737,1
s1622,1.0,1
s1623,0.934,1
s1624,0.9940000000000001,1
s1625,0.748,1
s1626,0.951,1
s1627,0.951,1
s1628,0.996,1
s1629,0.992,1
s1630,0.992,1
s1631,0.992,1
s1632,0.992,1
s1633,0.992,1
s1634,0.992,1
s1635,0.992,1
s1636,0.992,1
s1637,0.992,1
s1638,0.992,1
s1639,1.0,1
s1640,0.992,1
s1641,0.992,1
s1642,0.992,1
s1643,0.992,1
s1644,0.992,1
s1645,1.0,1
s1646,0.99,1
s1647,0.622,1
s1648,0.997,1
s1649,0.997,1
s1650,0.993,1
s1651,0.835,1
s1652,0.895,1
s1653,0.998,1
s1654,0.758,1
s1655,0.847,1
s1656,0.992,1
s1657,0.992,1
s1658,0.992,1
s1659,0.992,1
s1660,0.992,1
s1661,0.992,1
s1662,0.992,1
s1663,0.831,1
s1664,1.0,1
s1665,0.992,1
s1666,1.0,1
s1667,1.0,1
s1668,1.0,1
s1669,0.992,1
s1670,0.992,1
s1671,0.992,1
s1672,0.992,1
s1673,0.992,1
s1674,0.992,1
s1675,0.992,1
s1676,0.992,1
s1677,0.992,1
s1678,0.992,1
s1679,0.992,1
s1680,0.992,1
s1681,1.0,1
s1682,0.992,1
s1683,0.992,1
s1684,0.992,1
s1685,0.992,1
s1686,0.992,1
s1687,0.992,1
s1688,0.992,1
s1689,0.99,1
s1690,0.98,1
s1691,1.0,1
s1692,0.9990000000000001,1
s1693,0.9990000000000001,1
s1694,0.9990000000000001,1
s1695,0.9990000000000001,1
s1696,1.0,1
s1697,0.9990000000000001,1
s1698,0.983,1
s1699,0.976,1
s1700,0.9940000000000001,1
s1701,0.998,1
s1702,1.0,1
s1703,0.992,1
s1704,1.0,1
s1705,0.99,1
s1706,0.8740000000000001,1
s1707,0.826,1
s1708,0.826,1
s1709,1.0,1
s1710,0.888,1
s1711,1.0,1
s1712,1.0,1
s1713,0.825,1
s1714,1.0,1
s1715,0.996,1
s1716,0.996,1
s1717,0.895,1
s1718,0.946,1
s1719,1.0,1
s1720,0.998,1
s1721,0.996,1
s1722,0.993,1
s1723,0.99,1
s1724,0.72,1
s1725,1.0,1
s1726,0.9690000000000001,1
s1727,1.0,1
s1728,0.991,1
s1729,1.0,1
s1730,0.9890000000000001,1
s1731,1.0,1
s1732,0.995,1
s1733,0.995,1
s1734,0.995,1
s1735,0.995,1
s1736,1.0,1
s1737,0.997,1
s1738,0.812,1
s1739,0.693,1
s1740,0.884,1
s1741,1.0,1
s1742,1.0,1
s1743,0.604,1
s1744,0.606,1
s1745,0.835,1
s1746,0.982,1
s1747,0.732,1
s1748,0.9940000000000001,1
s1749,0.7859999999999999,1
s1750,0.992,1
s1751,1.0,1
s1752,0.735,1
s1753,0.998,1
s1754,0.998,1
s1755,0.65,1
s1756,0.598,1
s1757,0.997,1
s1758,0.998,1
s1759,0.8420000000000001,1
s1760,0.966,1
s1761,0.966,1
s1762,1.0,1
s1763,0.8370000000000001,1
s1764,0.996,1
s1765,1.0,1
s1766,0.9259999999999999,1
s1767,1.0,1
s1768,0.83,1
s1769,1.0,1
s1770,0.774,1
s1771,1.0,1
s1772,0.884,1
s1773,1.0,1
s1774,1.0,1
s1775,0.9690000000000001,1
s1776,0.8190000000000001,1
s1777,0.8190000000000001,1
s1778,0.8190000000000001,1
s1779,1.0,1
s1780,1.0,1
s1781,1.0,1
s1782,0.8759999999999999,1
s1783,1.0,1
s1784,0.9940000000000001,1
s1785,1.0,1
s1786,1.0,1
s1787,0.995,1
s1788,1.0,1
s1789,0.997,1
s1790,0.997,1
s1791,0.7290000000000001,1
s1792,0.706,1
s1793,0.7190000000000001,1
s1794,0.99,1
s1795,0.9179999999999999,1
s1796,0.981,1
s1797,0.894,1
s1798,0.9620000000000001,1
s1799,1.0,1
s1800,1.0,1
s1801,1.0,1
s1802,0.993,1
s1803,1.0,1
s1804,0.991,1
s1805,0.997,1
s1806,0.992,1
s1807,1.0,1
s1808,0.9890000000000001,1
s1809,0.929,1
s1810,0.998,1
s1811,0.9420000000000001,1
s1812,0.998,1
s1813,1.0,1
s1814,0.818,1
s1815,0.929,1
s1816,0.929,1
s1817,0.929,1
s1818,1.0,1
s1819,1.0,1
s1820,0.929,1
s1821,0.609,1
s1822,0.981,1
s1823,0.981,1
s1824,1.0,1
s1825,1.0,1
s1826,1.0,1
s1827,0.998,1
s1828,0.988,1
s1829,0.985,1
s1830,0.985,1
s1831,0.981,1
s1832,1.0,1
s1833,0.826,1
s1834,0.99,1
s1835,0.9940000000000001,1
s1836,1.0,1
s1837,0.997,1
s1838,1.0,1
s1839,1.0,1
s1840,0.9670000000000001,1
s1841,0.995,1
s1842,1.0,1
s1843,0.7979999999999999,1
s1844,0.94,1
s1845,0.995,1
s1846,0.9940000000000001,1
s1847,0.7609999999999999,1
s1848,1.0,1
s1849,1.0,1
s1850,0.887,1
s1851,1.0,1
s1852,0.992,1
s1853,0.995,1
s1854,0.7929999999999999,1
s1855,1.0,1
s1856,1.0,1
s1857,0.998,1
s1858,0.998,1
s1859,0.764,1
s1860,1.0,1
s1861,0.722,1
s1862,0.674,1
s1863,0.75,1
s1864,1.0,1
s1865,1.0,1
s1866,0.995,1
s1867,0.687,1
s1868,0.997,1
s1869,0.99,1
s1870,0.998,1
s1871,0.9940000000000001,1
s1872,0.695,1
s1873,0.9990000000000001,1
s1874,1.0,1
s1875,1.0,1
s1876,0.9390000000000001,1
s1877,1.0,1
s1878,1.0,1
s1879,0.996,1
s1880,0.9690000000000001,1
s1881,0.9990000000000001,1
s1882,0.877,1
s1883,0.996,1
s1884,0.998,1
s1885,0.998,1
s1886,0.996,1
s1887,0.988,1
s1888,0.991,1
s1889,0.9840000000000001,1
s1890,0.5770000000000001,1
s1891,0.932,1
s1892,0.9890000000000001,1
s1893,1.0,1
s1894,0.993,1
s1895,0.993,1
s1896,0.993,1
s1897,0.993,1
s1898,0.972,1
s1899,1.0,1
s1900,0.992,1
s1901,0.996,1
s1902,0.9940000000000001,1
s1903,0.9940000000000001,1
s1904,0.996,1
s1905,0.7340000000000001,1
s1906,0.998,1
s1907,0.7709999999999999,1
s1908,1.0,1
s1909,1.0,1
s1910,0.898,1
s1911,0.8220000000000001,1
s1912,0.953,1
s1913,1.0,1
s1914,1.0,1
s1915,0.996,1
s1916,0.996,1
s1917,0.986,1
s1918,1.0,1
s1919,0.995,1
s1920,0.992,1
s1921,0.996,1
s1922,1.0,1
s1923,0.986,1
s1924,0.996,1
s1925,0.772,1
s1926,0.96,1
s1927,1.0,1
s1928,1.0,1
s1929,1.0,1
s1930,1.0,1
s1931,1.0,1
s1932,1.0,1
s1933,0.995,1
s1934,0.831,1
s1935,0.631,1
s1936,0.665,1
s1937,1.0,1
s1938,0.985,1
s1939,0.764,1
s1940,1.0,1
s1941,0.995,1
s1942,0.973,1
s1943,0.65,1
s1944,0.998,1
s1945,1.0,1
s1946,1.0,1
s1947,1.0,1
s1948,0.892,1
s1949,0.997,1
s1950,0.997,1
s1951,1.0,1
s1952,1.0,1
s1953,0.997,1
s1954,1.0,1
s1955,1.0,1
s1956,1.0,1
s1957,1.0,1
s1958,0.764,1
s1959,0.965,1
s1960,1.0,1
s1961,0.997,1
s1962,0.943,1
s1963,0.831,1
s1964,1.0,1
s1965,0.996,1
s1966,0.997,1
s1967,1.0,1
s1968,1.0,1
s1969,0.612,1
s1970,0.6809999999999999,1
s1971,0.983,1
s1972,0.805,1
s1973,0.986,1
s1974,0.993,1
s1975,0.9940000000000001,1
s1976,0.674,1
s1977,0.997,1
s1978,0.997,1
s1979,1.0,1
s1980,0.9840000000000001,1
s1981,1.0,1
s1982,0.89,1
s1983,0.9940000000000001,1
s1984,0.997,1
s1985,0.996,1
s1986,0.993,1
s1987,0.991,1
s1988,0.997,1
s1989,0.609,1
s1990,0.9359999999999999,1
s1991,0.9440000000000001,1
s1992,0.998,1
s1993,0.995,1
s1994,0.986,1
s1995,0.9640000000000001,1
s1996,0.9890000000000001,1
s1997,0.992,1
s1998,0.985,1
s1999,0.993,1
s2000,0.996,1
s2001,0.9079999999999999,1
s2002,0.9840000000000001,1
s2003,0.9840000000000001,1
s2004,1.0,1
s2005,0.982,1
s2006,0.508,1
s2007,1.0,1
s2008,1.0,1
s2009,0.664,1
s2010,1.0,1
s2011,1.0,1
s2012,1.0,1
s2013,1.0,1
s2014,0.539,1
s2015,0.779,1
s2016,0.7859999999999999,1
s2017,0.976,1
s2018,0.865,1
s2019,0.995,1
s2020,0.995,1
s2021,0.995,1
s2022,0.993,1
s2023,1.0,1
s2024,1.0,1
s2025,1.0,1
s2026,1.0,1
s2027,0.992,1
s2028,0.695,1
s2029,0.716,1
s2030,0.997,1
s2031,0.9940000000000001,1
s2032,1.0,1
s2033,0.981,1
s2034,0.998,1
s2035,1.0,1
s2036,1.0,1
s2037,0.9540000000000001,1
s2038,1.0,1
s2039,0.985,1
s2040,0.985,1
s2041,1.0,1
s2042,0.9690000000000001,1
s2043,1.0,1
s2044,1.0,1
s2045,0.992,1
s2046,0.997,1
s2047,0.997,1
s2048,0.9940000000000001,1
s2049,0.73,1
s2050,1.0,1
s2051,1.0,1
s2052,0.998,1
s2053,0.998,1
s2054,1.0,1
s2055,1.0,1
s2056,1.0,1
s2057,0.9940000000000001,1
s2058,0.995,1
s2059,0.662,1
s2060,0.963,1
s2061,0.995,1
s2062,0.613,1
s2063,0.613,1
s2064,1.0,1
s2065,1.0,1
s2066,0.9940000000000001,1
s2067,0.613,1
s2068,0.613,1
s2069,1.0,1
s2070,0.728,1
s2071,0.7040000000000001,1
s2072,0.9940000000000001,1
s2073,1.0,1
s2074,1.0,1
s2075,1.0,1
s2076,1.0,1
s2077,0.998,1
s2078,0.9640000000000001,1
s2079,1.0,1
s2080,0.738,1
s2081,0.992,1
s2082,0.992,1
s2083,0.9940000000000001,1
s2084,0.977,1
s2085,1.0,1
s2086,1.0,1
s2087,0.997,1
s2088,0.981,1
s2089,1.0,1
s2090,0.997,1
s2091,0.997,1
s2092,0.997,1
s2093,0.997,1
s2094,0.997,1
s2095,0.975,1
s2096,1.0,1
s2097,1.0,1
s2098,1.0,1
s2099,0.981,1
s2100,0.981,1
s2101,0.9940000000000001,1
s2102,0.8029999999999999,1
s2103,0.705,1
s2104,1.0,1
s2105,0.86,1
s2106,0.99,1
s2107,0.74,1
s2108,1.0,1
s2109,1.0,1
s2110,1.0,1
s2111,1.0,1
s2112,0.9940000000000001,1
s2113,1.0,1
s2114,1.0,1
s2115,1.0,1
s2116,0.997,1
s2117,0.99,1
s2118,0.985,1
s2119,1.0,1
s2120,0.997,1
s2121,0.997,1
s2122,0.986,1
s2123,0.89,1
s2124,0.89,1
s2125,0.982,1
s2126,0.986,1
s2127,0.986,1
s2128,1.0,1
s2129,0.97,1
s2130,0.9940000000000001,1
s2131,1.0,1
s2132,0.99,1
s2133,1.0,1
s2134,1.0,1
s2135,0.99,1
s2136,1.0,1
s2137,0.992,1
s2138,1.0,1
s2139,1.0,1
s2140,0.784,1
s2141,0.995,1
s2142,0.857,1
s2143,0.757,1
s2144,1.0,1
s2145,1.0,1
s2146,1.0,1
s2147,0.997,1
s2148,0.997,1
s2149,0.997,1
s2150,0.997,1
s2151,1.0,1
s2152,0.705,1
s2153,0.748,1
s2154,1.0,1
s2155,1.0,1
s2156,0.992,1
s2157,1.0,1
s2158,0.99,1
s2159,0.966,1
s2160,1.0,1
s2161,0.985,1
s2162,1.0,1
s2163,0.8170000000000001,1
s2164,1.0,1
s2165,0.7290000000000001,1
s2166,0.68,1
s2167,1.0,1
s2168,1.0,1
s2169,1.0,1
s2170,0.983,1
s2171,1.0,1
s2172,0.998,1
s2173,1.0,1
s2174,1.0,1
s2175,0.9940000000000001,1
s2176,1.0,1
s2177,1.0,1
s2178,0.987,1
s2179,0.9940000000000001,1
s2180,0.987,1
s2181,0.987,1
s2182,0.987,1
s2183,0.682,1
s2184,0.585,1
s2185,0.987,1
s2186,1.0,1
s2187,1.0,1
s2188,0.975,1
s2189,1.0,1
s2190,1.0,1
s2191,0.997,1
s2192,1.0,1
s2193,0.992,1
s2194,0.879,1
s2195,1.0,1
s2196,0.975,1
s2197,0.977,1
s2198,0.9940000000000001,1
s2199,0.997,1
s2200,1.0,1
s2201,0.747,1
s2202,1.0,1
s2203,0.991,1
s2204,0.992,1
s2205,0.992,1
s2206,0.992,1
s2207,0.988,1
s2208,0.867,1
s2209,1.0,1
s2210,0.7659999999999999,1
s2211,1.0,1
s2212,0.935,1
s2213,1.0,1
s2214,0.976,1
s2215,0.893,1
s2216,1.0,1
s2217,0.846,1
s2218,1.0,1
s2219,0.772,1
s2220,0.997,1
s2221,1.0,1
s2222,0.9259999999999999,1
s2223,1.0,1
s2224,0.9640000000000001,1
s2225,0.966,1
s2226,0.909,1
s2227,0.966,1
s2228,1.0,1
s2229,0.992,1
s2230,0.924,1
s2231,1.0,1
s2232,1.0,1
s2233,1.0,1
s2234,0.998,1
s2235,0.721,1
s2236,0.9840000000000001,1
s2237,0.893,1
s2238,0.9840000000000001,1
s2239,0.977,1
s2240,0.588,1
s2241,0.972,1
s2242,0.992,1
s2243,0.995,1
s2244,1.0,1
s2245,0.986,1
s2246,0.995,1
s2247,0.993,1
s2248,0.696,1
s2249,0.609,1
s2250,1.0,1
s2251,0.547,1
s2252,1.0,1
s2253,1.0,1
s2254,0.9229999999999999,1
s2255,0.9329999999999999,1
s2256,1.0,1
s2257,1.0,1
s2258,0.992,1
s2259,1.0,1
s2260,0.938,1
s2261,0.992,1
s2262,0.997,1
s2263,1.0,1
s2264,0.997,1
s2265,0.977,1
s2266,1.0,1
s2267,0.99,1
s2268,0.9940000000000001,1
s2269,0.552,1
s2270,1.0,1
s2271,0.9840000000000001,1
s2272,0.9840000000000001,1
s2273,0.992,1
s2274,0.992,1
s2275,0.992,1
s2276,0.992,1
s2277,0.992,1
s2278,0.992,1
s2279,0.992,1
s2280,0.992,1
s2281,0.992,1
s2282,0.9640000000000001,1
s2283,0.7070000000000001,1
s2284,0.997,1
s2285,1.0,1
s2286,1.0,1
s2287,1.0,1
s2288,1.0,1
s2289,1.0,1
s2290,1.0,1
s2291,0.7809999999999999,1
s2292,0.6,1
s2293,1.0,1
s2294,1.0,1
s2295,1.0,1
s2296,0.992,1
s2297,0.992,1
s2298,0.992,1
s2299,0.9840000000000001,1
s2300,1.0,1
s2301,1.0,1
s2302,1.0,1
s2303,0.995,1
s2304,0.992,1
s2305,1.0,1
s2306,1.0,1
s2307,0.996,1
s2308,0.995,1
s2309,1.0,1
s2310,0.9590000000000001,1
s2311,0.985,1
s2312,1.0,1
s2313,0.983,1
s2314,0.898,1
s2315,0.846,1
s2316,0.8959999999999999,1
s2317,0.998,1
s2318,1.0,1
s2319,1.0,1
s2320,1.0,1
s2321,0.99,1
s2322,0.731,1
s2323,1.0,1
s2324,1.0,1
s2325,1.0,1
s2326,0.556,1
s2327,1.0,1
s2328,0.983,1
s2329,0.662,1
s2330,0.8740000000000001,1
s2331,1.0,1
s2332,0.98,1
s2333,0.54,1
s2334,1.0,1
s2335,1.0,1
s2336,1.0,1
s2337,0.998,1
s2338,0.977,1
s2339,0.988,1
s2340,0.8959999999999999,1
s2341,0.9059999999999999,1
s2342,1.0,1
s2343,0.998,1
s2344,0.998,1
s2345,0.7090000000000001,1
s2346,1.0,1
s2347,1.0,1
s2348,0.977,1
s2349,1.0,1
s2350,1.0,1
s2351,0.997,1
s2352,0.995,1
s2353,0.799,1
s2354,1.0,1
s2355,1.0,1
s2356,0.997,1
s2357,1.0,1
s2358,1.0,1
s2359,1.0,1
s2360,0.996,1
s2361,0.981,1
s2362,0.9440000000000001,1
s2363,1.0,1
s2364,1.0,1
s2365,0.789,1
s2366,1.0,1
s2367,0.871,1
s2368,0.8290000000000001,1
s2369,0.997,1
s2370,0.9940000000000001,1
s2371,1.0,1
s2372,0.7,1
s2373,0.69,1
s2374,0.96,1
s2375,0.998,1
s2376,0.998,1
s2377,1.0,1
s2378,0.992,1
s2379,0.992,1
s2380,0.992,1
s2381,0.997,1
s2382,0.856,1
s2383,0.75,1
s2384,0.818,1
s2385,1.0,1
s2386,0.9940000000000001,1
s2387,0.9940000000000001,1
s2388,0.8640000000000001,1
s2389,0.862,1
s2390,0.9990000000000001,1
s2391,1.0,1
s2392,0.997,1
s2393,0.991,1
s2394,0.9690000000000001,1
s2395,0.9790000000000001,1
s2396,0.9790000000000001,1
s2397,0.9790000000000001,1
s2398,0.9329999999999999,1
s2399,0.833,1
s2400,0.948,1
s2401,0.986,1
s2402,0.6659999999999999,1
s2403,0.9840000000000001,1
s2404,1.0,1
s2405,1.0,1
s2406,1.0,1
s2407,1.0,1
s2408,1.0,1
s2409,1.0,1
s2410,0.6679999999999999,1
s2411,0.9940000000000001,1
s2412,1.0,1
s2413,0.9940000000000001,1
s2414,0.5770000000000001,1
s2415,1.0,1
s2416,0.998,1
s2417,0.991,1
s2418,0.988,1
s2419,0.975,1
s2420,0.83,1
s2421,0.995,1
s2422,0.99,1
s2423,1.0,1
s2424,1.0,1
s2425,1.0,1
s2426,1.0,1
s2427,1.0,1
s2428,1.0,1
s2429,1.0,1
s2430,1.0,1
s2431,1.0,1
s2432,0.777,1
s2433,1.0,1
s2434,1.0,1
s2435,1.0,1
s2436,0.705,1
s2437,0.622,1
s2438,0.991,1
s2439,1.0,1
s2440,1.0,1
s2441,0.966,1
s2442,0.987,1
s2443,1.0,1
s2444,0.91,1
s2445,0.9940000000000001,1
s2446,1.0,1
s2447,1.0,1
s2448,0.787,1
s2449,0.7559999999999999,1
s2450,1.0,1
s2451,0.753,1
s2452,1.0,1
s2453,0.877,1
s2454,0.925,1
s2455,0.9940000000000001,1
s2456,0.993,1
s2457,0.7290000000000001,1
s2458,1.0,1
s2459,0.977,1
s2460,0.996,1
s2461,1.0,1
s2462,0.9570000000000001,1
s2463,0.958,1
s2464,0.953,1
s2465,0.961,1
s2466,0.995,1
s2467,0.767,1
s2468,0.613,1
s2469,0.934,1
s2470,1.0,1
s2471,1.0,1
s2472,1.0,1
s2473,0.977,1
s2474,0.9490000000000001,1
s2475,0.8240000000000001,1
s2476,0.98,1
s2477,0.996,1
s2478,1.0,1
s2479,0.992,1
s2480,0.996,1
s2481,1.0,1
s2482,1.0,1
s2483,0.998,1
s2484,1.0,1
s2485,0.982,1
s2486,0.998,1
s2487,0.998,1
s2488,0.995,1
s2489,0.9990000000000001,1
s2490,0.998,1
s2491,1.0,1
s2492,0.987,1
s2493,0.995,1
s2494,0.983,1
s2495,1.0,1
s2496,1.0,1
s2497,1.0,1
s2498,0.9890000000000001,1
s2499,1.0,1
s2500,1.0,1
s2501,1.0,1
s2502,1.0,1
s2503,0.998,1
s2504,0.998,1
s2505,1.0,1
s2506,1.0,1
s2507,1.0,1
s2508,0.867,1
s2509,1.0,1
s2510,1.0,1
s2511,0.75,1
s2512,0.621,1
s2513,0.93,1
s2514,1.0,1
s2515,1.0,1
s2516,0.992,1
s2517,0.995,1
s2518,0.701,1
s2519,0.995,1
s2520,0.982,1
s2521,0.642,1
s2522,0.631,1
s2523,1.0,1
s2524,1.0,1
s2525,1.0,1
s2526,0.782,1
s2527,0.691,1
s2528,0.7829999999999999,1
s2529,0.997,1
s2530,0.993,1
s2531,0.755,1
s2532,0.97,1
s2533,0.995,1
s2534,0.995,1
s2535,0.997,1
s2536,0.625,1
s2537,1.0,1
s2538,0.982,1
s2539,0.987,1
s2540,0.626,1
s2541,0.998,1
s2542,1.0,1
s2543,0.998,1
s2544,1.0,1
s2545,1.0,1
s2546,1.0,1
s2547,0.498,1
s2548,1.0,1
s2549,1.0,1
s2550,1.0,1
s2551,1.0,1
s2552,1.0,1
s2553,0.9940000000000001,1
s2554,0.912,1
s2555,0.968,1
s2556,0.993,1
s2557,1.0,1
s2558,0.992,1
s2559,1.0,1
s2560,1.0,1
s2561,1.0,1
s2562,1.0,1
s2563,0.998,1
s2564,0.998,1
s2565,1.0,1
s2566,0.9940000000000001,1
s2567,0.9740000000000001,1
s2568,0.81,1
s2569,1.0,1
s2570,1.0,1
s2571,1.0,1
s2572,0.998,1
s2573,0.998,1
s2574,0.998,1
s2575,1.0,1
s2576,0.997,1
s2577,0.696,1
s2578,0.68,1
s2579,0.9229999999999999,1
s2580,0.9209999999999999,1
s2581,1.0,1
s2582,0.985,1
s2583,1.0,1
s2584,0.998,1
s2585,0.997,1
s2586,0.997,1
s2587,0.997,1
s2588,0.997,1
s2589,0.983,1
s2590,1.0,1
s2591,0.9740000000000001,1
s2592,0.993,1
s2593,0.951,1
s2594,0.96,1
s2595,0.75,1
s2596,0.998,1
s2597,0.988,1
s2598,0.9640000000000001,1
s2599,1.0,1
s2600,0.7190000000000001,1
s2601,1.0,1
s2602,1.0,1
s2603,0.99,1
s2604,1.0,1
s2605,1.0,1
s2606,0.688,1
s2607,0.6,1
s2608,0.688,1
s2609,0.991,1
s2610,0.915,1
s2611,0.672,1
s2612,1.0,1
s2613,0.777,1
s2614,1.0,1
s2615,0.993,1
s2616,1.0,1
s2617,0.958,1
s2618,0.893,1
s2619,0.9940000000000001,1
s2620,1.0,1
s2621,0.997,1
s2622,0.997,1
s2623,1.0,1
s2624,0.997,1
s2625,0.9940000000000001,1
s2626,1.0,1
s2627,1.0,1
s2628,0.83,1
s2629,0.904,1
s2630,0.997,1
s2631,0.617,1
s2632,1.0,1
s2633,1.0,1
s2634,0.583,1
s2635,1.0,1
s2636,0.9890000000000001,1
s2637,1.0,1
s2638,0.997,1
s2639,0.997,1
s2640,0.884,1
s2641,1.0,1
s2642,0.925,1
s2643,0.995,1
s2644,1.0,1
s2645,1.0,1
s2646,1.0,1
s2647,1.0,1
s2648,0.802,1
s2649,0.97,1
s2650,0.965,1
s2651,0.965,1
s2652,0.992,1
s2653,1.0,1
s2654,1.0,1
s2655,1.0,1
s2656,0.845,1
s2657,1.0,1
s2658,0.804,1
s2659,0.965,1
s2660,0.965,1
s2661,0.626,1
s2662,0.995,1
s2663,0.616,1
s2664,0.6609999999999999,1
s2665,0.9990000000000001,1
s2666,0.995,1
s2667,0.995,1
s2668,0.995,1
s2669,1.0,1
s2670,0.897,1
s2671,1.0,1
s2672,0.892,1
s2673,0.9440000000000001,1
s2674,0.972,1
s2675,0.966,1
s2676,0.986,1
s2677,0.541,1
s2678,0.996,1
s2679,0.9890000000000001,1
s2680,0.996,1
s2681,0.997,1
s2682,1.0,1
s2683,0.976,1
s2684,0.9890000000000001,1
s2685,0.998,1
s2686,1.0,1
s2687,0.997,1
s2688,0.8859999999999999,1
s2689,0.965,1
s2690,0.938,1
s2691,1.0,1
s2692,0.9690000000000001,1
s2693,0.992,1
s2694,1.0,1
s2695,1.0,1
s2696,0.996,1
s2697,0.848,1
s2698,1.0,1
s2699,1.0,1
s2700,0.9890000000000001,1
s2701,1.0,1
s2702,0.991,1
s2703,0.998,1
s2704,0.995,1
s2705,1.0,1
s2706,1.0,1
s2707,0.996,1
s2708,1.0,1
s2709,0.971,1
s2710,1.0,1
s2711,0.996,1
s2712,1.0,1
s2713,0.997,1
s2714,0.9890000000000001,1
s2715,0.995,1
s2716,0.995,1
s2717,1.0,1
s2718,1.0,1
s2719,0.996,1
s2720,0.998,1
s2721,0.9740000000000001,1
s2722,0.902,1
s2723,0.968,1
s2724,0.96,1
s2725,0.985,1
s2726,0.991,1
s2727,0.981,1
s2728,1.0,1
s2729,0.9940000000000001,1
s2730,0.997,1
s2731,0.9890000000000001,1
s2732,0.987,1
s2733,0.9890000000000001,1
s2734,1.0,1
s2735,1.0,1
s2736,0.991,1
s2737,0.992,1
s2738,1.0,1
s2739,0.919,1
s2740,1.0,1
s2741,1.0,1
s2742,1.0,1
s2743,0.992,1
s2744,1.0,1
s2745,0.983,1
s2746,1.0,1
s2747,1.0,1
s2748,0.941,1
s2749,0.986,1
s2750,0.997,1
s2751,1.0,1
s2752,0.9490000000000001,1
s2753,0.9129999999999999,1
s2754,1.0,1
s2755,0.8240000000000001,1
s2756,0.9620000000000001,1
s2757,0.868,1
s2758,1.0,1
s2759,1.0,1
s2760,1.0,1
s2761,0.998,1
s2762,0.8740000000000001,1
s2763,0.89,1
s2764,0.89,1
s2765,1.0,1
s2766,0.7759999999999999,1
s2767,0.997,1
s2768,1.0,1
s2769,1.0,1
s2770,0.951,1
s2771,1.0,1
s2772,0.995,1
s2773,0.9840000000000001,1
s2774,0.992,1
s2775,0.982,1
s2776,1.0,1
s2777,0.9840000000000001,1
s2778,1.0,1
s2779,1.0,1
s2780,1.0,1
s2781,0.8240000000000001,1
s2782,0.9840000000000001,1
s2783,0.9840000000000001,1
s2784,0.992,1
s2785,1.0,1
s2786,1.0,1
s2787,0.862,1
s2788,0.9940000000000001,1
s2789,1.0,1
s2790,0.851,1
s2791,0.735,1
s2792,0.9390000000000001,1
s2793,1.0,1
s2794,1.0,1
s2795,0.726,1
s2796,0.61,1
s2797,1.0,1
s2798,0.9670000000000001,1
s2799,1.0,1
s2800,0.922,1
s2801,0.9520000000000001,1
s2802,0.608,1
s2803,0.597,1
s2804,0.606,1
s2805,1.0,1
s2806,0.606,1
s2807,0.996,1
s2808,0.716,1
s2809,0.997,1
s2810,0.998,1
s2811,1.0,1
s2812,0.996,1
s2813,0.996,1
s2814,0.9840000000000001,1
s2815,1.0,1
s2816,0.988,1
s2817,0.8590000000000001,1
s2818,1.0,1
s2819,0.9890000000000001,1
s2820,0.996,1
s2821,1.0,1
s2822,0.996,1
s2823,0.997,1
s2824,0.9990000000000001,1
s2825,1.0,1
s2826,0.753,1
s2827,1.0,1
s2828,1.0,1
s2829,1.0,1
s2830,1.0,1
s2831,1.0,1
s2832,1.0,1
s2833,1.0,1
s2834,1.0,1
s2835,0.997,1
s2836,0.997,1
s2837,0.997,1
s2838,0.996,1
s2839,0.996,1
s2840,0.996,1
s2841,1.0,1
s2842,0.996,1
s2843,1.0,1
s2844,0.99,1
s2845,0.981,1
s2846,1.0,1
s2847,0.961,1
s2848,0.662,1
s2849,0.575,1
s2850,0.997,1
s2851,1.0,1
s2852,1.0,1
s2853,1.0,1
s2854,0.9990000000000001,1
s2855,0.9990000000000001,1
s2856,0.6609999999999999,1
s2857,0.5660000000000001,1
s2858,0.63,1
s2859,0.584,1
s2860,0.9670000000000001,1
s2861,1.0,1
s2862,1.0,1
s2863,1.0,1
s2864,1.0,1
s2865,0.992,1
s2866,0.99,1
s2867,1.0,1
s2868,0.995,1
s2869,0.998,1
s2870,0.98,1
s2871,1.0,1
s2872,0.9159999999999999,1
s2873,0.98,1
s2874,1.0,1
s2875,1.0,1
s2876,0.966,1
s2877,0.6759999999999999,1
s2878,0.996,1
s2879,0.993,1
s2880,1.0,1
s2881,1.0,1
s2882,0.9940000000000001,1
s2883,1.0,1
s2884,0.731,1
s2885,0.996,1
s2886,0.996,1
s2887,0.996,1
s2888,0.996,1
s2889,0.9890000000000001,1
s2890,0.8220000000000001,1
s2891,0.996,1
s2892,0.996,1
s2893,0.992,1
s2894,0.996,1
s2895,0.996,1
s2896,0.996,1
s2897,0.843,1
s2898,0.987,1
s2899,0.982,1
s2900,0.992,1
s2901,0.9940000000000001,1
s2902,1.0,1
s2903,0.92,1
s2904,0.9840000000000001,1
s2905,1.0,1
s2906,1.0,1
s2907,1.0,1
s2908,0.996,1
s2909,1.0,1
s2910,0.992,1
s2911,0.6779999999999999,1
s2912,0.997,1
s2913,1.0,1
s2914,0.9890000000000001,1
s2915,1.0,1
s2916,0.997,1
s2917,1.0,1
s2918,1.0,1
s2919,1.0,1
s2920,1.0,1
s2921,1.0,1
s2922,0.888,1
s2923,0.8590000000000001,1
s2924,1.0,1
s2925,0.855,1
s2926,1.0,1
s2927,0.995,1
s2928,1.0,1
s2929,1.0,1
s2930,0.779,1
s2931,1.0,1
s2932,1.0,1
s2933,1.0,1
s2934,0.996,1
s2935,1.0,1
s2936,1.0,1
s2937,1.0,1
s2938,0.991,1
s2939,0.991,1
s2940,0.987,1
s2941,0.987,1
s2942,0.987,1
s2943,0.987,1
s2944,0.987,1
s2945,0.987,1
s2946,0.982,1
s2947,0.995,1
s2948,0.9890000000000001,1
s2949,1.0,1
s2950,0.9520000000000001,1
s2951,1.0,1
s2952,0.963,1
s2953,1.0,1
s2954,0.996,1
s2955,1.0,1
s2956,0.99,1
s2957,1.0,1
s2958,0.996,1
s2959,1.0,1
s2960,1.0,1
s2961,1.0,1
s2962,1.0,1
s2963,0.997,1
s2964,1.0,1
s2965,0.728,1
s2966,0.777,1
s2967,0.996,1
s2968,1.0,1
s2969,0.9940000000000001,1
s2970,0.998,1
s2971,0.98,1
s2972,1.0,1
s2973,0.884,1
s2974,1.0,1
s2975,1.0,1
s2976,0.996,1
s2977,0.987,1
s2978,1.0,1
s2979,0.9940000000000001,1
s2980,0.863,1
s2981,0.9890000000000001,1
s2982,0.993,1
s2983,0.993,1
s2984,1.0,1
s2985,0.998,1
s2986,0.9940000000000001,1
s2987,0.995,1
s2988,0.983,1
s2989,0.9520000000000001,1
s2990,0.968,1
s2991,0.963,1
s2992,0.768,1
s2993,1.0,1
s2994,1.0,1
s2995,1.0,1
s2996,1.0,1
s2997,0.995,1
s2998,0.995,1
s2999,0.998,1
s3000,0.998,1
s3001,0.9390000000000001,1
s3002,0.815,1
s3003,0.7829999999999999,1
s3004,1.0,1
s3005,1.0,1
s3006,0.995,1
s3007,0.809,1
s3008,0.7829999999999999,1
s3009,0.682,1
s3010,0.993,1
s3011,0.831,1
s3012,0.929,1
s3013,0.966,1
s3014,1.0,1
s3015,0.986,1
s3016,0.7859999999999999,1
s3017,0.993,1
s3018,0.996,1
s3019,1.0,1
s3020,1.0,1
s3021,1.0,1
s3022,1.0,1
s3023,1.0,1
s3024,0.997,1
s3025,0.9940000000000001,1
s3026,0.997,1
s3027,0.9940000000000001,1
s3028,0.9940000000000001,1
s3029,0.997,1
s3030,0.992,1
s3031,0.992,1
s3032,0.992,1
s3033,0.6759999999999999,1
s3034,0.9570000000000001,1
s3035,0.951,1
s3036,0.664,1
s3037,0.98,1
s3038,1.0,1
s3039,0.998,1
s3040,1.0,1
s3041,1.0,1
s3042,0.9940000000000001,1
s3043,0.9940000000000001,1
s3044,0.9940000000000001,1
s3045,0.987,1
s3046,0.998,1
s3047,1.0,1
s3048,0.983,1
s3049,0.983,1
s3050,0.9670000000000001,1
s3051,0.992,1
s3052,0.9840000000000001,1
s3053,0.992,1
s3054,0.951,1
s3055,0.938,1
s3056,1.0,1
s3057,0.912,1
s3058,1.0,1
s3059,1.0,1
s3060,1.0,1
s3061,0.9940000000000001,1
s3062,0.9940000000000001,1
s3063,0.987,1
s3064,0.997,1
s3065,0.9109999999999999,1
s3066,0.9940000000000001,1
s3067,0.997,1
s3068,0.578,1
s3069,0.996,1
s3070,1.0,1
s3071,0.925,1
s3072,1.0,1
s3073,1.0,1
s3074,0.782,1
s3075,0.997,1
s3076,0.997,1
s3077,0.997,1
s3078,0.938,1
s3079,0.932,1
s3080,0.902,1
s3081,0.843,1
s3082,0.867,1
s3083,0.679,1
s3084,1.0,1
s3085,1.0,1
s3086,1.0,1
s3087,0.72,1
s3088,1.0,1
s3089,0.99,1
s3090,1.0,1
s3091,1.0,1
s3092,1.0,1
s3093,0.765,1
s3094,0.985,1
s3095,0.987,1
s3096,0.6729999999999999,1
s3097,1.0,1
s3098,0.9670000000000001,1
s3099,0.996,1
s3100,0.987,1
s3101,1.0,1
s3102,0.9890000000000001,1
s3103,0.996,1
s3104,0.998,1
s3105,0.968,1
s3106,0.893,1
s3107,1.0,1
s3108,0.9940000000000001,1
s3109,0.997,1
s3110,0.997,1
s3111,0.853,1
s3112,0.991,1
s3113,0.995,1
s3114,0.998,1
s3115,0.998,1
s3116,0.7290000000000001,1
s3117,0.621,1
s3118,1.0,1
s3119,0.797,1
s3120,0.9940000000000001,1
s3121,1.0,1
s3122,0.991,1
s3123,0.995,1
s3124,1.0,1
s3125,0.9259999999999999,1
s3126,1.0,1
s3127,0.852,1
s3128,1.0,1
s3129,0.9940000000000001,1
s3130,0.997,1
s3131,0.997,1
s3132,0.997,1
s3133,0.997,1
s3134,0.997,1
s3135,0.997,1
s3136,0.9570000000000001,1
s3137,1.0,1
s3138,0.541,1
s3139,0.997,1
s3140,0.9940000000000001,1
s3141,0.9940000000000001,1
s3142,1.0,1
s3143,1.0,1
s3144,0.9940000000000001,1
s3145,0.9940000000000001,1
s3146,1.0,1
s3147,0.99,1
s3148,1.0,1
s3149,1.0,1
s3150,1.0,1
s3151,0.899,1
s3152,0.995,1
s3153,0.986,1
s3154,0.997,1
s3155,0.993,1
s3156,0.774,1
s3157,1.0,1
s3158,0.782,1
s3159,0.993,1
s3160,0.779,1
s3161,0.917,1
s3162,0.9940000000000001,1
s3163,0.971,1
s3164,0.9490000000000001,1
s3165,1.0,1
s3166,1.0,1
s3167,1.0,1
s3168,0.992,1
s3169,0.973,1
s3170,0.912,1
s3171,0.976,1
s3172,0.9670000000000001,1
s3173,1.0,1
s3174,1.0,1
s3175,0.996,1
s3176,0.992,1
s3177,1.0,1
s3178,0.996,1
s3179,0.983,1
s3180,0.9890000000000001,1
s3181,0.993,1
s3182,1.0,1
s3183,0.6920000000000001,1
s3184,0.991,1
s3185,1.0,1
s3186,1.0,1
s3187,0.991,1
s3188,0.975,1
s3189,0.982,1
s3190,0.9620000000000001,1
s3191,0.7020000000000001,1
s3192,0.597,1
s3193,1.0,1
s3194,0.998,1
s3195,1.0,1
s3196,0.987,1
s3197,0.987,1
s3198,0.912,1
s3199,0.912,1
s3200,0.997,1
s3201,0.997,1
s3202,1.0,1
s3203,0.997,1
s3204,0.882,1
s3205,0.97,1
s3206,1.0,1
s3207,1.0,1
s3208,0.7170000000000001,1
s3209,0.995,1
s3210,1.0,1
s3211,1.0,1
s3212,0.995,1
s3213,0.992,1
s3214,0.9890000000000001,1
s3215,0.99,1
s3216,1.0,1
s3217,0.7709999999999999,1
s3218,0.644,1
s3219,0.747,1
s3220,0.657,1
s3221,0.986,1
s3222,0.988,1
s3223,0.987,1
s3224,0.991,1
s3225,0.9690000000000001,1
s3226,0.981,1
s3227,0.81,1
s3228,0.971,1
s3229,1.0,1
s3230,0.6679999999999999,1
s3231,1.0,1
s3232,1.0,1
s3233,1.0,1
s3234,1.0,1
s3235,0.909,1
s3236,0.723,1
s3237,1.0,1
s3238,1.0,1
s3239,1.0,1
s3240,1.0,1
s3241,1.0,1
s3242,1.0,1
s3243,0.995,1
s3244,0.634,1
s3245,0.997,1
s3246,0.9940000000000001,1
s3247,0.996,1
s3248,0.7759999999999999,1
s3249,0.833,1
s3250,0.7709999999999999,1
s3251,1.0,1
s3252,0.929,1
s3253,0.993,1
s3254,0.993,1
s3255,0.993,1
s3256,1.0,1
s3257,0.986,1
s3258,0.983,1
s3259,1.0,1
s3260,0.943,1
s3261,1.0,1
s3262,0.987,1
s3263,1.0,1
s3264,1.0,1
s3265,0.9940000000000001,1
s3266,0.611,1
s3267,0.995,1
s3268,1.0,1
s3269,0.987,1
s3270,0.98,1
s3271,1.0,1
s3272,0.996,1
s3273,0.993,1
s3274,0.996,1
s3275,1.0,1
s3276,1.0,1
s3277,0.991,1
s3278,1.0,1
s3279,0.995,1
s3280,0.6779999999999999,1
s3281,0.998,1
s3282,0.998,1
s3283,0.9940000000000001,1
s3284,0.992,1
s3285,0.9690000000000001,1
s3286,1.0,1
s3287,0.998,1
s3288,0.998,1
s3289,0.978,1
s3290,0.996,1
s3291,0.995,1
s3292,0.991,1
s3293,0.9890000000000001,1
s3294,0.927,1
s3295,0.998,1
s3296,0.873,1
s3297,0.915,1
s3298,1.0,1
s3299,1.0,1
s3300,1.0,1
s3301,1.0,1
s3302,0.992,1
s3303,0.98,1
s3304,0.991,1
s3305,1.0,1
s3306,0.993,1
s3307,0.996,1
s3308,0.992,1
s3309,1.0,1
s3310,0.986,1
s3311,0.9690000000000001,1
s3312,0.996,1
s3313,0.8029999999999999,1
s3314,0.8029999999999999,1
s3315,0.9570000000000001,1
s3316,1.0,1
s3317,1.0,1
s3318,0.677,1
s3319,1.0,1
s3320,1.0,1
s3321,0.992,1
s3322,1.0,1
s3323,1.0,1
s3324,1.0,1
s3325,0.992,1
s3326,0.992,1
s3327,1.0,1
s3328,1.0,1
s3329,1.0,1
s3330,0.998,1
s3331,0.993,1
s3332,1.0,1
s3333,1.0,1
s3334,1.0,1
s3335,0.99,1
s3336,0.816,1
s3337,0.995,1
s3338,0.882,1
s3339,1.0,1
s3340,0.7,1
s3341,1.0,1
s3342,0.997,1
s3343,0.601,1
s3344,0.8190000000000001,1
s3345,1.0,1
s3346,0.826,1
s3347,0.622,1
s3348,0.8170000000000001,1
s3349,0.6629999999999999,1
s3350,0.607,1
s3351,0.59,1
s3352,1.0,1
s3353,0.995,1
s3354,0.986,1
s3355,0.649,1
s3356,1.0,1
s3357,1.0,1
s3358,0.992,1
s3359,1.0,1
s3360,0.9129999999999999,1
s3361,1.0,1
s3362,0.69,1
s3363,0.6759999999999999,1
s3364,0.997,1
s3365,0.993,1
s3366,0.993,1
s3367,1.0,1
s3368,1.0,1
s3369,0.877,1
s3370,1.0,1
s3371,0.986,1
s3372,0.9640000000000001,1
s3373,0.998,1
s3374,0.958,1
s3375,1.0,1
s3376,0.9940000000000001,1
s3377,0.9940000000000001,1
s3378,0.9940000000000001,1
s3379,0.9940000000000001,1
s3380,0.998,1
s3381,0.748,1
s3382,0.7559999999999999,1
s3383,1.0,1
s3384,0.976,1
s3385,0.986,1
s3386,1.0,1
s3387,0.998,1
s3388,0.996,1
s3389,1.0,1
s3390,0.978,1
s3391,0.998,1
s3392,0.992,1
s3393,0.996,1
s3394,1.0,1
s3395,1.0,1
s3396,0.996,1
s3397,1.0,1
s3398,0.995,1
s3399,0.9420000000000001,1
s3400,0.9470000000000001,1
s3401,1.0,1
s3402,1.0,1
s3403,0.9890000000000001,1
s3404,0.565,1
s3405,1.0,1
s3406,0.995,1
s3407,0.995,1
s3408,1.0,1
s3409,0.997,1
s3410,1.0,1
s3411,0.997,1
s3412,1.0,1
s3413,0.997,1
s3414,0.9940000000000001,1
s3415,0.648,1
s3416,1.0,1
s3417,0.741,1
s3418,0.5920000000000001,1
s3419,1.0,1
s3420,0.982,1
s3421,0.991,1
s3422,1.0,1
s3423,0.992,1
s3424,0.833,1
s3425,1.0,1
s3426,1.0,1
s3427,1.0,1
s3428,0.8859999999999999,1
s3429,1.0,1
s3430,1.0,1
s3431,0.995,1
s3432,0.797,1
s3433,0.79,1
s3434,0.648,1
s3435,0.79,1
s3436,0.831,1
s3437,0.8390000000000001,1
s3438,1.0,1
s3439,0.647,1
s3440,1.0,1
s3441,1.0,1
s3442,0.958,1
s3443,0.892,1
s3444,0.91,1
s3445,0.925,1
s3446,0.599,1
s3447,0.978,1
s3448,0.976,1
s3449,0.831,1
s3450,0.998,1
s3451,0.998,1
s3452,0.9890000000000001,1
s3453,0.8170000000000001,1
s3454,0.981,1
s3455,0.7909999999999999,1
s3456,0.639,1
s3457,0.992,1
s3458,0.98,1
s3459,0.985,1
s3460,0.9840000000000001,1
s3461,1.0,1
s3462,1.0,1
s3463,1.0,1
s3464,0.789,1
s3465,0.648,1
s3466,0.996,1
s3467,0.996,1
s3468,1.0,1
s3469,1.0,1
s3470,0.9990000000000001,1
s3471,0.653,1
s3472,0.795,1
s3473,0.9890000000000001,1
s3474,1.0,1
s3475,0.715,1
s3476,0.9940000000000001,1
s3477,0.9940000000000001,1
s3478,0.9890000000000001,1
s3479,0.9940000000000001,1
s3480,0.99,1
s3481,1.0,1
s3482,1.0,1
s3483,0.997,1
s3484,0.997,1
s3485,1.0,1
s3486,1.0,1
s3487,1.0,1
s3488,0.993,1
s3489,0.976,1
s3490,0.9740000000000001,1
s3491,0.9279999999999999,1
s3492,1.0,1
s3493,0.977,1
s3494,1.0,1
s3495,0.995,1
s3496,0.993,1
s3497,1.0,1
s3498,0.995,1
s3499,0.993,1
s3500,1.0,1
s3501,0.75,1
s3502,1.0,1
s3503,0.767,1
s3504,1.0,1
s3505,1.0,1
s3506,0.995,1
s3507,1.0,1
s3508,0.856,1
s3509,0.981,1
s3510,0.9209999999999999,1
s3511,0.9209999999999999,1
s3512,0.9209999999999999,1
s3513,1.0,1
s3514,0.993,1
s3515,0.775,1
s3516,1.0,1
s3517,0.985,1
s3518,1.0,1
s3519,1.0,1
s3520,0.9890000000000001,1
s3521,0.9890000000000001,1
s3522,1.0,1
s3523,0.9570000000000001,1
s3524,0.977,1
s3525,1.0,1
s3526,0.9990000000000001,1
s3527,1.0,1
s3528,0.99,1
s3529,0.961,1
s3530,0.941,1
s3531,1.0,1
s3532,1.0,1
s3533,0.973,1
s3534,1.0,1
s3535,0.992,1
s3536,0.997,1
s3537,0.905,1
s3538,1.0,1
s3539,1.0,1
s3540,1.0,1
s3541,1.0,1
s3542,0.995,1
s3543,0.9940000000000001,1
s3544,0.995,1
s3545,0.995,1
s3546,1.0,1
s3547,0.991,1
s3548,0.9570000000000001,1
s3549,1.0,1
s3550,1.0,1
s3551,0.91,1
s3552,0.88,1
s3553,1.0,1
s3554,1.0,1
s3555,0.946,1
s3556,0.963,1
s3557,1.0,1
s3558,0.7090000000000001,1
s3559,1.0,1
s3560,1.0,1
s3561,0.995,1
s3562,0.993,1
s3563,1.0,1
s3564,0.955,1
s3565,0.748,1
s3566,0.997,1
s3567,0.997,1
s3568,0.993,1
s3569,0.826,1
s3570,1.0,1
s3571,1.0,1
s3572,0.998,1
s3573,0.8240000000000001,1
s3574,0.996,1
s3575,1.0,1
s3576,0.727,1
s3577,0.991,1
s3578,0.996,1
s3579,1.0,1
s3580,1.0,1
s3581,1.0,1
s3582,0.996,1
s3583,0.627,1
s3584,0.871,1
s3585,1.0,1
s3586,0.915,1
s3587,0.912,1
s3588,1.0,1
s3589,0.995,1
s3590,0.987,1
s3591,0.981,1
s3592,1.0,1
s3593,0.6509999999999999,1
s3594,0.9940000000000001,1
s3595,0.983,1
s3596,0.8,1
s3597,1.0,1
s3598,0.992,1
s3599,1.0,1
s3600,0.748,1
s3601,0.9940000000000001,1
s3602,1.0,1
s3603,0.917,1
s3604,0.919,1
s3605,1.0,1
s3606,1.0,1
s3607,0.9390000000000001,1
s3608,0.995,1
s3609,0.995,1
s3610,1.0,1
s3611,1.0,1
s3612,0.924,1
s3613,1.0,1
s3614,0.775,1
s3615,0.892,1
s3616,1.0,1
s3617,1.0,1
s3618,0.982,1
s3619,0.9940000000000001,1
s3620,1.0,1
s3621,0.701,1
s3622,1.0,1
s3623,0.647,1
s3624,0.597,1
s3625,1.0,1
s3626,1.0,1
s3627,0.9079999999999999,1
s3628,0.544,1
s3629,1.0,1
s3630,1.0,1
s3631,0.8859999999999999,1
s3632,0.764,1
s3633,0.988,1
s3634,0.988,1
s3635,0.986,1
s3636,0.986,1
s3637,0.985,1
s3638,1.0,1
s3639,0.987,1
s3640,1.0,1
s3641,1.0,1
s3642,1.0,1
s3643,0.997,1
s3644,0.997,1
s3645,0.579,1
s3646,1.0,1
s3647,0.978,1
s3648,0.8859999999999999,1
s3649,1.0,1
s3650,1.0,1
s3651,0.9359999999999999,1
s3652,0.993,1
s3653,0.922,1
s3654,1.0,1
s3655,0.982,1
s3656,0.9209999999999999,1
s3657,0.983,1
s3658,0.992,1
s3659,0.9420000000000001,1
s3660,0.992,1
s3661,1.0,1
s3662,0.997,1
s3663,0.9940000000000001,1
s3664,1.0,1
s3665,1.0,1
s3666,0.648,1
s3667,0.68,1
s3668,0.983,1
s3669,0.9129999999999999,1
s3670,1.0,1
s3671,1.0,1
s3672,1.0,1
s3673,1.0,1
s3674,0.993,1
s3675,0.623,1
s3676,0.97,1
s3677,0.993,1
s3678,1.0,1
s3679,0.995,1
s3680,1.0,1
s3681,0.992,1
s3682,0.983,1
s3683,0.998,1
s3684,1.0,1
s3685,0.65,1
s3686,0.6890000000000001,1
s3687,0.685,1
s3688,0.779,1
s3689,0.7,1
s3690,0.635,1
s3691,1.0,1
s3692,1.0,1
s3693,0.987,1
s3694,0.9109999999999999,1
s3695,1.0,1
s3696,0.764,1
s3697,0.81,1
s3698,0.978,1
s3699,0.955,1
s3700,0.996,1
s3701,1.0,1
s3702,0.884,1
s3703,1.0,1
s3704,0.74,1
s3705,0.708,1
s3706,0.5,1
s3707,0.997,1
s3708,0.99,1
s3709,0.992,1
s3710,0.995,1
s3711,1.0,1
s3712,0.988,1
s3713,1.0,1
s3714,1.0,1
s3715,0.991,1
s3716,1.0,1
s3717,0.997,1
s3718,1.0,1
s3719,1.0,1
s3720,0.88,1
s3721,0.7509999999999999,1
s3722,0.88,1
s3723,0.7559999999999999,1
s3724,0.8859999999999999,1
s3725,0.76,1
s3726,0.769,1
s3727,0.753,1
s3728,1.0,1
s3729,0.963,1
s3730,0.81,1
s3731,1.0,1
s3732,1.0,1
s3733,0.527,1
s3734,0.981,1
s3735,0.9940000000000001,1
s3736,1.0,1
s3737,0.997,1
s3738,0.997,1
s3739,0.7290000000000001,1
s3740,0.65,1
s3741,0.7120000000000001,1
s3742,1.0,1
s3743,1.0,1
s3744,1.0,1
s3745,0.992,1
s3746,1.0,1
s3747,0.879,1
s3748,0.893,1
s3749,0.871,1
s3750,0.877,1
s3751,0.92,1
s3752,0.983,1
s3753,0.9620000000000001,1
s3754,0.8220000000000001,1
s3755,0.866,1
s3756,0.997,1
s3757,0.98,1
s3758,0.968,1
s3759,0.888,1
s3760,1.0,1
s3761,1.0,1
s3762,0.995,1
s3763,1.0,1
s3764,1.0,1
s3765,0.996,1
s3766,1.0,1
s3767,0.996,1
s3768,1.0,1
s3769,0.99,1
s3770,1.0,1
s3771,0.946,1
s3772,0.998,1
s3773,1.0,1
s3774,1.0,1
s3775,1.0,1
s3776,0.968,1
s3777,1.0,1
s3778,1.0,1
s3779,0.95,1
s3780,1.0,1
s3781,0.997,1
s3782,1.0,1
s3783,0.997,1
s3784,0.995,1
s3785,0.997,1
s3786,0.8390000000000001,1
s3787,0.988,1
s3788,1.0,1
s3789,0.99,1
s3790,0.992,1
s3791,1.0,1
s3792,0.996,1
s3793,1.0,1
s3794,0.998,1
s3795,0.992,1
s3796,1.0,1
s3797,1.0,1
s3798,1.0,1
s3799,1.0,1
s3800,0.988,1
s3801,0.988,1
s3802,0.988,1
s3803,0.998,1
s3804,1.0,1
s3805,0.988,1
s3806,0.972,1
s3807,0.988,1
s3808,0.988,1
s3809,0.997,1
s3810,1.0,1
s3811,0.997,1
s3812,0.997,1
s3813,1.0,1
s3814,1.0,1
s3815,0.993,1
s3816,1.0,1
s3817,1.0,1
s3818,0.996,1
s3819,1.0,1
s3820,0.988,1
s3821,1.0,1
s3822,1.0,1
s3823,1.0,1
s3824,0.9940000000000001,1
s3825,1.0,1
s3826,1.0,1
s3827,0.996,1
s3828,0.997,1
s3829,1.0,1
s3830,1.0,1
s3831,0.99,1
s3832,1.0,1
s3833,0.613,1
s3834,1.0,1
s3835,0.995,1
s3836,0.904,1
s3837,0.885,1
s3838,0.884,1
s3839,1.0,1
s3840,0.996,1
s3841,1.0,1
s3842,1.0,1
s3843,1.0,1
s3844,1.0,1
s3845,0.991,1
s3846,1.0,1
s3847,1.0,1
s3848,0.997,1
s3849,1.0,1
s3850,0.99,1
s3851,0.9620000000000001,1
s3852,0.9890000000000001,1
s3853,0.985,1
s3854,0.991,1
s3855,1.0,1
s3856,1.0,1
s3857,0.511,1
s3858,0.91,1
s3859,1.0,1
s3860,0.5710000000000001,1
s3861,0.85,1
s3862,0.995,1
s3863,1.0,1
s3864,0.997,1
s3865,0.976,1
s3866,0.9890000000000001,1
s3867,1.0,1
s3868,1.0,1
s3869,1.0,1
s3870,1.0,1
s3871,0.9940000000000001,1
s3872,1.0,1
s3873,0.991,1
s3874,1.0,1
s3875,1.0,1
s3876,0.532,1
s3877,0.6459999999999999,1
s3878,1.0,1
s3879,1.0,1
s3880,1.0,1
s3881,1.0,1
s3882,1.0,1
s3883,1.0,1
s3884,1.0,1
s3885,0.9940000000000001,1
s3886,0.8270000000000001,1
s3887,0.995,1
s3888,0.996,1
s3889,0.981,1
s3890,1.0,1
s3891,0.996,1
s3892,0.9990000000000001,1
s3893,0.997,1
s3894,0.997,1
s3895,0.973,1
s3896,1.0,1
s3897,1.0,1
s3898,0.993,1
s3899,0.998,1
s3900,0.86,1
s3901,0.9390000000000001,1
s3902,0.8390000000000001,1
s3903,0.851,1
s3904,0.846,1
s3905,0.997,1
s3906,1.0,1
s3907,1.0,1
s3908,0.9329999999999999,1
s3909,0.9940000000000001,1
s3910,1.0,1
s3911,0.988,1
s3912,1.0,1
s3913,0.996,1
s3914,0.83,1
s3915,0.826,1
s3916,0.826,1
s3917,0.7759999999999999,1
s3918,0.779,1
s3919,0.948,1
s3920,0.987,1
s3921,0.987,1
s3922,0.9690000000000001,1
s3923,0.982,1
s3924,0.9690000000000001,1
s3925,0.982,1
s3926,0.9590000000000001,1
s3927,0.972,1
s3928,0.8859999999999999,1
s3929,0.983,1
s3930,0.586,1
s3931,0.688,1
s3932,1.0,1
s3933,0.997,1
s3934,1.0,1
s3935,0.997,1
s3936,1.0,1
s3937,0.958,1
s3938,1.0,1
s3939,1.0,1
s3940,1.0,1
s3941,0.9670000000000001,1
s3942,0.972,1
s3943,0.97,1
s3944,0.982,1
s3945,1.0,1
s3946,0.903,1
s3947,1.0,1
s3948,1.0,1
s3949,0.5710000000000001,1
s3950,1.0,1
s3951,0.9940000000000001,1
s3952,0.9940000000000001,1
s3953,0.997,1
s3954,0.9,1
s3955,0.995,1
s3956,0.988,1
s3957,0.99,1
s3958,0.993,1
s3959,0.987,1
s3960,1.0,1
s3961,0.589,1
s3962,0.998,1
s3963,0.74,1
s3964,0.997,1
s3965,0.996,1
s3966,0.996,1
s3967,0.993,1
s3968,0.982,1
s3969,1.0,1
s3970,0.88,1
s3971,0.884,1
s3972,0.943,1
s3973,0.993,1
s3974,1.0,1
s3975,0.698,1
s3976,1.0,1
s3977,0.9840000000000001,1
s3978,1.0,1
s3979,0.997,1
s3980,0.985,1
s3981,0.9840000000000001,1
s3982,0.976,1
s3983,1.0,1
s3984,0.966,1
s3985,1.0,1
s3986,0.996,1
s3987,0.996,1
s3988,1.0,1
s3989,0.997,1
s3990,0.997,1
s3991,0.519,1
s3992,0.996,1
s3993,0.995,1
s3994,1.0,1
s3995,0.995,1
s3996,0.9890000000000001,1
s3997,0.988,1
s3998,0.9890000000000001,1
s3999,0.778,1
s4000,0.996,1
s4001,0.867,1
s4002,1.0,1
s4003,0.963,1
s4004,0.992,1
s4005,0.996,1
s4006,0.98,1
s4007,1.0,1
s4008,1.0,1
s4009,0.996,1
s4010,0.595,1
s4011,0.8170000000000001,1
s4012,0.665,1
s4013,0.993,1
s4014,0.998,1
s4015,0.997,1
s4016,0.7509999999999999,1
s4017,0.91,1
s4018,1.0,1
s4019,1.0,1
s4020,1.0,1
s4021,1.0,1
s4022,1.0,1
s4023,1.0,1
s4024,1.0,1
s4025,0.993,1
s4026,1.0,1
s4027,1.0,1
s4028,1.0,1
s4029,0.993,1
s4030,1.0,1
s4031,1.0,1
s4032,1.0,1
s4033,1.0,1
s4034,0.983,1
s4035,0.638,1
s4036,1.0,1
s4037,1.0,1
s4038,1.0,1
s4039,0.985,1
s4040,0.71,1
s4041,0.71,1
s4042,0.996,1
s4043,0.8059999999999999,1
s4044,0.998,1
s4045,0.991,1
s4046,0.9590000000000001,1
s4047,1.0,1
s4048,0.997,1
s4049,0.997,1
s4050,0.9890000000000001,1
s4051,1.0,1
s4052,1.0,1
s4053,0.696,1
s4054,0.6890000000000001,1
s4055,0.9940000000000001,1
s4056,1.0,1
s4057,1.0,1
s4058,1.0,1
s4059,1.0,1
s4060,1.0,1
s4061,1.0,1
s4062,1.0,1
s4063,0.997,1
s4064,1.0,1
s4065,1.0,1
s4066,0.997,1
s4067,0.9940000000000001,1
s4068,0.975,1
s4069,1.0,1
s4070,0.865,1
s4071,1.0,1
s4072,1.0,1
s4073,0.997,1
s4074,0.997,1
s4075,0.996,1
s4076,0.882,1
s4077,0.997,1
s4078,0.997,1
s4079,1.0,1
s4080,0.996,1
s4081,0.9520000000000001,1
s4082,1.0,1
s4083,0.992,1
s4084,1.0,1
s4085,0.996,1
s4086,1.0,1
s4087,1.0,1
s4088,1.0,1
s4089,0.818,1
s4090,1.0,1
s4091,0.996,1
s4092,0.996,1
s4093,1.0,1
s4094,0.997,1
s4095,1.0,1
s4096,1.0,1
s4097,1.0,1
s4098,0.995,1
s4099,1.0,1
s4100,1.0,1
s4101,1.0,1
s4102,0.995,1
s4103,0.996,1
s4104,0.992,1
s4105,0.955,1
s4106,0.966,1
s4107,0.7609999999999999,1
s4108,1.0,1
s4109,0.943,1
s4110,1.0,1
s4111,1.0,1
s4112,1.0,1
s4113,0.866,1
s4114,1.0,1
s4115,0.997,1
s4116,1.0,1
s4117,1.0,1
s4118,0.805,1
s4119,0.805,1
s4120,0.996,1
s4121,0.9740000000000001,1
s4122,1.0,1
s4123,0.996,1
s4124,1.0,1
s4125,0.988,1
s4126,0.897,1
s4127,1.0,1
s4128,1.0,1
s4129,1.0,1
s4130,1.0,1
s4131,0.747,1
s4132,0.997,1
s4133,0.8909999999999999,1
s4134,0.9390000000000001,1
s4135,0.995,1
s4136,1.0,1
s4137,1.0,1
s4138,0.993,1
s4139,0.6609999999999999,1
s4140,0.997,1
s4141,0.992,1
s4142,1.0,1
s4143,1.0,1
s4144,0.998,1
s4145,0.998,1
s4146,0.998,1
s4147,0.992,1
s4148,0.99,1
s4149,0.99,1
s4150,1.0,1
s4151,0.997,1
s4152,0.613,1
s4153,0.62,1
s4154,0.92,1
s4155,0.993,1
s4156,0.992,1
s4157,1.0,1
s4158,0.865,1
s4159,0.968,1
s4160,1.0,1
s4161,0.968,1
s4162,0.97,1
s4163,0.97,1
s4164,1.0,1
s4165,1.0,1
s4166,0.805,1
s4167,0.97,1
s4168,0.9209999999999999,1
s4169,1.0,1
s4170,1.0,1
s4171,0.9209999999999999,1
s4172,1.0,1
s4173,1.0,1
s4174,0.996,1
s4175,0.995,1
s4176,0.97,1
s4177,0.995,1
s4178,0.998,1
s4179,1.0,1
s4180,0.8190000000000001,1
s4181,0.972,1
s4182,0.975,1
s4183,1.0,1
s4184,0.809,1
s4185,0.997,1
s4186,0.975,1
s4187,1.0,1
s4188,1.0,1
s4189,0.9890000000000001,1
s4190,0.992,1
s4191,0.9690000000000001,1
s4192,0.98,1
s4193,1.0,1
s4194,0.988,1
s4195,0.997,1
s4196,0.996,1
s4197,1.0,1
s4198,0.97,1
s4199,1.0,1
s4200,0.991,1
s4201,0.996,1
s4202,0.998,1
s4203,0.9520000000000001,1
s4204,0.899,1
s4205,1.0,1
s4206,1.0,1
s4207,0.986,1
s4208,1.0,1
s4209,0.97,1
s4210,1.0,1
s4211,0.988,1
s4212,1.0,1
s4213,0.617,1
s4214,0.7440000000000001,1
s4215,0.9940000000000001,1
s4216,0.687,1
s4217,0.97,1
s4218,0.9990000000000001,1
s4219,0.9990000000000001,1
s4220,0.9990000000000001,1
s4221,0.9990000000000001,1
s4222,1.0,1
s4223,1.0,1
s4224,0.997,1
s4225,0.997,1
s4226,0.997,1
s4227,0.997,1
s4228,0.997,1
s4229,0.997,1
s4230,0.997,1
s4231,1.0,1
s4232,1.0,1
s4233,0.991,1
s4234,0.708,1
s4235,1.0,1
s4236,1.0,1
s4237,0.992,1
s4238,0.992,1
s4239,0.997,1
s4240,1.0,1
s4241,0.996,1
s4242,0.997,1
s4243,1.0,1
s4244,0.995,1
s4245,1.0,1
s4246,0.995,1
s4247,0.992,1
s4248,1.0,1
s4249,1.0,1
s4250,1.0,1
s4251,0.9940000000000001,1
s4252,0.895,1
s4253,0.9,1
s4254,0.993,1
s4255,0.998,1
s4256,1.0,1
s4257,1.0,1
s4258,0.698,1
s4259,0.645,1
s4260,0.8240000000000001,1
s4261,0.904,1
s4262,0.9640000000000001,1
s4263,0.75,1
s4264,0.998,1
s4265,0.995,1
s4266,1.0,1
s4267,0.998,1
s4268,0.997,1
s4269,0.995,1
s4270,0.995,1
s4271,1.0,1
s4272,1.0,1
s4273,0.997,1
s4274,0.992,1
s4275,1.0,1
s4276,0.991,1
s4277,0.997,1
s4278,0.778,1
s4279,0.991,1
s4280,0.995,1
s4281,1.0,1
s4282,1.0,1
s4283,1.0,1
s4284,0.998,1
s4285,0.9520000000000001,1
s4286,0.8859999999999999,1
s4287,0.737,1
s4288,0.993,1
s4289,1.0,1
s4290,0.995,1
s4291,0.9890000000000001,1
s4292,0.995,1
s4293,0.997,1
s4294,0.9940000000000001,1
s4295,1.0,1
s4296,0.99,1
s4297,0.986,1
s4298,0.9890000000000001,1
s4299,0.632,1
s4300,1.0,1
s4301,1.0,1
s4302,0.574,1
s4303,0.982,1
s4304,1.0,1
s4305,0.996,1
s4306,1.0,1
s4307,1.0,1
s4308,1.0,1
s4309,0.7979999999999999,1
s4310,0.998,1
s4311,0.9440000000000001,1
s4312,1.0,1
s4313,1.0,1
s4314,1.0,1
s4315,0.93,1
s4316,1.0,1
s4317,1.0,1
s4318,0.7020000000000001,1
s4319,0.987,1
s4320,0.9840000000000001,1
s4321,1.0,1
s4322,0.915,1
s4323,0.992,1
s4324,0.992,1
s4325,0.992,1
s4326,0.9390000000000001,1
s4327,0.9209999999999999,1
s4328,0.9329999999999999,1
s4329,0.963,1
s4330,0.97,1
s4331,0.997,1
s4332,0.997,1
s4333,0.995,1
s4334,1.0,1
s4335,0.997,1
s4336,1.0,1
s4337,0.56,1
s4338,0.996,1
s4339,1.0,1
s4340,1.0,1
s4341,0.997,1
s4342,1.0,1
s4343,1.0,1
s4344,0.7909999999999999,1
s4345,1.0,1
s4346,0.997,1
s4347,0.992,1
s4348,0.992,1
s4349,0.993,1
s4350,1.0,1
s4351,1.0,1
s4352,0.98,1
s4353,0.997,1
s4354,0.99,1
s4355,0.9640000000000001,1
s4356,1.0,1
s4357,1.0,1
s4358,0.993,1
s4359,0.997,1
s4360,1.0,1
s4361,1.0,1
s4362,0.7809999999999999,1
s4363,0.987,1
s4364,1.0,1
s4365,1.0,1
s4366,1.0,1
s4367,0.996,1
s4368,0.9179999999999999,1
s4369,0.898,1
s4370,0.664,1
s4371,0.996,1
s4372,1.0,1
s4373,0.747,1
s4374,0.995,1
s4375,0.995,1
s4376,0.998,1
s4377,0.992,1
s4378,0.992,1
s4379,0.992,1
s4380,0.995,1
s4381,0.9890000000000001,1
s4382,1.0,1
s4383,0.787,1
s4384,0.99,1
s4385,1.0,1
s4386,0.948,1
s4387,1.0,1
s4388,0.992,1
s4389,1.0,1
s4390,1.0,1
s4391,0.993,1
s4392,0.997,1
s4393,0.998,1
s4394,1.0,1
s4395,0.6709999999999999,1
s4396,0.6779999999999999,1
s4397,0.992,1
s4398,0.995,1
s4399,0.996,1
s4400,1.0,1
s4401,1.0,1
s4402,1.0,1
s4403,1.0,1
s4404,1.0,1
s4405,0.8029999999999999,1
s4406,1.0,1
s4407,1.0,1
s4408,0.996,1
s4409,1.0,1
s4410,1.0,1
s4411,0.7290000000000001,1
s4412,0.945,1
s4413,0.8079999999999999,1
s4414,1.0,1
s4415,1.0,1
s4416,1.0,1
s4417,1.0,1
s4418,1.0,1
s4419,1.0,1
s4420,1.0,1
s4421,1.0,1
s4422,0.804,1
s4423,0.879,1
s4424,1.0,1
s4425,0.9790000000000001,1
s4426,1.0,1
s4427,1.0,1
s4428,1.0,1
s4429,1.0,1
s4430,0.813,1
s4431,0.802,1
s4432,1.0,1
s4433,1.0,1
s4434,0.95,1
s4435,0.748,1
s4436,0.961,1
s4437,0.997,1
s4438,1.0,1
s4439,0.998,1
s4440,0.992,1
s4441,0.818,1
s4442,0.9890000000000001,1
s4443,0.9890000000000001,1
s4444,0.99,1
s4445,0.995,1
s4446,0.986,1
s4447,0.9690000000000001,1
s4448,0.6829999999999999,1
s4449,0.991,1
s4450,1.0,1
s4451,1.0,1
s4452,0.998,1
s4453,1.0,1
s4454,0.968,1
s4455,1.0,1
s4456,1.0,1
s4457,0.711,1
s4458,1.0,1
s4459,0.996,1
s4460,0.9940000000000001,1
s4461,1.0,1
s4462,1.0,1
s4463,0.993,1
s4464,0.807,1
s4465,0.998,1
s4466,0.97,1
s4467,1.0,1
s4468,1.0,1
s4469,1.0,1
s4470,0.997,1
s4471,1.0,1
s4472,0.992,1
s4473,0.992,1
s4474,0.992,1
s4475,1.0,1
s4476,1.0,1
s4477,1.0,1
s4478,0.7879999999999999,1
s4479,1.0,1
s4480,0.9079999999999999,1
s4481,0.998,1
s4482,0.7090000000000001,1
s4483,0.629,1
s4484,1.0,1
s4485,1.0,1
s4486,0.996,1
s4487,1.0,1
s4488,1.0,1
s4489,0.9890000000000001,1
s4490,1.0,1
s4491,0.9640000000000001,1
s4492,1.0,1
s4493,0.953,1
s4494,0.9790000000000001,1
s4495,0.997,1
s4496,0.9990000000000001,1
s4497,0.613,1
s4498,0.975,1
s4499,1.0,1
s4500,0.995,1
s4501,0.9420000000000001,1
s4502,0.746,1
s4503,0.993,1
s4504,0.605,1
s4505,0.8290000000000001,1
s4506,0.595,1
s4507,0.821,1
s4508,0.9470000000000001,1
s4509,0.993,1
s4510,0.971,1
s4511,0.983,1
s4512,0.98,1
s4513,1.0,1
s4514,0.9990000000000001,1
s4515,0.9990000000000001,1
s4516,0.9990000000000001,1
s4517,1.0,1
s4518,1.0,1
s4519,1.0,1
s4520,1.0,1
s4521,0.9229999999999999,1
s4522,1.0,1
s4523,0.9129999999999999,1
s4524,0.998,1
s4525,0.978,1
s4526,1.0,1
s4527,1.0,1
s4528,0.981,1
s4529,1.0,1
s4530,0.95,1
s4531,0.983,1
s4532,0.995,1
s4533,0.725,1
s4534,1.0,1
s4535,0.765,1
s4536,1.0,1
s4537,1.0,1
s4538,1.0,1
s4539,0.995,1
s4540,1.0,1
s4541,0.992,1
s4542,1.0,1
s4543,1.0,1
s4544,0.987,1
s4545,0.993,1
s4546,0.978,1
s4547,0.972,1
s4548,0.818,1
s4549,0.9990000000000001,1
s4550,1.0,1
s4551,1.0,1
s4552,1.0,1
s4553,1.0,1
s4554,0.847,1
s4555,0.7759999999999999,1
s4556,0.867,1
s4557,0.86,1
s4558,1.0,1
s4559,0.9059999999999999,1
s4560,0.9059999999999999,1
s4561,0.903,1
s4562,0.998,1
s4563,1.0,1
s4564,0.99,1
s4565,1.0,1
s4566,0.997,1
s4567,1.0,1
s4568,0.722,1
s4569,0.898,1
s4570,0.898,1
s4571,0.895,1
s4572,1.0,1
s4573,1.0,1
s4574,0.9109999999999999,1
s4575,1.0,1
s4576,1.0,1
s4577,1.0,1
s4578,1.0,1
s4579,1.0,1
s4580,0.986,1
s4581,1.0,1
s4582,0.885,1
s4583,1.0,1
s4584,1.0,1
s4585,0.992,1
s4586,0.995,1
s4587,0.995,1
s4588,0.995,1
s4589,0.99,1
s4590,0.998,1
s4591,0.831,1
s4592,0.888,1
s4593,0.831,1
s4594,0.996,1
s4595,0.741,1
s4596,0.996,1
s4597,0.996,1
s4598,0.9690000000000001,1
s4599,0.77,1
s4600,0.6829999999999999,1
s4601,0.996,1
s4602,0.997,1
s4603,1.0,1
s4604,0.883,1
s4605,0.997,1
s4606,0.992,1
s4607,1.0,1
s4608,0.998,1
s4609,0.995,1
s4610,0.982,1
s4611,0.76,1
s4612,0.987,1
s4613,0.995,1
s4614,1.0,1
s4615,1.0,1
s4616,0.6890000000000001,1
s4617,0.847,1
s4618,1.0,1
s4619,1.0,1
s4620,0.642,1
s4621,1.0,1
s4622,1.0,1
s4623,0.997,1
s4624,1.0,1
s4625,1.0,1
s4626,0.995,1
s4627,0.9159999999999999,1
s4628,0.664,1
s4629,0.9940000000000001,1
s4630,0.993,1
s4631,0.986,1
s4632,0.975,1
s4633,0.995,1
s4634,1.0,1
s4635,1.0,1
s4636,1.0,1
s4637,0.996,1
s4638,0.97,1
s4639,0.99,1
s4640,0.996,1
s4641,1.0,1
s4642,0.927,1
s4643,0.99,1
s4644,0.8809999999999999,1
s4645,1.0,1
s4646,1.0,1
s4647,0.998,1
s4648,0.9840000000000001,1
s4649,0.9790000000000001,1
s4650,0.992,1
s4651,0.996,1
s4652,1.0,1
s4653,0.991,1
s4654,0.727,1
s4655,0.89,1
s4656,0.89,1
s4657,0.996,1
s4658,0.996,1
s4659,1.0,1
s4660,1.0,1
s4661,1.0,1
s4662,0.86,1
s4663,0.7609999999999999,1
s4664,1.0,1
s4665,0.988,1
s4666,1.0,1
s4667,1.0,1
s4668,0.961,1
s4669,0.9690000000000001,1
s4670,0.9690000000000001,1
s4671,0.9690000000000001,1
s4672,1.0,1
s4673,0.77,1
s4674,0.927,1
s4675,0.765,1
s4676,1.0,1
s4677,1.0,1
s4678,1.0,1
s4679,1.0,1
s4680,0.97,1
s4681,0.9940000000000001,1
s4682,0.985,1
s4683,0.93,1
s4684,0.97,1
s4685,0.97,1
s4686,0.97,1
s4687,0.97,1
s4688,0.97,1
s4689,0.97,1
s4690,0.9690000000000001,1
s4691,0.9690000000000001,1
s4692,0.9690000000000001,1
s4693,0.97,1
s4694,1.0,1
s4695,1.0,1
s4696,0.865,1
s4697,0.97,1
s4698,0.9740000000000001,1
s4699,1.0,1
s4700,1.0,1
s4701,0.951,1
s4702,0.9690000000000001,1
s4703,0.888,1
s4704,0.892,1
s4705,0.9690000000000001,1
s4706,0.963,1
s4707,0.963,1
s4708,0.883,1
s4709,0.5660000000000001,1
s4710,0.5429999999999999,1
s4711,0.995,1
s4712,0.993,1
s4713,1.0,1
s4714,0.997,1
s4715,0.992,1
s4716,1.0,1
s4717,0.82,1
s4718,0.674,1
s4719,1.0,1
s4720,0.992,1
s4721,0.583,1
s4722,0.9990000000000001,1
s4723,1.0,1
s4724,0.991,1
s4725,0.787,1
s4726,0.996,1
s4727,0.9890000000000001,1
s4728,0.995,1
s4729,1.0,1
s4730,0.9209999999999999,1
s4731,1.0,1
s4732,0.8340000000000001,1
s4733,1.0,1
s4734,0.978,1
s4735,0.887,1
s4736,0.991,1
s4737,0.7170000000000001,1
s4738,0.9259999999999999,1
s4739,1.0,1
s4740,0.9440000000000001,1
s4741,1.0,1
s4742,1.0,1
s4743,1.0,1
s4744,0.995,1
s4745,0.725,1
s4746,0.976,1
s4747,0.992,1
s4748,0.997,1
s4749,0.987,1
s4750,0.99,1
s4751,0.996,1
s4752,1.0,1
s4753,0.9840000000000001,1
s4754,0.9990000000000001,1
s4755,0.5870000000000001,1
s4756,0.6559999999999999,1
s4757,0.878,1
s4758,0.726,1
s4759,0.992,1
s4760,1.0,1
s4761,1.0,1
s4762,0.993,1
s4763,0.997,1
s4764,1.0,1
s4765,0.938,1
s4766,1.0,1
s4767,1.0,1
s4768,0.997,1
s4769,0.997,1
s4770,0.633,1
s4771,0.997,1
s4772,0.997,1
s4773,1.0,1
s4774,1.0,1
s4775,1.0,1
s4776,0.657,1
s4777,0.6779999999999999,1
s4778,1.0,1
s4779,1.0,1
s4780,0.85,1
s4781,1.0,1
s4782,0.995,1
s4783,0.9520000000000001,1
s4784,0.997,1
s4785,0.812,1
s4786,0.9540000000000001,1
s4787,0.995,1
s4788,0.884,1
s4789,1.0,1
s4790,1.0,1
s4791,1.0,1
s4792,0.813,1
s4793,0.7829999999999999,1
s4794,0.703,1
s4795,1.0,1
s4796,0.6890000000000001,1
s4797,0.995,1
s4798,0.978,1
s4799,0.6829999999999999,1
s4800,1.0,1
s4801,0.871,1
s4802,0.98,1
s4803,0.9990000000000001,1
s4804,0.997,1
s4805,1.0,1
s4806,0.909,1
s4807,0.982,1
s4808,0.535,1
s4809,1.0,1
s4810,1.0,1
s4811,1.0,1
s4812,1.0,1
s4813,0.992,1
s4814,1.0,1
s4815,0.986,1
s4816,0.995,1
s4817,1.0,1
s4818,1.0,1
s4819,0.927,1
s4820,0.997,1
s4821,1.0,1
s4822,0.9590000000000001,1
s4823,1.0,1
s4824,1.0,1
s4825,1.0,1
s4826,0.915,1
s4827,1.0,1
s4828,1.0,1
s4829,0.995,1
s4830,0.995,1
s4831,0.995,1
s4832,0.996,1
s4833,0.995,1
s4834,0.87,1
s4835,0.857,1
s4836,0.9540000000000001,1
s4837,0.992,1
s4838,0.992,1
s4839,0.996,1
s4840,0.9840000000000001,1
s4841,0.7829999999999999,1
s4842,0.741,1
s4843,0.823,1
s4844,0.97,1
s4845,0.992,1
s4846,0.9079999999999999,1
s4847,0.948,1
s4848,0.885,1
s4849,1.0,1
s4850,1.0,1
s4851,0.991,1
s4852,0.99,1
s4853,0.968,1
s4854,1.0,1
s4855,0.9790000000000001,1
s4856,1.0,1
s4857,0.821,1
s4858,0.981,1
s4859,1.0,1
s4860,1.0,1
s4861,1.0,1
s4862,1.0,1
s4863,0.72,1
s4864,0.579,1
s4865,1.0,1
s4866,1.0,1
s4867,0.9940000000000001,1
s4868,1.0,1
s4869,0.871,1
s4870,1.0,1
s4871,0.659,1
s4872,0.77,1
s4873,1.0,1
s4874,1.0,1
s4875,1.0,1
s4876,0.877,1
s4877,0.875,1
s4878,0.917,1
s4879,0.988,1
s4880,0.986,1
s4881,1.0,1
s4882,0.991,1
s4883,0.997,1
s4884,1.0,1
s4885,1.0,1
s4886,0.7290000000000001,1
s4887,0.95,1
s4888,0.9940000000000001,1
s4889,0.997,1
s4890,0.993,1
s4891,0.988,1
s4892,0.992,1
s4893,1.0,1
s4894,0.997,1
s4895,0.997,1
s4896,0.9990000000000001,1
s4897,1.0,1
s4898,0.981,1
s4899,1.0,1
s4900,0.998,1
s4901,1.0,1
s4902,0.993,1
s4903,0.98,1
s4904,0.995,1
s4905,0.973,1
s4906,0.9690000000000001,1
s4907,1.0,1
s4908,0.998,1
s4909,1.0,1
s4910,1.0,1
s4911,0.997,1
s4912,0.995,1
s4913,1.0,1
s4914,0.997,1
s4915,0.998,1
s4916,1.0,1
s4917,1.0,1
s4918,1.0,1
s4919,1.0,1
s4920,1.0,1
s4921,0.996,1
s4922,0.981,1
s4923,1.0,1
s4924,0.893,1
s4925,1.0,1
s4926,0.995,1
s4927,0.764,1
s4928,1.0,1
s4929,1.0,1
s4930,1.0,1
s4931,1.0,1
s4932,0.995,1
s4933,0.575,1
s4934,1.0,1
s4935,1.0,1
s4936,0.956,1
s4937,0.99,1
s4938,0.748,1
s4939,1.0,1
s4940,0.8420000000000001,1
s4941,0.8809999999999999,1
s4942,0.85,1
s4943,0.919,1
s4944,0.825,1
s4945,0.9690000000000001,1
s4946,0.838,1
s4947,0.9440000000000001,1
s4948,0.927,1
s4949,0.925,1
s4950,0.84,1
s4951,0.927,1
s4952,0.841,1
s4953,0.996,1
s4954,1.0,1
s4955,0.863,1
s4956,0.863,1
s4957,0.828,1
s4958,1.0,1
s4959,0.997,1
s4960,0.982,1
s4961,0.998,1
s4962,1.0,1
s4963,1.0,1
s4964,1.0,1
s4965,0.995,1
s4966,1.0,1
s4967,0.995,1
s4968,0.997,1
s4969,1.0,1
s4970,0.613,1
s4971,0.688,1
s4972,0.7859999999999999,1
s4973,0.787,1
s4974,0.855,1
s4975,0.922,1
s4976,0.857,1
s4977,1.0,1
s4978,1.0,1
s4979,1.0,1
s4980,1.0,1
s4981,1.0,1
s4982,1.0,1
s4983,0.995,1
s4984,0.995,1
s4985,0.995,1
s4986,0.995,1
s4987,0.995,1
s4988,0.973,1
s4989,0.9940000000000001,1
s4990,1.0,1
s4991,0.894,1
s4992,1.0,1
s4993,1.0,1
s4994,1.0,1
s4995,0.986,1
s4996,0.9470000000000001,1
s4997,1.0,1
s4998,0.991,1
s4999,0.998,1
s5000,0.998,1
s5001,0.998,1
s5002,0.998,1
s5003,0.998,1
s5004,0.998,1
s5005,1.0,1
s5006,1.0,1
s5007,0.856,1
s5008,1.0,1
s5009,0.997,1
s5010,0.996,1
s5011,1.0,1
s5012,0.993,1
s5013,0.993,1
s5014,0.687,1
s5015,0.998,1
s5016,1.0,1
s5017,0.8420000000000001,1
s5018,0.88,1
s5019,0.993,1
s5020,1.0,1
s5021,0.997,1
s5022,1.0,1
s5023,1.0,1
s5024,1.0,1
s5025,0.997,1
s5026,0.995,1
s5027,1.0,1
s5028,1.0,1
s5029,0.682,1
s5030,0.9990000000000001,1
s5031,1.0,1
s5032,0.997,1
s5033,1.0,1
s5034,0.997,1
s5035,0.997,1
s5036,0.8220000000000001,1
s5037,0.8240000000000001,1
s5038,1.0,1
s5039,0.965,1
s5040,1.0,1
s5041,0.988,1
s5042,0.757,1
s5043,0.813,1
s5044,1.0,1
s5045,1.0,1
s5046,0.856,1
s5047,1.0,1
s5048,0.706,1
s5049,0.706,1
s5050,1.0,1
s5051,0.95,1
s5052,0.7120000000000001,1
s5053,0.993,1
s5054,0.993,1
s5055,1.0,1
s5056,1.0,1
s5057,0.997,1
s5058,1.0,1
s5059,1.0,1
s5060,1.0,1
s5061,1.0,1
s5062,1.0,1
s5063,0.894,1
s5064,0.48700000000000004,1
s5065,0.54,1
s5066,1.0,1
s5067,1.0,1
s5068,1.0,1
s5069,0.9940000000000001,1
s5070,0.988,1
s5071,0.996,1
s5072,0.997,1
s5073,0.996,1
s5074,0.993,1
s5075,0.972,1
s5076,0.986,1
s5077,0.993,1
s5078,1.0,1
s5079,1.0,1
s5080,1.0,1
s5081,1.0,1
s5082,0.953,1
s5083,1.0,1
s5084,0.7070000000000001,1
s5085,0.579,1
s5086,0.894,1
s5087,0.838,1
s5088,1.0,1
s5089,1.0,1
s5090,1.0,1
s5091,1.0,1
s5092,1.0,1
s5093,1.0,1
s5094,0.9520000000000001,1
s5095,0.996,1
s5096,0.836,1
s5097,1.0,1
s5098,1.0,1
s5099,1.0,1
s5100,1.0,1
s5101,0.995,1
s5102,1.0,1
s5103,1.0,1
s5104,1.0,1
s5105,0.996,1
s5106,1.0,1
s5107,0.955,1
s5108,0.701,1
s5109,0.595,1
s5110,0.718,1
s5111,1.0,1
s5112,1.0,1
s5113,0.6509999999999999,1
s5114,1.0,1
s5115,1.0,1
s5116,1.0,1
s5117,0.997,1
s5118,1.0,1
s5119,0.9990000000000001,1
s5120,1.0,1
s5121,1.0,1
s5122,0.674,1
s5123,0.7090000000000001,1
s5124,1.0,1
s5125,0.993,1
s5126,0.993,1
s5127,1.0,1
s5128,1.0,1
s5129,1.0,1
s5130,1.0,1
s5131,0.997,1
s5132,1.0,1
s5133,1.0,1
s5134,1.0,1
s5135,0.81,1
s5136,0.971,1
s5137,1.0,1
s5138,1.0,1
s5139,0.9940000000000001,1
s5140,0.995,1
s5141,0.998,1
s5142,0.909,1
s5143,1.0,1
s5144,1.0,1
s5145,1.0,1
s5146,0.992,1
s5147,0.96,1
s5148,1.0,1
s5149,0.987,1
s5150,0.98,1
s5151,0.997,1
s5152,1.0,1
s5153,1.0,1
s5154,1.0,1
s5155,0.995,1
s5156,0.995,1
s5157,0.995,1
s5158,0.991,1
s5159,1.0,1
s5160,0.976,1
s5161,0.9840000000000001,1
s5162,1.0,1
s5163,0.745,1
s5164,0.996,1
s5165,1.0,1
s5166,0.9059999999999999,1
s5167,1.0,1
s5168,0.996,1
s5169,0.6679999999999999,1
s5170,0.693,1
s5171,1.0,1
s5172,1.0,1
s5173,0.992,1
s5174,0.882,1
s5175,1.0,1
s5176,1.0,1
s5177,1.0,1
s5178,1.0,1
s5179,0.998,1
s5180,0.9620000000000001,1
s5181,0.9109999999999999,1
s5182,1.0,1
s5183,1.0,1
s5184,1.0,1
s5185,0.997,1
s5186,1.0,1
s5187,0.983,1
s5188,1.0,1
s5189,0.9420000000000001,1
s5190,0.988,1
s5191,0.752,1
s5192,0.978,1
s5193,0.733,1
s5194,0.733,1
s5195,0.951,1
s5196,0.9570000000000001,1
s5197,1.0,1
s5198,0.611,1
s5199,1.0,1
s5200,0.973,1
s5201,1.0,1
s5202,0.863,1
s5203,0.988,1
s5204,0.562,1
s5205,0.927,1
s5206,0.785,1
s5207,1.0,1
s5208,1.0,1
s5209,1.0,1
s5210,1.0,1
s5211,1.0,1
s5212,0.987,1
s5213,0.988,1
s5214,1.0,1
s5215,1.0,1
s5216,0.825,1
s5217,1.0,1
s5218,1.0,1
s5219,1.0,1
s5220,1.0,1
s5221,0.9940000000000001,1
s5222,0.997,1
s5223,0.858,1
s5224,0.992,1
s5225,0.996,1
s5226,0.988,1
s5227,0.996,1
s5228,0.976,1
s5229,1.0,1
s5230,1.0,1
s5231,0.995,1
s5232,1.0,1
s5233,0.995,1
s5234,0.9890000000000001,1
s5235,0.995,1
s5236,1.0,1
s5237,0.977,1
s5238,0.98,1
s5239,1.0,1
s5240,1.0,1
s5241,0.998,1
s5242,0.996,1
s5243,0.987,1
s5244,0.998,1
s5245,0.904,1
s5246,0.996,1
s5247,0.998,1
s5248,0.998,1
s5249,0.998,1
s5250,1.0,1
s5251,0.99,1
s5252,0.9940000000000001,1
s5253,0.809,1
s5254,1.0,1
s5255,1.0,1
s5256,1.0,1
s5257,1.0,1
s5258,1.0,1
s5259,0.986,1
s5260,0.983,1
s5261,1.0,1
s5262,0.6859999999999999,1
s5263,0.7,1
s5264,0.5529999999999999,1
s5265,0.6859999999999999,1
s5266,1.0,1
s5267,0.996,1
s5268,0.997,1
s5269,0.997,1
s5270,1.0,1
s5271,0.912,1
s5272,1.0,1
s5273,0.927,1
s5274,0.9209999999999999,1
s5275,0.997,1
s5276,0.99,1
s5277,0.99,1
s5278,0.636,1
s5279,0.992,1
s5280,0.993,1
s5281,1.0,1
s5282,0.677,1
s5283,0.6809999999999999,1
s5284,0.993,1
s5285,0.998,1
s5286,1.0,1
s5287,1.0,1
s5288,0.857,1
s5289,1.0,1
s5290,1.0,1
s5291,0.81,1
s5292,1.0,1
s5293,1.0,1
s5294,0.992,1
s5295,0.882,1
s5296,1.0,1
s5297,0.6,1
s5298,0.997,1
s5299,1.0,1
s5300,0.995,1
s5301,1.0,1
s5302,1.0,1
s5303,0.997,1
s5304,0.998,1
s5305,0.604,1
s5306,0.6859999999999999,1
s5307,1.0,1
s5308,1.0,1
s5309,1.0,1
s5310,1.0,1
s5311,0.993,1
s5312,1.0,1
s5313,0.971,1
s5314,0.998,1
s5315,1.0,1
s5316,1.0,1
s5317,0.9840000000000001,1
s5318,1.0,1
s5319,1.0,1
s5320,0.703,1
s5321,0.718,1
s5322,1.0,1
s5323,0.99,1
s5324,0.966,1
s5325,1.0,1
s5326,1.0,1
s5327,0.97,1
s5328,0.98,1
s5329,0.966,1
s5330,1.0,1
s5331,1.0,1
s5332,1.0,1
s5333,0.998,1
s5334,1.0,1
s5335,0.91,1
s5336,0.91,1
s5337,1.0,1
s5338,0.991,1
s5339,0.972,1
s5340,0.995,1
s5341,0.897,1
s5342,1.0,1
s5343,0.9390000000000001,1
s5344,0.9570000000000001,1
s5345,1.0,1
s5346,1.0,1
s5347,1.0,1
s5348,1.0,1
s5349,1.0,1
s5350,0.996,1
s5351,1.0,1
s5352,1.0,1
s5353,1.0,1
s5354,1.0,1
s5355,1.0,1
s5356,0.997,1
s5357,0.945,1
s5358,0.9840000000000001,1
s5359,0.995,1
s5360,0.997,1
s5361,1.0,1
s5362,1.0,1
s5363,1.0,1
s5364,0.992,1
s5365,1.0,1
s5366,0.997,1
s5367,0.997,1
s5368,0.997,1
s5369,1.0,1
s5370,1.0,1
s5371,0.62,1
s5372,0.7390000000000001,1
s5373,0.862,1
s5374,1.0,1
s5375,1.0,1
s5376,1.0,1
s5377,1.0,1
s5378,1.0,1
s5379,0.9279999999999999,1
s5380,0.905,1
s5381,0.987,1
s5382,0.95,1
s5383,0.997,1
s5384,0.9940000000000001,1
s5385,0.995,1
s5386,0.986,1
s5387,1.0,1
s5388,0.997,1
s5389,1.0,1
s5390,0.816,1
s5391,1.0,1
s5392,0.996,1
s5393,1.0,1
s5394,1.0,1
s5395,0.96,1
s5396,0.996,1
s5397,1.0,1
s5398,0.727,1
s5399,0.985,1
s5400,0.805,1
s5401,0.93,1
s5402,0.915,1
s5403,1.0,1
s5404,0.993,1
s5405,0.905,1
s5406,0.996,1
s5407,0.996,1
s5408,0.784,1
s5409,0.965,1
s5410,0.948,1
s5411,0.993,1
s5412,0.897,1
s5413,0.995,1
s5414,0.938,1
s5415,0.995,1
s5416,1.0,1
s5417,1.0,1
s5418,0.802,1
s5419,0.9420000000000001,1
s5420,0.99,1
s5421,1.0,1
s5422,0.784,1
s5423,0.7140000000000001,1
s5424,0.7140000000000001,1
s5425,0.894,1
s5426,1.0,1
s5427,1.0,1
s5428,0.965,1
s5429,1.0,1
s5430,1.0,1
s5431,1.0,1
s5432,1.0,1
s5433,0.9990000000000001,1
s5434,0.8140000000000001,1
s5435,1.0,1
s5436,1.0,1
s5437,0.701,1
s5438,0.968,1
s5439,0.9520000000000001,1
s5440,0.9520000000000001,1
s5441,0.9520000000000001,1
s5442,0.9520000000000001,1
s5443,0.992,1
s5444,0.9940000000000001,1
s5445,0.6970000000000001,1
s5446,1.0,1
s5447,0.9520000000000001,1
s5448,0.987,1
s5449,0.9890000000000001,1
s5450,0.982,1
s5451,0.98,1
s5452,0.982,1
s5453,0.9840000000000001,1
s5454,0.993,1
s5455,1.0,1
s5456,0.95,1
s5457,0.98,1
s5458,0.809,1
s5459,0.988,1
s5460,0.725,1
s5461,0.995,1
s5462,0.993,1
s5463,0.993,1
s5464,0.998,1
s5465,1.0,1
s5466,1.0,1
s5467,1.0,1
s5468,0.996,1
s5469,1.0,1
s5470,0.917,1
s5471,0.998,1
s5472,0.767,1
s5473,0.607,1
s5474,0.981,1
s5475,1.0,1
s5476,0.997,1
s5477,0.997,1
s5478,0.997,1
s5479,0.929,1
s5480,0.917,1
s5481,1.0,1
s5482,0.9329999999999999,1
s5483,1.0,1
s5484,0.835,1
s5485,0.802,1
s5486,1.0,1
s5487,0.934,1
s5488,1.0,1
s5489,0.7140000000000001,1
s5490,1.0,1
s5491,0.998,1
s5492,1.0,1
s5493,1.0,1
s5494,0.998,1
s5495,0.9670000000000001,1
s5496,1.0,1
s5497,1.0,1
s5498,0.993,1
s5499,0.61,1
s5500,0.5379999999999999,1
s5501,0.6990000000000001,1
s5502,0.991,1
s5503,0.993,1
s5504,0.998,1
s5505,1.0,1
s5506,0.993,1
s5507,0.716,1
s5508,1.0,1
s5509,1.0,1
s5510,0.991,1
s5511,0.981,1
s5512,1.0,1
s5513,1.0,1
s5514,0.996,1
s5515,0.662,1
s5516,0.998,1
s5517,0.996,1
s5518,1.0,1
s5519,1.0,1
s5520,1.0,1
s5521,0.998,1
s5522,1.0,1
s5523,1.0,1
s5524,0.993,1
s5525,1.0,1
s5526,0.838,1
s5527,0.892,1
s5528,0.922,1
s5529,0.852,1
s5530,0.9279999999999999,1
s5531,0.8390000000000001,1
s5532,0.929,1
s5533,1.0,1
s5534,1.0,1
s5535,1.0,1
s5536,1.0,1
s5537,0.991,1
s5538,0.75,1
s5539,0.996,1
s5540,1.0,1
s5541,0.7559999999999999,1
s5542,1.0,1
s5543,0.812,1
s5544,1.0,1
s5545,0.9540000000000001,1
s5546,0.736,1
s5547,0.993,1
s5548,0.7170000000000001,1
s5549,0.9540000000000001,1
s5550,0.9990000000000001,1
s5551,1.0,1
s5552,0.863,1
s5553,0.991,1
s5554,1.0,1
s5555,1.0,1
s5556,1.0,1
s5557,0.99,1
s5558,1.0,1
s5559,0.767,1
s5560,1.0,1
s5561,0.983,1
s5562,0.981,1
s5563,1.0,1
s5564,0.945,1
s5565,0.813,1
s5566,0.9620000000000001,1
s5567,0.995,1
s5568,0.991,1
s5569,1.0,1
s5570,1.0,1
s5571,0.981,1
s5572,0.981,1
s5573,0.991,1
s5574,0.981,1
s5575,0.997,1
s5576,0.927,1
s5577,0.888,1
s5578,1.0,1
s5579,0.972,1
s5580,1.0,1
s5581,0.986,1
s5582,1.0,1
s5583,0.982,1
s5584,0.997,1
s5585,0.998,1
s5586,1.0,1
s5587,1.0,1
s5588,1.0,1
s5589,0.978,1
s5590,1.0,1
s5591,0.912,1
s5592,0.8320000000000001,1
s5593,0.997,1
s5594,0.537,1
s5595,0.966,1
s5596,1.0,1
s5597,0.951,1
s5598,0.995,1
s5599,0.752,1
s5600,0.993,1
s5601,1.0,1
s5602,1.0,1
s5603,1.0,1
s5604,0.563,1
s5605,0.977,1
s5606,1.0,1
s5607,0.996,1
s5608,1.0,1
s5609,1.0,1
s5610,1.0,1
s5611,0.995,1
s5612,0.9990000000000001,1
s5613,1.0,1
s5614,0.6809999999999999,1
s5615,0.904,1
s5616,0.684,1
s5617,0.772,1
s5618,0.9840000000000001,1
s5619,1.0,1
s5620,1.0,1
s5621,1.0,1
s5622,0.684,1
s5623,1.0,1
s5624,1.0,1
s5625,0.973,1
s5626,0.66,1
s5627,1.0,1
s5628,1.0,1
s5629,0.867,1
s5630,1.0,1
s5631,0.993,1
s5632,0.795,1
s5633,0.857,1
s5634,1.0,1
s5635,1.0,1
s5636,1.0,1
s5637,0.54,1
s5638,0.652,1
s5639,0.633,1
s5640,1.0,1
s5641,0.725,1
s5642,0.6970000000000001,1
s5643,0.9470000000000001,1
s5644,0.679,1
s5645,0.635,1
s5646,0.8029999999999999,1
s5647,1.0,1
s5648,0.998,1
s5649,1.0,1
s5650,0.992,1
s5651,0.995,1
s5652,1.0,1
s5653,0.9840000000000001,1
s5654,0.99,1
s5655,0.99,1
s5656,0.99,1
s5657,0.99,1
s5658,0.987,1
s5659,1.0,1
s5660,1.0,1
s5661,1.0,1
s5662,0.782,1
s5663,0.78,1
s5664,1.0,1
s5665,0.9490000000000001,1
s5666,0.64,1
s5667,0.636,1
s5668,0.636,1
s5669,0.636,1
s5670,1.0,1
s5671,1.0,1
s5672,1.0,1
s5673,0.99,1
s5674,1.0,1
s5675,1.0,1
s5676,0.9890000000000001,1
s5677,1.0,1
s5678,0.995,1
s5679,0.981,1
s5680,0.9640000000000001,1
s5681,0.98,1
s5682,0.835,1
s5683,1.0,1
s5684,0.996,1
s5685,0.951,1
s5686,1.0,1
s5687,0.996,1
s5688,0.996,1
s5689,0.996,1
s5690,0.98,1
s5691,1.0,1
s5692,1.0,1
s5693,0.995,1
s5694,0.995,1
s5695,0.997,1
s5696,0.9940000000000001,1
s5697,0.975,1
s5698,0.898,1
s5699,1.0,1
s5700,1.0,1
s5701,0.956,1
s5702,0.9359999999999999,1
s5703,1.0,1
s5704,0.998,1
s5705,0.998,1
s5706,0.992,1
s5707,0.9840000000000001,1
s5708,0.992,1
s5709,0.992,1
s5710,0.992,1
s5711,0.992,1
s5712,0.625,1
s5713,0.997,1
s5714,0.997,1
s5715,0.997,1
s5716,1.0,1
s5717,0.996,1
s5718,0.996,1
s5719,1.0,1
s5720,1.0,1
s5721,1.0,1
s5722,1.0,1
s5723,0.99,1
s5724,0.988,1
s5725,1.0,1
s5726,0.9890000000000001,1
s5727,0.968,1
s5728,1.0,1
s5729,0.9059999999999999,1
s5730,1.0,1
s5731,0.586,1
s5732,0.988,1
s5733,0.986,1
s5734,0.978,1
s5735,0.8859999999999999,1
s5736,0.888,1
s5737,0.8440000000000001,1
s5738,0.953,1
s5739,1.0,1
s5740,0.857,1
s5741,0.9790000000000001,1
s5742,1.0,1
s5743,0.7909999999999999,1
s5744,0.617,1
s5745,1.0,1
s5746,0.878,1
s5747,1.0,1
s5748,0.995,1
s5749,1.0,1
s5750,0.998,1
s5751,0.77,1
s5752,0.8859999999999999,1
s5753,1.0,1
s5754,0.997,1
s5755,1.0,1
s5756,1.0,1
s5757,0.995,1
s5758,1.0,1
s5759,0.9840000000000001,1
s5760,0.9840000000000001,1
s5761,0.976,1
s5762,1.0,1
s5763,0.645,1
s5764,1.0,1
s5765,1.0,1
s5766,0.997,1
s5767,0.9940000000000001,1
s5768,0.992,1
s5769,1.0,1
s5770,1.0,1
s5771,1.0,1
s5772,1.0,1
s5773,1.0,1
s5774,0.987,1
s5775,0.932,1
s5776,0.932,1
s5777,1.0,1
s5778,1.0,1
s5779,0.797,1
s5780,0.993,1
s5781,0.9940000000000001,1
s5782,0.982,1
s5783,1.0,1
s5784,1.0,1
s5785,0.986,1
s5786,0.9840000000000001,1
s5787,1.0,1
s5788,0.98,1
s5789,0.996,1
s5790,0.998,1
s5791,1.0,1
s5792,0.995,1
s5793,0.94,1
s5794,1.0,1
s5795,1.0,1
s5796,0.83,1
s5797,0.826,1
s5798,0.826,1
s5799,1.0,1
s5800,1.0,1
s5801,0.993,1
s5802,1.0,1
s5803,0.995,1
s5804,1.0,1
s5805,0.998,1
s5806,0.907,1
s5807,0.992,1
s5808,1.0,1
s5809,1.0,1
s5810,1.0,1
s5811,0.997,1
s5812,1.0,1
s5813,0.897,1
s5814,1.0,1
s5815,0.9940000000000001,1
s5816,0.9590000000000001,1
s5817,0.9229999999999999,1
s5818,0.973,1
s5819,0.8909999999999999,1
s5820,0.986,1
s5821,0.893,1
s5822,0.992,1
s5823,0.996,1
s5824,0.9840000000000001,1
s5825,0.996,1
s5826,0.9890000000000001,1
s5827,0.991,1
s5828,1.0,1
s5829,1.0,1
s5830,0.995,1
s5831,0.9840000000000001,1
s5832,0.716,1
s5833,0.627,1
s5834,1.0,1
s5835,0.993,1
s5836,0.993,1
s5837,0.985,1
s5838,0.847,1
s5839,0.9940000000000001,1
s5840,0.9940000000000001,1
s5841,0.993,1
s5842,0.993,1
s5843,0.996,1
s5844,0.9890000000000001,1
s5845,0.998,1
s5846,0.997,1
s5847,0.993,1
s5848,0.993,1
s5849,1.0,1
s5850,0.997,1
s5851,0.7659999999999999,1
s5852,0.588,1
s5853,0.981,1
s5854,0.9470000000000001,1
s5855,0.677,1
s5856,0.9470000000000001,1
s5857,0.664,1
s5858,0.998,1
s5859,0.85,1
s5860,0.9740000000000001,1
s5861,0.8,1
s5862,1.0,1
s5863,0.992,1
s5864,1.0,1
s5865,0.6990000000000001,1
s5866,0.701,1
s5867,0.701,1
s5868,0.856,1
s5869,1.0,1
s5870,0.997,1
s5871,0.995,1
s5872,0.997,1
s5873,1.0,1
s5874,1.0,1
s5875,1.0,1
s5876,0.8059999999999999,1
s5877,0.941,1
s5878,0.995,1
s5879,0.992,1
s5880,0.995,1
s5881,1.0,1
s5882,1.0,1
s5883,0.993,1
s5884,0.894,1
s5885,0.624,1
s5886,0.857,1
s5887,0.995,1
s5888,0.9790000000000001,1
s5889,0.982,1
s5890,0.9640000000000001,1
s5891,0.9690000000000001,1
s5892,0.982,1
s5893,0.982,1
s5894,0.978,1
s5895,0.982,1
s5896,1.0,1
s5897,0.8390000000000001,1
s5898,0.843,1
s5899,0.985,1
s5900,1.0,1
s5901,0.992,1
s5902,0.992,1
s5903,0.888,1
s5904,0.888,1
s5905,0.795,1
s5906,1.0,1
s5907,1.0,1
s5908,0.7509999999999999,1
s5909,0.556,1
s5910,0.997,1
s5911,1.0,1
s5912,1.0,1
s5913,1.0,1
s5914,0.997,1
s5915,0.997,1
s5916,0.997,1
s5917,0.997,1
s5918,0.77,1
s5919,1.0,1
s5920,0.65,1
s5921,0.875,1
s5922,0.997,1
s5923,0.892,1
s5924,1.0,1
s5925,0.992,1
s5926,0.85,1
s5927,0.7659999999999999,1
s5928,0.7659999999999999,1
s5929,1.0,1
s5930,0.953,1
s5931,0.981,1
s5932,1.0,1
s5933,1.0,1
s5934,1.0,1
s5935,0.9840000000000001,1
s5936,0.99,1
s5937,0.852,1
s5938,1.0,1
s5939,0.732,1
s5940,0.647,1
s5941,1.0,1
s5942,1.0,1
s5943,0.696,1
s5944,0.7959999999999999,1
s5945,1.0,1
s5946,0.5770000000000001,1
s5947,1.0,1
s5948,1.0,1
s5949,0.992,1
s5950,1.0,1
s5951,1.0,1
s5952,0.507,1
s5953,1.0,1
s5954,1.0,1
s5955,0.9940000000000001,1
s5956,0.9940000000000001,1
s5957,0.907,1
s5958,0.9520000000000001,1
s5959,1.0,1
s5960,0.5489999999999999,1
s5961,0.95,1
s5962,1.0,1
s5963,0.9790000000000001,1
s5964,0.996,1
s5965,0.991,1
s5966,0.851,1
s5967,1.0,1
s5968,0.609,1
s5969,1.0,1
s5970,1.0,1
s5971,1.0,1
s5972,1.0,1
s5973,0.867,1
s5974,0.867,1
s5975,0.995,1
s5976,1.0,1
s5977,1.0,1
s5978,1.0,1
s5979,1.0,1
s5980,0.991,1
s5981,1.0,1
s5982,1.0,1
s5983,1.0,1
s5984,0.88,1
s5985,0.903,1
s5986,0.542,1
s5987,1.0,1
s5988,0.992,1
s5989,1.0,1
s5990,1.0,1
s5991,0.991,1
s5992,0.885,1
s5993,0.7509999999999999,1
s5994,0.997,1
s5995,1.0,1
s5996,1.0,1
s5997,0.857,1
s5998,1.0,1
s5999,1.0,1
s6000,1.0,1
s6001,0.988,1
s6002,1.0,1
s6003,0.606,1
s6004,0.85,1
s6005,1.0,1
s6006,0.894,1
s6007,0.732,1
s6008,0.9420000000000001,1
s6009,0.63,1
s6010,0.955,1
s6011,1.0,1
s6012,0.998,1
s6013,0.998,1
s6014,0.9940000000000001,1
s6015,0.7829999999999999,1
s6016,0.774,1
s6017,0.89,1
s6018,0.7709999999999999,1
s6019,0.764,1
s6020,0.997,1
s6021,1.0,1
s6022,0.986,1
s6023,0.985,1
s6024,0.997,1
s6025,0.993,1
s6026,0.993,1
s6027,0.99,1
s6028,0.987,1
s6029,0.992,1
s6030,0.843,1
s6031,0.561,1
s6032,1.0,1
s6033,0.995,1
s6034,0.995,1
s6035,0.996,1
s6036,1.0,1
s6037,0.991,1
s6038,0.991,1
s6039,1.0,1
s6040,1.0,1
s6041,0.996,1
s6042,0.9940000000000001,1
s6043,0.997,1
s6044,0.995,1
s6045,0.794,1
s6046,0.995,1
s6047,1.0,1
s6048,0.996,1
s6049,0.993,1
s6050,0.995,1
s6051,0.997,1
s6052,0.997,1
s6053,0.988,1
s6054,1.0,1
s6055,0.996,1
s6056,0.615,1
s6057,1.0,1
s6058,0.997,1
s6059,0.995,1
s6060,0.9359999999999999,1
s6061,0.532,1
s6062,1.0,1
s6063,0.9740000000000001,1
s6064,0.616,1
s6065,1.0,1
s6066,0.634,1
s6067,0.585,1
s6068,0.998,1
s6069,1.0,1
s6070,1.0,1
s6071,0.998,1
s6072,1.0,1
s6073,1.0,1
s6074,1.0,1
s6075,1.0,1
s6076,1.0,1
s6077,1.0,1
s6078,0.619,1
s6079,1.0,1
s6080,1.0,1
s6081,0.996,1
s6082,0.9740000000000001,1
s6083,1.0,1
s6084,0.774,1
s6085,0.997,1
s6086,0.9840000000000001,1
s6087,1.0,1
s6088,1.0,1
s6089,1.0,1
s6090,1.0,1
s6091,0.5920000000000001,1
s6092,0.648,1
s6093,0.722,1
s6094,1.0,1
s6095,0.976,1
s6096,1.0,1
s6097,1.0,1
s6098,0.545,1
s6099,1.0,1
s6100,1.0,1
s6101,1.0,1
s6102,1.0,1
s6103,1.0,1
s6104,1.0,1
s6105,1.0,1
s6106,1.0,1
s6107,1.0,1
s6108,1.0,1
s6109,1.0,1
s6110,0.9390000000000001,1
s6111,1.0,1
s6112,1.0,1
s6113,1.0,1
s6114,0.8270000000000001,1
s6115,0.528,1
s6116,1.0,1
s6117,0.667,1
s6118,0.755,1
s6119,1.0,1
s6120,1.0,1
s6121,0.997,1
s6122,0.973,1
s6123,0.99,1
s6124,1.0,1
s6125,0.586,1
s6126,0.7340000000000001,1
s6127,0.99,1
s6128,1.0,1
s6129,1.0,1
s6130,0.995,1
s6131,1.0,1
s6132,1.0,1
s6133,1.0,1
s6134,0.679,1
s6135,0.861,1
s6136,1.0,1
s6137,1.0,1
s6138,1.0,1
s6139,1.0,1
s6140,1.0,1
s6141,0.995,1
s6142,1.0,1
s6143,1.0,1
s6144,0.619,1
s6145,0.8640000000000001,1
s6146,1.0,1
s6147,1.0,1
s6148,1.0,1
s6149,1.0,1
s6150,0.992,1
s6151,0.98,1
s6152,1.0,1
s6153,0.9940000000000001,1
s6154,0.996,1
s6155,1.0,1
s6156,0.986,1
s6157,0.993,1
s6158,0.935,1
s6159,1.0,1
s6160,1.0,1
s6161,1.0,1
s6162,1.0,1
s6163,0.723,1
s6164,0.993,1
s6165,0.992,1
s6166,0.963,1
s6167,0.977,1
s6168,1.0,1
s6169,0.895,1
s6170,1.0,1
s6171,0.895,1
s6172,0.986,1
s6173,0.996,1
s6174,0.9990000000000001,1
s6175,0.562,1
s6176,0.992,1
s6177,0.997,1
s6178,0.997,1
s6179,0.997,1
s6180,1.0,1
s6181,0.985,1
s6182,0.992,1
s6183,0.985,1
s6184,0.985,1
s6185,0.998,1
s6186,0.992,1
s6187,0.997,1
s6188,1.0,1
s6189,0.99,1
s6190,1.0,1
s6191,1.0,1
s6192,1.0,1
s6193,0.996,1
s6194,1.0,1
s6195,1.0,1
s6196,1.0,1
s6197,0.996,1
s6198,1.0,1
s6199,0.9520000000000001,1
s6200,0.998,1
s6201,0.998,1
s6202,0.998,1
s6203,0.998,1
s6204,0.998,1
s6205,0.9890000000000001,1
s6206,1.0,1
s6207,0.863,1
s6208,0.655,1
s6209,1.0,1
s6210,0.996,1
s6211,1.0,1
s6212,1.0,1
s6213,0.992,1
s6214,0.99,1
s6215,0.991,1
s6216,0.9940000000000001,1
s6217,1.0,1
s6218,1.0,1
s6219,1.0,1
s6220,1.0,1
s6221,1.0,1
s6222,0.995,1
s6223,0.997,1
s6224,0.888,1
s6225,0.888,1
s6226,0.9790000000000001,1
s6227,0.894,1
s6228,0.997,1
s6229,1.0,1
s6230,0.804,1
s6231,0.86,1
s6232,1.0,1
s6233,1.0,1
s6234,0.9259999999999999,1
s6235,1.0,1
s6236,1.0,1
s6237,1.0,1
s6238,0.606,1
s6239,0.996,1
s6240,0.609,1
s6241,1.0,1
s6242,0.9990000000000001,1
s6243,0.998,1
s6244,0.998,1
s6245,1.0,1
s6246,1.0,1
s6247,0.992,1
s6248,0.865,1
s6249,0.777,1
s6250,1.0,1
s6251,1.0,1
s6252,1.0,1
s6253,0.977,1
s6254,0.998,1
s6255,1.0,1
s6256,0.821,1
s6257,0.867,1
s6258,0.815,1
s6259,1.0,1
s6260,0.998,1
s6261,0.992,1
s6262,0.997,1
s6263,0.925,1
s6264,1.0,1
s6265,0.706,1
s6266,0.8190000000000001,1
s6267,1.0,1
s6268,0.8190000000000001,1
s6269,0.645,1
s6270,0.9940000000000001,1
s6271,0.642,1
s6272,1.0,1
s6273,0.978,1
s6274,0.995,1
s6275,0.843,1
s6276,0.848,1
s6277,0.995,1
s6278,0.703,1
s6279,0.701,1
s6280,1.0,1
s6281,0.9890000000000001,1
s6282,0.988,1
s6283,1.0,1
s6284,1.0,1
s6285,1.0,1
s6286,0.7979999999999999,1
s6287,0.998,1
s6288,1.0,1
s6289,0.8029999999999999,1
s6290,0.8170000000000001,1
s6291,0.8170000000000001,1
s6292,0.996,1
s6293,1.0,1
s6294,0.9940000000000001,1
s6295,0.966,1
s6296,1.0,1
s6297,1.0,1
s6298,0.7829999999999999,1
s6299,0.755,1
s6300,0.992,1
s6301,0.992,1
s6302,0.992,1
s6303,0.9059999999999999,1
s6304,0.993,1
s6305,0.971,1
s6306,1.0,1
s6307,1.0,1
s6308,0.87,1
s6309,1.0,1
s6310,0.996,1
s6311,1.0,1
s6312,0.951,1
s6313,0.978,1
s6314,0.9840000000000001,1
s6315,1.0,1
s6316,0.9790000000000001,1
s6317,1.0,1
s6318,1.0,1
s6319,0.556,1
s6320,0.975,1
s6321,1.0,1
s6322,1.0,1
s6323,1.0,1
s6324,1.0,1
s6325,1.0,1
s6326,1.0,1
s6327,0.8759999999999999,1
s6328,1.0,1
s6329,0.99,1
s6330,0.9890000000000001,1
s6331,0.986,1
s6332,0.889,1
s6333,1.0,1
s6334,1.0,1
s6335,1.0,1
s6336,1.0,1
s6337,1.0,1
s6338,1.0,1
s6339,0.9740000000000001,1
s6340,1.0,1
s6341,0.899,1
s6342,1.0,1
s6343,1.0,1
s6344,0.982,1
s6345,1.0,1
s6346,1.0,1
s6347,0.774,1
s6348,0.997,1
s6349,0.997,1
s6350,0.997,1
s6351,0.997,1
s6352,0.997,1
s6353,1.0,1
s6354,0.987,1
s6355,1.0,1
s6356,0.667,1
s6357,1.0,1
s6358,1.0,1
s6359,0.649,1
s6360,1.0,1
s6361,0.835,1
s6362,1.0,1
s6363,1.0,1
s6364,0.997,1
s6365,1.0,1
s6366,0.9329999999999999,1
s6367,0.8909999999999999,1
s6368,0.721,1
s6369,1.0,1
s6370,1.0,1
s6371,0.885,1
s6372,0.998,1
s6373,0.976,1
s6374,0.627,1
s6375,0.997,1
s6376,0.8859999999999999,1
s6377,0.972,1
s6378,0.972,1
s6379,0.972,1
s6380,1.0,1
s6381,0.961,1
s6382,0.556,1
s6383,1.0,1
s6384,0.996,1
s6385,1.0,1
s6386,0.754,1
s6387,1.0,1
s6388,0.626,1
s6389,0.748,1
s6390,0.677,1
s6391,1.0,1
s6392,1.0,1
s6393,0.998,1
s6394,1.0,1
s6395,0.935,1
s6396,0.997,1
s6397,1.0,1
s6398,0.9,1
s6399,0.691,1
s6400,0.603,1
s6401,0.992,1
s6402,0.992,1
s6403,0.992,1
s6404,0.992,1
s6405,0.992,1
s6406,0.9129999999999999,1
s6407,1.0,1
s6408,1.0,1
s6409,1.0,1
s6410,1.0,1
s6411,1.0,1
s6412,0.68,1
s6413,1.0,1
s6414,0.537,1
s6415,1.0,1
s6416,0.665,1
s6417,0.605,1
s6418,0.997,1
s6419,0.987,1
s6420,0.987,1
s6421,0.981,1
s6422,0.988,1
s6423,1.0,1
s6424,0.843,1
s6425,0.997,1
s6426,0.993,1
s6427,0.997,1
s6428,0.9079999999999999,1
s6429,0.863,1
s6430,1.0,1
s6431,0.6940000000000001,1
s6432,1.0,1
s6433,1.0,1
s6434,0.75,1
s6435,0.997,1
s6436,0.995,1
s6437,1.0,1
s6438,0.996,1
s6439,0.996,1
s6440,1.0,1
s6441,0.973,1
s6442,1.0,1
s6443,0.992,1
s6444,1.0,1
s6445,0.789,1
s6446,0.785,1
s6447,1.0,1
s6448,1.0,1
s6449,1.0,1
s6450,0.541,1
s6451,0.992,1
s6452,1.0,1
s6453,1.0,1
s6454,1.0,1
s6455,0.8320000000000001,1
s6456,0.997,1
s6457,0.7709999999999999,1
s6458,1.0,1
s6459,1.0,1
s6460,0.584,1
s6461,1.0,1
s6462,1.0,1
s6463,1.0,1
s6464,1.0,1
s6465,1.0,1
s6466,0.738,1
s6467,1.0,1
s6468,0.802,1
s6469,0.66,1
s6470,0.895,1
s6471,0.9009999999999999,1
s6472,0.5710000000000001,1
s6473,1.0,1
s6474,0.991,1
s6475,0.614,1
s6476,0.578,1
s6477,1.0,1
s6478,0.779,1
s6479,0.871,1
s6480,0.7979999999999999,1
s6481,0.9590000000000001,1
s6482,0.862,1
s6483,0.995,1
s6484,0.996,1
s6485,0.996,1
s6486,0.688,1
s6487,0.998,1
s6488,0.998,1
s6489,0.998,1
s6490,1.0,1
s6491,0.65,1
s6492,0.997,1
s6493,1.0,1
s6494,0.895,1
s6495,0.951,1
s6496,0.996,1
s6497,0.98,1
s6498,1.0,1
s6499,1.0,1
s6500,0.77,1
s6501,0.996,1
s6502,1.0,1
s6503,0.5670000000000001,1
s6504,1.0,1
s6505,0.986,1
s6506,0.986,1
s6507,1.0,1
s6508,1.0,1
s6509,0.82,1
s6510,0.972,1
s6511,1.0,1
s6512,0.9990000000000001,1
s6513,1.0,1
s6514,0.5720000000000001,1
s6515,1.0,1
s6516,1.0,1
s6517,0.972,1
s6518,0.987,1
s6519,1.0,1
s6520,1.0,1
s6521,1.0,1
s6522,0.9540000000000001,1
s6523,1.0,1
s6524,1.0,1
s6525,1.0,1
s6526,0.9840000000000001,1
s6527,1.0,1
s6528,1.0,1
s6529,0.991,1
s6530,1.0,1
s6531,0.995,1
s6532,0.987,1
s6533,0.9790000000000001,1
s6534,0.805,1
s6535,0.991,1
s6536,0.976,1
s6537,1.0,1
s6538,0.945,1
s6539,0.7040000000000001,1
s6540,1.0,1
s6541,1.0,1
s6542,1.0,1
s6543,1.0,1
s6544,0.985,1
s6545,0.991,1
s6546,1.0,1
s6547,0.986,1
s6548,0.711,1
s6549,0.998,1
s6550,1.0,1
s6551,0.996,1
s6552,1.0,1
s6553,1.0,1
s6554,0.992,1
s6555,0.992,1
s6556,0.998,1
s6557,0.998,1
s6558,0.998,1
s6559,0.998,1
s6560,0.995,1
s6561,1.0,1
s6562,1.0,1
s6563,1.0,1
s6564,0.996,1
s6565,0.996,1
s6566,0.838,1
s6567,1.0,1
s6568,1.0,1
s6569,1.0,1
s6570,0.927,1
s6571,0.9940000000000001,1
s6572,1.0,1
s6573,0.54,1
s6574,0.894,1
s6575,1.0,1
s6576,0.978,1
s6577,1.0,1
s6578,1.0,1
s6579,1.0,1
s6580,0.9390000000000001,1
s6581,0.978,1
s6582,0.97,1
s6583,0.917,1
s6584,1.0,1
s6585,1.0,1
s6586,0.99,1
s6587,1.0,1
s6588,1.0,1
s6589,0.993,1
s6590,0.981,1
s6591,0.8959999999999999,1
s6592,0.9940000000000001,1
s6593,0.9840000000000001,1
s6594,1.0,1
s6595,1.0,1
s6596,0.997,1
s6597,0.997,1
s6598,1.0,1
s6599,0.997,1
s6600,1.0,1
s6601,0.997,1
s6602,1.0,1
s6603,1.0,1
s6604,1.0,1
s6605,1.0,1
s6606,0.997,1
s6607,0.975,1
s6608,1.0,1
s6609,1.0,1
s6610,1.0,1
s6611,0.9,1
s6612,1.0,1
s6613,1.0,1
s6614,0.997,1
s6615,0.988,1
s6616,0.7440000000000001,1
s6617,0.968,1
s6618,0.997,1
s6619,0.996,1
s6620,0.996,1
s6621,0.9890000000000001,1
s6622,1.0,1
s6623,1.0,1
s6624,0.981,1
s6625,1.0,1
s6626,1.0,1
s6627,1.0,1
s6628,1.0,1
s6629,0.996,1
s6630,1.0,1
s6631,0.997,1
s6632,0.997,1
s6633,0.9940000000000001,1
s6634,0.591,1
s6635,0.71,1
s6636,0.71,1
s6637,0.708,1
s6638,0.71,1
s6639,0.71,1
s6640,0.763,1
s6641,1.0,1
s6642,0.996,1
s6643,1.0,1
s6644,1.0,1
s6645,0.747,1
s6646,1.0,1
s6647,0.975,1
s6648,1.0,1
s6649,0.7040000000000001,1
s6650,1.0,1
s6651,1.0,1
s6652,1.0,1
s6653,0.825,1
s6654,0.7709999999999999,1
s6655,0.6509999999999999,1
s6656,0.927,1
s6657,0.9890000000000001,1
s6658,0.9940000000000001,1
s6659,1.0,1
s6660,0.9940000000000001,1
s6661,0.925,1
s6662,1.0,1
s6663,0.508,1
s6664,0.508,1
s6665,1.0,1
s6666,1.0,1
s6667,0.996,1
s6668,0.991,1
s6669,0.991,1
s6670,0.996,1
s6671,1.0,1
s6672,1.0,1
s6673,0.991,1
s6674,0.993,1
s6675,0.993,1
s6676,1.0,1
s6677,0.607,1
s6678,1.0,1
s6679,0.693,1
s6680,1.0,1
s6681,0.992,1
s6682,1.0,1
s6683,1.0,1
s6684,0.9940000000000001,1
s6685,0.996,1
s6686,0.713,1
s6687,1.0,1
s6688,0.998,1
s6689,0.998,1
s6690,1.0,1
s6691,0.997,1
s6692,1.0,1
s6693,1.0,1
s6694,0.799,1
s6695,1.0,1
s6696,0.76,1
s6697,0.997,1
s6698,0.998,1
s6699,0.81,1
s6700,0.9990000000000001,1
s6701,0.973,1
s6702,1.0,1
s6703,1.0,1
s6704,0.948,1
s6705,0.755,1
s6706,1.0,1
s6707,1.0,1
s6708,1.0,1
s6709,0.613,1
s6710,0.618,1
s6711,0.802,1
s6712,1.0,1
s6713,1.0,1
s6714,0.993,1
s6715,1.0,1
s6716,1.0,1
s6717,0.973,1
s6718,0.997,1
s6719,1.0,1
s6720,0.997,1
s6721,0.997,1
s6722,1.0,1
s6723,0.815,1
s6724,0.83,1
s6725,0.8109999999999999,1
s6726,0.762,1
s6727,1.0,1
s6728,1.0,1
s6729,1.0,1
s6730,0.997,1
s6731,0.997,1
s6732,0.997,1
s6733,0.998,1
s6734,1.0,1
s6735,0.993,1
s6736,1.0,1
s6737,0.995,1
s6738,0.993,1
s6739,0.7509999999999999,1
s6740,1.0,1
s6741,1.0,1
s6742,0.9940000000000001,1
s6743,0.584,1
s6744,0.63,1
s6745,1.0,1
s6746,0.9890000000000001,1
s6747,0.97,1
s6748,0.983,1
s6749,1.0,1
s6750,1.0,1
s6751,1.0,1
s6752,0.995,1
s6753,0.8170000000000001,1
s6754,0.794,1
s6755,1.0,1
s6756,1.0,1
s6757,1.0,1
s6758,0.998,1
s6759,1.0,1
s6760,0.998,1
s6761,1.0,1
s6762,1.0,1
s6763,0.993,1
s6764,0.963,1
s6765,0.995,1
s6766,1.0,1
s6767,0.6940000000000001,1
s6768,1.0,1
s6769,0.998,1
s6770,0.9790000000000001,1
s6771,1.0,1
s6772,0.602,1
s6773,0.985,1
s6774,1.0,1
s6775,1.0,1
s6776,1.0,1
s6777,1.0,1
s6778,1.0,1
s6779,0.9840000000000001,1
s6780,0.943,1
s6781,1.0,1
s6782,0.997,1
s6783,1.0,1
s6784,0.986,1
s6785,0.986,1
s6786,1.0,1
s6787,1.0,1
s6788,1.0,1
s6789,0.997,1
s6790,0.993,1
s6791,0.986,1
s6792,0.986,1
s6793,1.0,1
s6794,1.0,1
s6795,1.0,1
s6796,0.986,1
s6797,0.986,1
s6798,0.998,1
s6799,0.633,1
s6800,0.997,1
s6801,0.986,1
s6802,0.986,1
s6803,1.0,1
s6804,0.986,1
s6805,0.599,1
s6806,1.0,1
s6807,0.779,1
s6808,0.951,1
s6809,1.0,1
s6810,1.0,1
s6811,1.0,1
s6812,0.779,1
s6813,1.0,1
s6814,1.0,1
s6815,1.0,1
s6816,1.0,1
s6817,0.986,1
s6818,0.988,1
s6819,0.992,1
s6820,1.0,1
s6821,0.986,1
s6822,0.986,1
s6823,0.986,1
s6824,1.0,1
s6825,1.0,1
s6826,0.997,1
s6827,0.973,1
s6828,0.9940000000000001,1
s6829,1.0,1
s6830,0.611,1
s6831,0.986,1
s6832,0.986,1
s6833,0.986,1
s6834,0.618,1
s6835,0.9990000000000001,1
s6836,0.986,1
s6837,0.986,1
s6838,0.986,1
s6839,1.0,1
s6840,0.75,1
s6841,0.998,1
s6842,0.7390000000000001,1
s6843,0.757,1
s6844,0.7020000000000001,1
s6845,0.8740000000000001,1
s6846,0.991,1
s6847,0.986,1
s6848,0.996,1
s6849,0.986,1
s6850,0.986,1
s6851,0.996,1
s6852,0.997,1
s6853,1.0,1
s6854,0.981,1
s6855,1.0,1
s6856,1.0,1
s6857,1.0,1
s6858,1.0,1
s6859,0.934,1
s6860,0.993,1
s6861,0.835,1
s6862,1.0,1
s6863,1.0,1
s6864,1.0,1
s6865,1.0,1
s6866,0.812,1
s6867,1.0,1
s6868,1.0,1
s6869,1.0,1
s6870,0.996,1
s6871,0.605,1
s6872,0.986,1
s6873,1.0,1
s6874,0.986,1
s6875,0.9620000000000001,1
s6876,0.856,1
s6877,0.9790000000000001,1
s6878,0.897,1
s6879,1.0,1
s6880,0.986,1
s6881,0.986,1
s6882,1.0,1
s6883,0.599,1
s6884,1.0,1
s6885,1.0,1
s6886,0.9840000000000001,1
s6887,0.96,1
s6888,1.0,1
s6889,1.0,1
s6890,0.997,1
s6891,0.652,1
s6892,1.0,1
s6893,0.616,1
s6894,0.998,1
s6895,0.998,1
s6896,1.0,1
s6897,1.0,1
s6898,0.6970000000000001,1
s6899,0.992,1
s6900,0.992,1
s6901,0.992,1
s6902,0.992,1
s6903,0.992,1
s6904,1.0,1
s6905,0.996,1
s6906,0.9179999999999999,1
s6907,1.0,1
s6908,1.0,1
s6909,1.0,1
s6910,0.7070000000000001,1
s6911,1.0,1
s6912,0.687,1
s6913,0.995,1
s6914,0.997,1
s6915,1.0,1
s6916,0.986,1
s6917,0.7290000000000001,1
s6918,1.0,1
s6919,0.648,1
s6920,0.672,1
s6921,1.0,1
s6922,1.0,1
s6923,0.9940000000000001,1
s6924,0.98,1
s6925,0.589,1
s6926,0.996,1
s6927,0.995,1
s6928,0.985,1
s6929,0.621,1
s6930,1.0,1
s6931,0.836,1
s6932,1.0,1
s6933,0.997,1
s6934,1.0,1
s6935,1.0,1
s6936,0.9840000000000001,1
s6937,0.978,1
s6938,0.978,1
s6939,0.978,1
s6940,1.0,1
s6941,1.0,1
s6942,0.997,1
s6943,0.998,1
s6944,0.993,1
s6945,1.0,1
s6946,1.0,1
s6947,0.995,1
s6948,1.0,1
s6949,0.8109999999999999,1
s6950,1.0,1
s6951,0.995,1
s6952,1.0,1
s6953,1.0,1
s6954,0.98,1
s6955,0.631,1
s6956,1.0,1
s6957,0.997,1
s6958,0.742,1
s6959,1.0,1
s6960,0.9990000000000001,1
s6961,0.758,1
s6962,1.0,1
s6963,0.996,1
s6964,0.998,1
s6965,0.997,1
s6966,0.884,1
s6967,0.993,1
s6968,1.0,1
s6969,0.9840000000000001,1
s6970,0.632,1
s6971,1.0,1
s6972,0.997,1
s6973,1.0,1
s6974,0.986,1
s6975,0.777,1
s6976,1.0,1
s6977,0.777,1
s6978,1.0,1
s6979,0.985,1
s6980,0.995,1
s6981,0.992,1
s6982,0.996,1
s6983,0.996,1
s6984,0.996,1
s6985,1.0,1
s6986,1.0,1
s6987,1.0,1
s6988,1.0,1
s6989,1.0,1
s6990,0.713,1
s6991,0.833,1
s6992,1.0,1
s6993,0.83,1
s6994,0.6809999999999999,1
s6995,0.8290000000000001,1
s6996,0.878,1
s6997,1.0,1
s6998,1.0,1
s6999,0.9520000000000001,1
s7000,1.0,1
s7001,1.0,1
s7002,0.9890000000000001,1
s7003,0.6920000000000001,1
s7004,0.992,1
s7005,0.985,1
s7006,0.9259999999999999,1
s7007,0.992,1
s7008,0.9840000000000001,1
s7009,0.992,1
s7010,1.0,1
s7011,1.0,1
s7012,0.995,1
s7013,0.9940000000000001,1
s7014,1.0,1
s7015,0.998,1
s7016,0.777,1
s7017,0.777,1
s7018,1.0,1
s7019,1.0,1
s7020,0.68,1
s7021,1.0,1
s7022,0.615,1
s7023,0.7709999999999999,1
s7024,1.0,1
s7025,0.79,1
s7026,0.99,1
s7027,0.755,1
s7028,0.992,1
s7029,1.0,1
s7030,0.74,1
s7031,1.0,1
s7032,0.996,1
s7033,0.996,1
s7034,1.0,1
s7035,1.0,1
s7036,1.0,1
s7037,0.992,1
s7038,1.0,1
s7039,0.61,1
s7040,1.0,1
s7041,1.0,1
s7042,0.997,1
s7043,1.0,1
s7044,0.997,1
s7045,0.997,1
s7046,0.667,1
s7047,1.0,1
s7048,0.619,1
s7049,0.606,1
s7050,0.616,1
s7051,0.951,1
s7052,1.0,1
s7053,0.95,1
s7054,1.0,1
s7055,0.993,1
s7056,1.0,1
s7057,0.955,1
s7058,0.7390000000000001,1
s7059,0.696,1
s7060,0.9129999999999999,1
s7061,0.9940000000000001,1
s7062,0.8370000000000001,1
s7063,1.0,1
s7064,0.987,1
s7065,0.998,1
s7066,0.998,1
s7067,1.0,1
s7068,0.769,1
s7069,0.583,1
s7070,1.0,1
s7071,0.6559999999999999,1
s7072,0.9940000000000001,1
s7073,0.998,1
s7074,0.667,1
s7075,0.624,1
s7076,1.0,1
s7077,0.997,1
s7078,1.0,1
s7079,1.0,1
s7080,0.996,1
s7081,0.6579999999999999,1
s7082,1.0,1
s7083,0.975,1
s7084,0.7290000000000001,1
s7085,0.893,1
s7086,1.0,1
s7087,1.0,1
s7088,1.0,1
s7089,0.981,1
s7090,0.987,1
s7091,0.997,1
s7092,1.0,1
s7093,0.9940000000000001,1
s7094,0.976,1
s7095,0.996,1
s7096,1.0,1
s7097,0.6759999999999999,1
s7098,1.0,1
s7099,1.0,1
s7100,0.993,1
s7101,1.0,1
s7102,0.9790000000000001,1
s7103,0.976,1
s7104,0.971,1
s7105,0.976,1
s7106,0.7070000000000001,1
s7107,1.0,1
s7108,1.0,1
s7109,0.963,1
s7110,0.735,1
s7111,1.0,1
s7112,0.995,1
s7113,0.9690000000000001,1
s7114,0.995,1
s7115,1.0,1
s7116,0.981,1
s7117,0.98,1
s7118,0.965,1
s7119,1.0,1
s7120,1.0,1
s7121,0.993,1
s7122,1.0,1
s7123,1.0,1
s7124,0.992,1
s7125,1.0,1
s7126,1.0,1
s7127,0.9890000000000001,1
s7128,1.0,1
s7129,1.0,1
s7130,1.0,1
s7131,0.693,1
s7132,0.87,1
s7133,1.0,1
s7134,0.992,1
s7135,1.0,1
s7136,0.9940000000000001,1
s7137,0.983,1
s7138,1.0,1
s7139,1.0,1
s7140,0.992,1
s7141,0.8959999999999999,1
s7142,0.917,1
s7143,1.0,1
s7144,0.9,1
s7145,0.996,1
s7146,0.782,1
s7147,1.0,1
s7148,1.0,1
s7149,0.987,1
s7150,0.882,1
s7151,1.0,1
s7152,0.9940000000000001,1
s7153,0.5529999999999999,1
s7154,1.0,1
s7155,0.667,1
s7156,1.0,1
s7157,1.0,1
s7158,1.0,1
s7159,0.799,1
s7160,0.8859999999999999,1
s7161,0.667,1
s7162,0.667,1
s7163,0.687,1
s7164,0.9159999999999999,1
s7165,1.0,1
s7166,1.0,1
s7167,0.672,1
s7168,0.5920000000000001,1
s7169,0.991,1
s7170,0.9570000000000001,1
s7171,0.993,1
s7172,0.9670000000000001,1
s7173,0.958,1
s7174,0.9940000000000001,1
s7175,1.0,1
s7176,1.0,1
s7177,1.0,1
s7178,0.963,1
s7179,0.995,1
s7180,1.0,1
s7181,0.737,1
s7182,1.0,1
s7183,1.0,1
s7184,0.9940000000000001,1
s7185,1.0,1
s7186,0.861,1
s7187,0.968,1
s7188,0.5920000000000001,1
s7189,0.9940000000000001,1
s7190,1.0,1
s7191,0.986,1
s7192,0.938,1
s7193,1.0,1
s7194,0.986,1
s7195,0.993,1
s7196,1.0,1
s7197,0.9990000000000001,1
s7198,0.995,1
s7199,1.0,1
s7200,1.0,1
s7201,0.985,1
s7202,0.997,1
s7203,1.0,1
s7204,0.402,1
s7205,0.902,1
s7206,1.0,1
s7207,0.996,1
s7208,0.996,1
s7209,0.983,1
s7210,0.917,1
s7211,1.0,1
s7212,0.624,1
s7213,1.0,1
s7214,1.0,1
s7215,1.0,1
s7216,0.998,1
s7217,1.0,1
s7218,1.0,1
s7219,0.8009999999999999,1
s7220,0.997,1
s7221,0.997,1
s7222,0.997,1
s7223,1.0,1
s7224,0.997,1
s7225,1.0,1
s7226,0.998,1
s7227,1.0,1
s7228,1.0,1
s7229,1.0,1
s7230,0.997,1
s7231,0.878,1
s7232,0.9940000000000001,1
s7233,0.995,1
s7234,1.0,1
s7235,0.897,1
s7236,1.0,1
s7237,0.986,1
s7238,1.0,1
s7239,1.0,1
s7240,1.0,1
s7241,0.998,1
s7242,0.998,1
s7243,0.922,1
s7244,0.9790000000000001,1
s7245,0.986,1
s7246,0.986,1
s7247,0.986,1
s7248,1.0,1
s7249,0.965,1
s7250,0.9620000000000001,1
s7251,0.997,1
s7252,0.996,1
s7253,1.0,1
s7254,0.638,1
s7255,0.638,1
s7256,1.0,1
s7257,0.706,1
s7258,1.0,1
s7259,0.988,1
s7260,1.0,1
s7261,0.995,1
s7262,0.898,1
s7263,0.7440000000000001,1
s7264,1.0,1
s7265,1.0,1
s7266,0.6509999999999999,1
s7267,0.636,1
s7268,0.88,1
s7269,0.5770000000000001,1
s7270,0.7090000000000001,1
s7271,0.9570000000000001,1
s7272,1.0,1
s7273,1.0,1
s7274,0.997,1
s7275,0.995,1
s7276,0.993,1
s7277,0.997,1
s7278,0.997,1
s7279,0.9940000000000001,1
s7280,0.972,1
s7281,0.972,1
s7282,0.982,1
s7283,0.845,1
s7284,0.789,1
s7285,1.0,1
s7286,0.9329999999999999,1
s7287,1.0,1
s7288,0.9940000000000001,1
s7289,0.997,1
s7290,0.982,1
s7291,0.639,1
s7292,1.0,1
s7293,0.925,1
s7294,0.909,1
s7295,0.909,1
s7296,0.909,1
s7297,1.0,1
s7298,1.0,1
s7299,1.0,1
s7300,1.0,1
s7301,0.977,1
s7302,0.945,1
s7303,0.997,1
s7304,0.852,1
s7305,0.992,1
s7306,1.0,1
s7307,0.99,1
s7308,0.6559999999999999,1
s7309,0.6709999999999999,1
s7310,1.0,1
s7311,1.0,1
s7312,0.593,1
s7313,0.996,1
s7314,1.0,1
s7315,0.993,1
s7316,0.99,1
s7317,1.0,1
s7318,0.5770000000000001,1
s7319,0.888,1
s7320,1.0,1
s7321,0.73,1
s7322,1.0,1
s7323,1.0,1
s7324,1.0,1
s7325,0.885,1
s7326,0.6709999999999999,1
s7327,0.992,1
s7328,1.0,1
s7329,1.0,1
s7330,1.0,1
s7331,1.0,1
s7332,1.0,1
s7333,1.0,1
s7334,0.987,1
s7335,0.966,1
s7336,0.983,1
s7337,0.983,1
s7338,0.997,1
s7339,1.0,1
s7340,0.97,1
s7341,0.986,1
s7342,1.0,1
s7343,0.998,1
s7344,0.7,1
s7345,0.997,1
s7346,1.0,1
s7347,0.67,1
s7348,0.993,1
s7349,1.0,1
s7350,0.88,1
s7351,1.0,1
s7352,1.0,1
s7353,1.0,1
s7354,0.99,1
s7355,1.0,1
s7356,0.997,1
s7357,1.0,1
s7358,1.0,1
s7359,0.996,1
s7360,0.9840000000000001,1
s7361,0.996,1
s7362,0.996,1
s7363,1.0,1
s7364,1.0,1
s7365,1.0,1
s7366,1.0,1
s7367,0.983,1
s7368,0.75,1
s7369,0.909,1
s7370,1.0,1
s7371,1.0,1
s7372,1.0,1
s7373,0.996,1
s7374,0.996,1
s7375,0.7390000000000001,1
s7376,1.0,1
s7377,0.971,1
s7378,1.0,1
s7379,0.996,1
s7380,1.0,1
s7381,1.0,1
s7382,0.575,1
s7383,0.998,1
s7384,0.998,1
s7385,0.995,1
s7386,0.7609999999999999,1
s7387,0.563,1
s7388,0.9940000000000001,1
s7389,1.0,1
s7390,1.0,1
s7391,0.8340000000000001,1
s7392,1.0,1
s7393,0.976,1
s7394,1.0,1
s7395,0.997,1
s7396,0.996,1
s7397,1.0,1
s7398,1.0,1
s7399,0.992,1
s7400,0.5589999999999999,1
s7401,1.0,1
s7402,1.0,1
s7403,1.0,1
s7404,1.0,1
s7405,0.9,1
s7406,1.0,1
s7407,0.993,1
s7408,0.992,1
s7409,1.0,1
s7410,0.8959999999999999,1
s7411,1.0,1
s7412,0.995,1
s7413,0.9940000000000001,1
s7414,0.825,1
s7415,1.0,1
s7416,0.997,1
s7417,1.0,1
s7418,1.0,1
s7419,1.0,1
s7420,1.0,1
s7421,0.995,1
s7422,0.998,1
s7423,0.95,1
s7424,0.997,1
s7425,1.0,1
s7426,0.813,1
s7427,1.0,1
s7428,0.9620000000000001,1
s7429,0.767,1
s7430,0.9890000000000001,1
s7431,1.0,1
s7432,0.995,1
s7433,0.97,1
s7434,0.996,1
s7435,0.919,1
s7436,0.978,1
s7437,0.62,1
s7438,1.0,1
s7439,0.9359999999999999,1
s7440,0.9940000000000001,1
s7441,0.997,1
s7442,0.9940000000000001,1
s7443,0.9259999999999999,1
s7444,1.0,1
s7445,0.872,1
s7446,1.0,1
s7447,1.0,1
s7448,1.0,1
s7449,0.953,1
s7450,0.993,1
s7451,1.0,1
s7452,0.996,1
s7453,0.993,1
s7454,0.996,1
s7455,1.0,1
s7456,0.983,1
s7457,0.992,1
s7458,0.743,1
s7459,0.701,1
s7460,0.997,1
s7461,1.0,1
s7462,1.0,1
s7463,1.0,1
s7464,0.995,1
s7465,1.0,1
s7466,0.743,1
s7467,0.932,1
s7468,1.0,1
s7469,0.991,1
s7470,1.0,1
s7471,0.745,1
s7472,0.948,1
s7473,0.965,1
s7474,0.7909999999999999,1
s7475,0.97,1
s7476,1.0,1
s7477,0.997,1
s7478,0.99,1
s7479,0.6709999999999999,1
s7480,1.0,1
s7481,0.992,1
s7482,0.998,1
s7483,0.995,1
s7484,0.9470000000000001,1
s7485,1.0,1
s7486,0.97,1
s7487,0.982,1
s7488,0.97,1
s7489,0.97,1
s7490,0.995,1
s7491,0.97,1
s7492,0.97,1
s7493,0.97,1
s7494,0.97,1
s7495,0.97,1
s7496,0.97,1
s7497,0.97,1
s7498,0.97,1
s7499,0.97,1
s7500,0.97,1
s7501,0.97,1
s7502,0.97,1
s7503,0.97,1
s7504,0.97,1
s7505,0.97,1
s7506,0.97,1
s7507,0.97,1
s7508,0.97,1
s7509,0.963,1
s7510,0.963,1
s7511,0.963,1
s7512,0.963,1
s7513,0.97,1
s7514,0.97,1
s7515,0.97,1
s7516,0.963,1
s7517,0.657,1
s7518,1.0,1
s7519,1.0,1
s7520,0.98,1
s7521,0.821,1
s7522,1.0,1
s7523,0.996,1
s7524,0.993,1
s7525,0.993,1
s7526,0.993,1
s7527,0.996,1
s7528,0.992,1
s7529,0.772,1
s7530,0.998,1
s7531,0.995,1
s7532,0.995,1
s7533,1.0,1
s7534,0.711,1
s7535,0.6759999999999999,1
s7536,1.0,1
s7537,0.991,1
s7538,1.0,1
s7539,0.9940000000000001,1
s7540,1.0,1
s7541,1.0,1
s7542,1.0,1
s7543,0.9940000000000001,1
s7544,1.0,1
s7545,1.0,1
s7546,0.991,1
s7547,0.9420000000000001,1
s7548,1.0,1
s7549,0.983,1
s7550,0.996,1
s7551,0.997,1
s7552,0.9990000000000001,1
s7553,0.992,1
s7554,0.992,1
s7555,0.732,1
s7556,0.983,1
s7557,0.584,1
s7558,0.544,1
s7559,0.995,1
s7560,0.981,1
s7561,0.9840000000000001,1
s7562,0.9940000000000001,1
s7563,1.0,1
s7564,0.961,1
s7565,1.0,1
s7566,1.0,1
s7567,1.0,1
s7568,0.955,1
s7569,1.0,1
s7570,1.0,1
s7571,1.0,1
s7572,0.9590000000000001,1
s7573,0.997,1
s7574,0.997,1
s7575,0.993,1
s7576,1.0,1
s7577,0.799,1
s7578,0.7140000000000001,1
s7579,0.6759999999999999,1
s7580,0.985,1
s7581,0.9059999999999999,1
s7582,1.0,1
s7583,1.0,1
s7584,1.0,1
s7585,1.0,1
s7586,0.927,1
s7587,1.0,1
s7588,1.0,1
s7589,0.992,1
s7590,1.0,1
s7591,0.998,1
s7592,0.998,1
s7593,1.0,1
s7594,1.0,1
s7595,0.998,1
s7596,0.904,1
s7597,0.946,1
s7598,0.927,1
s7599,1.0,1
s7600,0.997,1
s7601,0.995,1
s7602,1.0,1
s7603,0.998,1
s7604,0.867,1
s7605,0.74,1
s7606,0.807,1
s7607,0.74,1
s7608,0.993,1
s7609,0.996,1
s7610,1.0,1
s7611,0.993,1
s7612,0.6709999999999999,1
s7613,0.5870000000000001,1
s7614,0.998,1
s7615,0.711,1
s7616,0.711,1
s7617,1.0,1
s7618,1.0,1
s7619,1.0,1
s7620,1.0,1
s7621,1.0,1
s7622,0.895,1
s7623,0.9890000000000001,1
s7624,1.0,1
s7625,1.0,1
s7626,1.0,1
s7627,0.998,1
s7628,1.0,1
s7629,1.0,1
s7630,0.997,1
s7631,0.997,1
s7632,0.997,1
s7633,0.9940000000000001,1
s7634,1.0,1
s7635,0.971,1
s7636,0.998,1
s7637,0.9840000000000001,1
s7638,0.997,1
s7639,0.6970000000000001,1
s7640,0.6970000000000001,1
s7641,0.991,1
s7642,1.0,1
s7643,1.0,1
s7644,1.0,1
s7645,0.7390000000000001,1
s7646,0.9940000000000001,1
s7647,0.996,1
s7648,0.997,1
s7649,1.0,1
s7650,0.998,1
s7651,0.988,1
s7652,0.998,1
s7653,0.998,1
s7654,0.9790000000000001,1
s7655,0.9890000000000001,1
s7656,1.0,1
s7657,1.0,1
s7658,0.992,1
s7659,0.997,1
s7660,0.9570000000000001,1
s7661,1.0,1
s7662,1.0,1
s7663,0.609,1
s7664,0.993,1
s7665,0.992,1
s7666,1.0,1
s7667,0.9840000000000001,1
s7668,0.5489999999999999,1
s7669,1.0,1
s7670,0.997,1
s7671,0.997,1
s7672,0.945,1
s7673,1.0,1
s7674,1.0,1
s7675,0.943,1
s7676,0.8859999999999999,1
s7677,1.0,1
s7678,1.0,1
s7679,0.9940000000000001,1
s7680,0.9940000000000001,1
s7681,0.631,1
s7682,0.9940000000000001,1
s7683,1.0,1
s7684,0.997,1
s7685,1.0,1
s7686,1.0,1
s7687,1.0,1
s7688,1.0,1
s7689,1.0,1
s7690,1.0,1
s7691,0.978,1
s7692,0.711,1
s7693,0.6759999999999999,1
s7694,1.0,1
s7695,0.985,1
s7696,0.985,1
s7697,1.0,1
s7698,0.7440000000000001,1
s7699,1.0,1
s7700,0.672,1
s7701,0.991,1
s7702,0.8079999999999999,1
s7703,1.0,1
s7704,1.0,1
s7705,0.9940000000000001,1
s7706,1.0,1
s7707,1.0,1
s7708,0.667,1
s7709,0.625,1
s7710,0.9940000000000001,1
s7711,1.0,1
s7712,0.775,1
s7713,1.0,1
s7714,0.963,1
s7715,0.993,1
s7716,1.0,1
s7717,0.995,1
s7718,0.993,1
s7719,0.992,1
s7720,1.0,1
s7721,1.0,1
s7722,0.988,1
s7723,0.94,1
s7724,1.0,1
s7725,0.96,1
s7726,1.0,1
s7727,0.9470000000000001,1
s7728,0.998,1
s7729,1.0,1
s7730,0.596,1
s7731,0.955,1
s7732,1.0,1
s7733,1.0,1
s7734,0.6459999999999999,1
s7735,1.0,1
s7736,0.9440000000000001,1
s7737,1.0,1
s7738,0.95,1
s7739,1.0,1
s7740,1.0,1
s7741,0.997,1
s7742,0.997,1
s7743,0.993,1
s7744,1.0,1
s7745,0.99,1
s7746,1.0,1
s7747,0.927,1
s7748,0.955,1
s7749,0.752,1
s7750,0.807,1
s7751,0.7909999999999999,1
s7752,0.8909999999999999,1
s7753,0.774,1
s7754,0.774,1
s7755,0.774,1
s7756,0.765,1
s7757,0.7829999999999999,1
s7758,0.809,1
s7759,0.988,1
s7760,1.0,1
s7761,0.996,1
s7762,0.996,1
s7763,0.996,1
s7764,0.5920000000000001,1
s7765,0.997,1
s7766,0.599,1
s7767,0.585,1
s7768,0.585,1
s7769,0.578,1
s7770,0.578,1
s7771,0.997,1
s7772,0.976,1
s7773,0.9940000000000001,1
s7774,0.991,1
s7775,1.0,1
s7776,0.971,1
s7777,0.9940000000000001,1
s7778,0.597,1
s7779,0.652,1
s7780,0.5,1
s7781,0.997,1
s7782,0.49,1
s7783,0.995,1
s7784,0.608,1
s7785,0.9940000000000001,1
s7786,1.0,1
s7787,0.9890000000000001,1
s7788,0.996,1
s7789,0.995,1
s7790,0.997,1
s7791,0.9890000000000001,1
s7792,1.0,1
s7793,0.932,1
s7794,0.955,1
s7795,0.5,1
s7796,1.0,1
s7797,1.0,1
s7798,1.0,1
s7799,0.76,1
s7800,1.0,1
s7801,1.0,1
s7802,0.9890000000000001,1
s7803,0.9840000000000001,1
s7804,1.0,1
s7805,0.856,1
s7806,1.0,1
s7807,0.99,1
s7808,0.99,1
s7809,0.897,1
s7810,1.0,1
s7811,0.927,1
s7812,0.625,1
s7813,0.9309999999999999,1
s7814,0.997,1
s7815,0.746,1
s7816,1.0,1
s7817,1.0,1
s7818,1.0,1
s7819,0.981,1
s7820,0.9390000000000001,1
s7821,0.997,1
s7822,0.99,1
s7823,1.0,1
s7824,1.0,1
s7825,1.0,1
s7826,1.0,1
s7827,0.754,1
s7828,0.544,1
s7829,0.997,1
s7830,0.64,1
s7831,0.963,1
s7832,1.0,1
s7833,1.0,1
s7834,0.996,1
s7835,0.996,1
s7836,0.9670000000000001,1
s7837,0.971,1
s7838,0.938,1
s7839,1.0,1
s7840,1.0,1
s7841,1.0,1
s7842,1.0,1
s7843,1.0,1
s7844,1.0,1
s7845,1.0,1
s7846,1.0,1
s7847,1.0,1
s7848,1.0,1
s7849,1.0,1
s7850,0.584,1
s7851,0.584,1
s7852,0.996,1
s7853,0.996,1
s7854,0.997,1
s7855,1.0,1
s7856,0.7979999999999999,1
s7857,1.0,1
s7858,0.978,1
s7859,0.991,1
s7860,0.997,1
s7861,0.674,1
s7862,1.0,1
s7863,1.0,1
s7864,0.752,1
s7865,0.893,1
s7866,1.0,1
s7867,1.0,1
s7868,1.0,1
s7869,1.0,1
s7870,1.0,1
s7871,0.7909999999999999,1
s7872,1.0,1
s7873,0.9940000000000001,1
s7874,0.863,1
s7875,1.0,1
s7876,0.995,1
s7877,0.958,1
s7878,0.738,1
s7879,0.662,1
s7880,0.602,1
s7881,0.9079999999999999,1
s7882,1.0,1
s7883,1.0,1
s7884,1.0,1
s7885,1.0,1
s7886,0.9890000000000001,1
s7887,0.9940000000000001,1
s7888,1.0,1
s7889,1.0,1
s7890,1.0,1
s7891,0.995,1
s7892,1.0,1
s7893,1.0,1
s7894,1.0,1
s7895,0.997,1
s7896,0.97,1
s7897,0.616,1
s7898,0.997,1
s7899,0.997,1
s7900,1.0,1
s7901,0.6940000000000001,1
s7902,0.997,1
s7903,1.0,1
s7904,0.9890000000000001,1
s7905,1.0,1
s7906,1.0,1
s7907,0.713,1
s7908,1.0,1
s7909,0.997,1
s7910,1.0,1
s7911,0.9890000000000001,1
s7912,0.8859999999999999,1
s7913,1.0,1
s7914,0.9890000000000001,1
s7915,0.799,1
s7916,0.9690000000000001,1
s7917,0.838,1
s7918,0.998,1
s7919,0.997,1
s7920,1.0,1
s7921,1.0,1
s7922,0.995,1
s7923,0.995,1
s7924,0.986,1
s7925,1.0,1
s7926,1.0,1
s7927,0.941,1
s7928,0.909,1
s7929,0.7120000000000001,1
s7930,1.0,1
s7931,0.997,1
s7932,1.0,1
s7933,0.9640000000000001,1
s7934,1.0,1
s7935,1.0,1
s7936,0.993,1
s7937,0.993,1
s7938,0.996,1
s7939,1.0,1
s7940,0.823,1
s7941,1.0,1
s7942,0.701,1
s7943,0.996,1
s7944,1.0,1
s7945,1.0,1
s7946,0.9940000000000001,1
s7947,1.0,1
s7948,0.499,1
s7949,0.986,1
s7950,1.0,1
s7951,1.0,1
s7952,0.7859999999999999,1
s7953,0.997,1
s7954,1.0,1
s7955,0.996,1
s7956,1.0,1
s7957,1.0,1
s7958,0.998,1
s7959,0.997,1
s7960,1.0,1
s7961,0.8909999999999999,1
s7962,0.9690000000000001,1
s7963,1.0,1
s7964,0.983,1
s7965,1.0,1
s7966,0.998,1
s7967,0.996,1
s7968,0.7909999999999999,1
s7969,0.995,1
s7970,0.9,1
s7971,0.968,1
s7972,0.9670000000000001,1
s7973,0.91,1
s7974,1.0,1
s7975,1.0,1
s7976,0.655,1
s7977,1.0,1
s7978,0.7809999999999999,1
s7979,0.626,1
s7980,0.97,1
s7981,0.993,1
s7982,0.997,1
s7983,0.823,1
s7984,1.0,1
s7985,0.782,1
s7986,0.774,1
s7987,0.611,1
s7988,0.698,1
s7989,0.92,1
s7990,1.0,1
s7991,0.977,1
s7992,1.0,1
s7993,0.998,1
s7994,1.0,1
s7995,0.727,1
s7996,1.0,1
s7997,1.0,1
s7998,0.9570000000000001,1
s7999,1.0,1
s8000,0.996,1
s8001,0.997,1
s8002,0.993,1
s8003,0.993,1
s8004,0.993,1
s8005,0.993,1
s8006,0.998,1
s8007,0.9940000000000001,1
s8008,0.996,1
s8009,0.6829999999999999,1
s8010,0.996,1
s8011,0.6940000000000001,1
s8012,0.996,1
s8013,1.0,1
s8014,0.996,1
s8015,0.953,1
s8016,0.9940000000000001,1
s8017,1.0,1
s8018,1.0,1
s8019,0.593,1
s8020,1.0,1
s8021,1.0,1
s8022,1.0,1
s8023,0.9520000000000001,1
s8024,1.0,1
s8025,1.0,1
s8026,1.0,1
s8027,0.978,1
s8028,1.0,1
s8029,0.99,1
s8030,0.997,1
s8031,1.0,1
s8032,0.645,1
s8033,1.0,1
s8034,1.0,1
s8035,0.996,1
s8036,0.998,1
s8037,0.99,1
s8038,0.74,1
s8039,0.9940000000000001,1
s8040,1.0,1
s8041,1.0,1
s8042,0.997,1
s8043,0.79,1
s8044,1.0,1
s8045,1.0,1
s8046,1.0,1
s8047,0.996,1
s8048,0.938,1
s8049,0.9690000000000001,1
s8050,0.982,1
s8051,1.0,1
s8052,0.978,1
s8053,0.767,1
s8054,1.0,1
s8055,0.996,1
s8056,0.998,1
s8057,1.0,1
s8058,0.995,1
s8059,0.501,1
s8060,1.0,1
s8061,1.0,1
s8062,0.985,1
s8063,1.0,1
s8064,0.5539999999999999,1
s8065,0.987,1
s8066,0.983,1
s8067,0.997,1
s8068,0.6990000000000001,1
s8069,0.728,1
s8070,1.0,1
s8071,1.0,1
s8072,0.614,1
s8073,0.9940000000000001,1
s8074,0.993,1
s8075,1.0,1
s8076,1.0,1
s8077,0.8270000000000001,1
s8078,0.778,1
s8079,1.0,1
s8080,0.87,1
s8081,0.995,1
s8082,0.992,1
s8083,0.996,1
s8084,1.0,1
s8085,0.735,1
s8086,0.8190000000000001,1
s8087,0.875,1
s8088,1.0,1
s8089,1.0,1
s8090,1.0,1
s8091,0.995,1
s8092,0.998,1
s8093,0.997,1
s8094,1.0,1
s8095,1.0,1
s8096,0.997,1
s8097,1.0,1
s8098,1.0,1
s8099,0.996,1
s8100,0.8220000000000001,1
s8101,0.8220000000000001,1
s8102,1.0,1
s8103,1.0,1
s8104,1.0,1
s8105,0.8220000000000001,1
s8106,0.8220000000000001,1
s8107,0.653,1
s8108,0.997,1
s8109,1.0,1
s8110,1.0,1
s8111,0.987,1
s8112,0.977,1
s8113,0.977,1
s8114,0.977,1
s8115,0.977,1
s8116,0.977,1
s8117,0.977,1
s8118,0.977,1
s8119,0.977,1
s8120,0.977,1
s8121,0.9840000000000001,1
s8122,0.977,1
s8123,0.977,1
s8124,0.977,1
s8125,0.977,1
s8126,0.981,1
s8127,1.0,1
s8128,1.0,1
s8129,1.0,1
s8130,0.98,1
s8131,1.0,1
s8132,1.0,1
s8133,0.718,1
s8134,0.594,1
s8135,1.0,1
s8136,1.0,1
s8137,1.0,1
s8138,1.0,1
s8139,1.0,1
s8140,1.0,1
s8141,0.996,1
s8142,0.996,1
s8143,0.9940000000000001,1
s8144,0.884,1
s8145,1.0,1
s8146,1.0,1
s8147,0.998,1
s8148,0.8490000000000001,1
s8149,1.0,1
s8150,1.0,1
s8151,1.0,1
s8152,0.993,1
s8153,1.0,1
s8154,1.0,1
s8155,0.988,1
s8156,0.763,1
s8157,0.758,1
s8158,1.0,1
s8159,0.997,1
s8160,1.0,1
s8161,1.0,1
s8162,0.985,1
s8163,0.993,1
s8164,0.775,1
s8165,0.995,1
s8166,1.0,1
s8167,0.996,1
s8168,1.0,1
s8169,1.0,1
s8170,1.0,1
s8171,1.0,1
s8172,0.9740000000000001,1
s8173,0.9840000000000001,1
s8174,1.0,1
s8175,1.0,1
s8176,0.887,1
s8177,1.0,1
s8178,1.0,1
s8179,0.99,1
s8180,0.787,1
s8181,0.988,1
s8182,1.0,1
s8183,0.998,1
s8184,0.998,1
s8185,0.998,1
s8186,0.998,1
s8187,0.998,1
s8188,0.998,1
s8189,0.998,1
s8190,1.0,1
s8191,0.998,1
s8192,1.0,1
s8193,0.993,1
s8194,1.0,1
s8195,0.998,1
s8196,0.993,1
s8197,0.995,1
s8198,0.998,1
s8199,0.998,1
s8200,1.0,1
s8201,1.0,1
s8202,0.9440000000000001,1
s8203,0.998,1
s8204,0.991,1
s8205,0.99,1
s8206,1.0,1
s8207,1.0,1
s8208,0.998,1
s8209,0.996,1
s8210,1.0,1
s8211,1.0,1
s8212,0.997,1
s8213,0.773,1
s8214,0.915,1
s8215,0.9009999999999999,1
s8216,1.0,1
s8217,0.9940000000000001,1
s8218,0.997,1
s8219,0.98,1
s8220,0.9470000000000001,1
s8221,1.0,1
s8222,0.997,1
s8223,0.6679999999999999,1
s8224,1.0,1
s8225,0.997,1
s8226,1.0,1
s8227,1.0,1
s8228,0.672,1
s8229,1.0,1
s8230,0.998,1
s8231,0.995,1
s8232,1.0,1
s8233,0.583,1
s8234,0.634,1
s8235,0.71,1
s8236,1.0,1
s8237,0.71,1
s8238,0.63,1
s8239,0.998,1
s8240,0.601,1
s8241,0.8540000000000001,1
s8242,0.8490000000000001,1
s8243,0.835,1
s8244,0.991,1
s8245,0.996,1
s8246,0.995,1
s8247,1.0,1
s8248,0.997,1
s8249,0.737,1
s8250,0.731,1
s8251,0.872,1
s8252,0.997,1
s8253,1.0,1
s8254,1.0,1
s8255,1.0,1
s8256,0.991,1
s8257,0.983,1
s8258,0.8,1
s8259,0.992,1
s8260,1.0,1
s8261,0.996,1
s8262,1.0,1
s8263,0.701,1
s8264,1.0,1
s8265,1.0,1
s8266,0.995,1
s8267,0.997,1
s8268,1.0,1
s8269,0.9670000000000001,1
s8270,0.8490000000000001,1
s8271,0.873,1
s8272,1.0,1
s8273,0.9940000000000001,1
s8274,0.945,1
s8275,0.992,1
s8276,0.997,1
s8277,0.9229999999999999,1
s8278,1.0,1
s8279,1.0,1
s8280,0.997,1
s8281,0.997,1
s8282,0.9940000000000001,1
s8283,0.991,1
s8284,1.0,1
s8285,0.988,1
s8286,0.998,1
s8287,0.996,1
s8288,1.0,1
s8289,1.0,1
s8290,0.657,1
s8291,0.998,1
s8292,0.998,1
s8293,0.998,1
s8294,0.998,1
s8295,0.508,1
s8296,0.687,1
s8297,0.998,1
s8298,0.977,1
s8299,1.0,1
s8300,1.0,1
s8301,1.0,1
s8302,1.0,1
s8303,0.992,1
s8304,0.995,1
s8305,0.995,1
s8306,0.995,1
s8307,0.995,1
s8308,0.731,1
s8309,1.0,1
s8310,0.8959999999999999,1
s8311,0.997,1
s8312,0.997,1
s8313,1.0,1
s8314,1.0,1
s8315,0.696,1
s8316,1.0,1
s8317,1.0,1
s8318,0.696,1
s8319,0.696,1
s8320,0.667,1
s8321,0.8959999999999999,1
s8322,1.0,1
s8323,0.625,1
s8324,1.0,1
s8325,1.0,1
s8326,0.9940000000000001,1
s8327,0.993,1
s8328,0.768,1
s8329,1.0,1
s8330,0.993,1
s8331,1.0,1
s8332,0.833,1
s8333,0.9890000000000001,1
s8334,1.0,1
s8335,0.9990000000000001,1
s8336,1.0,1
s8337,0.99,1
s8338,0.878,1
s8339,0.982,1
s8340,1.0,1
s8341,0.997,1
s8342,0.8009999999999999,1
s8343,0.866,1
s8344,0.882,1
s8345,1.0,1
s8346,0.958,1
s8347,0.972,1
s8348,1.0,1
s8349,0.636,1
s8350,0.995,1
s8351,1.0,1
s8352,1.0,1
s8353,0.831,1
s8354,0.813,1
s8355,0.866,1
s8356,1.0,1
s8357,0.9740000000000001,1
s8358,0.938,1
s8359,0.715,1
s8360,1.0,1
s8361,1.0,1
s8362,0.995,1
s8363,0.818,1
s8364,1.0,1
s8365,0.82,1
s8366,0.996,1
s8367,1.0,1
s8368,0.997,1
s8369,1.0,1
s8370,0.998,1
s8371,0.993,1
s8372,0.9840000000000001,1
s8373,0.995,1
s8374,1.0,1
s8375,1.0,1
s8376,1.0,1
s8377,0.9890000000000001,1
s8378,0.9940000000000001,1
s8379,0.9990000000000001,1
s8380,0.662,1
s8381,0.996,1
s8382,0.9940000000000001,1
s8383,1.0,1
s8384,0.996,1
s8385,1.0,1
s8386,0.996,1
s8387,0.498,1
s8388,1.0,1
s8389,0.825,1
s8390,0.9109999999999999,1
s8391,0.956,1
s8392,0.81,1
s8393,0.937,1
s8394,0.986,1
s8395,1.0,1
s8396,0.8440000000000001,1
s8397,0.9620000000000001,1
s8398,0.9840000000000001,1
s8399,0.7809999999999999,1
s8400,0.838,1
s8401,0.9309999999999999,1
s8402,0.996,1
s8403,1.0,1
s8404,0.996,1
s8405,1.0,1
s8406,1.0,1
s8407,0.9470000000000001,1
s8408,0.953,1
s8409,0.997,1
s8410,1.0,1
s8411,0.75,1
s8412,0.9940000000000001,1
s8413,1.0,1
s8414,0.862,1
s8415,0.9440000000000001,1
s8416,0.895,1
s8417,1.0,1
s8418,0.9890000000000001,1
s8419,0.986,1
s8420,1.0,1
s8421,0.888,1
s8422,0.97,1
s8423,1.0,1
s8424,1.0,1
s8425,1.0,1
s8426,1.0,1
s8427,0.998,1
s8428,0.992,1
s8429,0.745,1
s8430,1.0,1
s8431,0.843,1
s8432,0.9440000000000001,1
s8433,0.966,1
s8434,0.9940000000000001,1
s8435,1.0,1
s8436,1.0,1
s8437,0.9990000000000001,1
s8438,1.0,1
s8439,1.0,1
s8440,0.9840000000000001,1
s8441,0.7959999999999999,1
s8442,1.0,1
s8443,0.997,1
s8444,0.987,1
s8445,1.0,1
s8446,0.991,1
s8447,1.0,1
s8448,1.0,1
s8449,0.8109999999999999,1
s8450,0.997,1
s8451,0.9440000000000001,1
s8452,1.0,1
s8453,1.0,1
s8454,0.738,1
s8455,0.976,1
s8456,1.0,1
s8457,0.98,1
s8458,1.0,1
s8459,0.996,1
s8460,0.981,1
s8461,1.0,1
s8462,1.0,1
s8463,1.0,1
s8464,0.99,1
s8465,1.0,1
s8466,1.0,1
s8467,1.0,1
s8468,0.9890000000000001,1
s8469,0.981,1
s8470,1.0,1
s8471,1.0,1
s8472,0.972,1
s8473,1.0,1
s8474,0.983,1
s8475,1.0,1
s8476,0.9640000000000001,1
s8477,0.993,1
s8478,0.9420000000000001,1
s8479,0.958,1
s8480,0.961,1
s8481,1.0,1
s8482,1.0,1
s8483,1.0,1
s8484,1.0,1
s8485,1.0,1
s8486,1.0,1
s8487,1.0,1
s8488,0.946,1
s8489,1.0,1
s8490,1.0,1
s8491,0.882,1
s8492,1.0,1
s8493,1.0,1
s8494,0.898,1
s8495,0.9840000000000001,1
s8496,0.98,1
s8497,1.0,1
s8498,1.0,1
s8499,0.9840000000000001,1
s8500,0.988,1
s8501,0.9890000000000001,1
s8502,1.0,1
s8503,1.0,1
s8504,1.0,1
s8505,1.0,1
s8506,1.0,1
s8507,0.9790000000000001,1
s8508,1.0,1
s8509,1.0,1
s8510,0.8809999999999999,1
s8511,1.0,1
s8512,0.985,1
s8513,1.0,1
s8514,0.8690000000000001,1
s8515,0.905,1
s8516,1.0,1
s8517,0.5379999999999999,1
s8518,0.5820000000000001,1
s8519,1.0,1
s8520,0.9309999999999999,1
s8521,0.996,1
s8522,0.672,1
s8523,0.945,1
s8524,1.0,1
s8525,0.9940000000000001,1
s8526,1.0,1
s8527,0.733,1
s8528,1.0,1
s8529,0.54,1
s8530,0.649,1
s8531,0.993,1
s8532,0.997,1
s8533,1.0,1
s8534,1.0,1
s8535,0.998,1
s8536,1.0,1
s8537,0.777,1
s8538,0.605,1
s8539,1.0,1
s8540,0.924,1
s8541,1.0,1
s8542,1.0,1
s8543,0.997,1
s8544,0.98,1
s8545,0.857,1
s8546,1.0,1
s8547,0.997,1
s8548,1.0,1
s8549,0.785,1
s8550,0.884,1
s8551,1.0,1
s8552,1.0,1
s8553,0.993,1
s8554,0.696,1
s8555,0.988,1
s8556,0.992,1
s8557,1.0,1
s8558,0.992,1
s8559,0.6729999999999999,1
s8560,0.685,1
s8561,0.996,1
s8562,1.0,1
s8563,0.833,1
s8564,0.662,1
s8565,1.0,1
s8566,0.998,1
s8567,0.7,1
s8568,0.996,1
s8569,0.9620000000000001,1
s8570,1.0,1
s8571,0.932,1
s8572,0.8320000000000001,1
s8573,0.8190000000000001,1
s8574,1.0,1
s8575,1.0,1
s8576,1.0,1
s8577,0.98,1
s8578,1.0,1
s8579,0.997,1
s8580,1.0,1
s8581,0.8270000000000001,1
s8582,0.8079999999999999,1
s8583,0.804,1
s8584,1.0,1
s8585,0.679,1
s8586,0.893,1
s8587,0.915,1
s8588,0.759,1
s8589,0.966,1
s8590,1.0,1
s8591,1.0,1
s8592,1.0,1
s8593,1.0,1
s8594,0.915,1
s8595,1.0,1
s8596,0.6509999999999999,1
s8597,0.981,1
s8598,1.0,1
s8599,1.0,1
s8600,0.97,1
s8601,0.998,1
s8602,0.86,1
s8603,1.0,1
s8604,0.9840000000000001,1
s8605,0.97,1
s8606,0.693,1
s8607,1.0,1
s8608,1.0,1
s8609,0.982,1
s8610,0.609,1
s8611,0.812,1
s8612,0.945,1
s8613,0.998,1
s8614,0.998,1
s8615,1.0,1
s8616,0.976,1
s8617,1.0,1
s8618,1.0,1
s8619,1.0,1
s8620,0.958,1
s8621,0.98,1
s8622,0.982,1
s8623,0.965,1
s8624,0.977,1
s8625,0.996,1
s8626,1.0,1
s8627,1.0,1
s8628,0.991,1
s8629,0.9179999999999999,1
s8630,0.8320000000000001,1
s8631,1.0,1
s8632,0.997,1
s8633,1.0,1
s8634,1.0,1
s8635,0.59,1
s8636,0.985,1
s8637,1.0,1
s8638,0.992,1
s8639,1.0,1
s8640,1.0,1
s8641,1.0,1
s8642,0.9790000000000001,1
s8643,1.0,1
s8644,1.0,1
s8645,0.9840000000000001,1
s8646,1.0,1
s8647,0.992,1
s8648,0.935,1
s8649,0.991,1
s8650,0.981,1
s8651,0.992,1
s8652,0.945,1
s8653,0.935,1
s8654,0.9179999999999999,1
s8655,1.0,1
s8656,1.0,1
s8657,1.0,1
s8658,1.0,1
s8659,1.0,1
s8660,1.0,1
s8661,0.9790000000000001,1
s8662,0.978,1
s8663,1.0,1
s8664,1.0,1
s8665,1.0,1
s8666,1.0,1
s8667,0.731,1
s8668,0.7390000000000001,1
s8669,0.892,1
s8670,1.0,1
s8671,0.853,1
s8672,0.898,1
s8673,0.574,1
s8674,0.738,1
s8675,0.9990000000000001,1
s8676,0.968,1
s8677,1.0,1
s8678,1.0,1
s8679,1.0,1
s8680,0.988,1
s8681,1.0,1
s8682,0.795,1
s8683,0.679,1
s8684,0.94,1
s8685,1.0,1
s8686,1.0,1
s8687,1.0,1
s8688,1.0,1
s8689,1.0,1
s8690,0.997,1
s8691,0.993,1
s8692,1.0,1
s8693,0.991,1
s8694,0.9940000000000001,1
s8695,0.99,1
s8696,0.997,1
s8697,0.971,1
s8698,0.99,1
s8699,1.0,1
s8700,0.993,1
s8701,0.996,1
s8702,0.831,1
s8703,0.73,1
s8704,1.0,1
s8705,1.0,1
s8706,1.0,1
s8707,0.985,1
s8708,0.997,1
s8709,0.991,1
s8710,0.991,1
s8711,0.95,1
s8712,1.0,1
s8713,1.0,1
s8714,1.0,1
s8715,0.963,1
s8716,1.0,1
s8717,1.0,1
s8718,0.996,1
s8719,0.998,1
s8720,0.647,1
s8721,0.9209999999999999,1
s8722,1.0,1
s8723,1.0,1
s8724,0.607,1
s8725,1.0,1
s8726,0.6920000000000001,1
s8727,0.943,1
s8728,0.998,1
s8729,0.951,1
s8730,0.935,1
s8731,0.894,1
s8732,1.0,1
s8733,0.713,1
s8734,0.975,1
s8735,0.992,1
s8736,0.997,1
s8737,1.0,1
s8738,1.0,1
s8739,1.0,1
s8740,1.0,1
s8741,1.0,1
s8742,1.0,1
s8743,1.0,1
s8744,1.0,1
s8745,1.0,1
s8746,0.983,1
s8747,1.0,1
s8748,1.0,1
s8749,1.0,1
s8750,0.948,1
s8751,0.573,1
s8752,1.0,1
s8753,1.0,1
s8754,1.0,1
s8755,1.0,1
s8756,0.963,1
s8757,0.925,1
s8758,1.0,1
s8759,0.985,1
s8760,1.0,1
s8761,1.0,1
s8762,1.0,1
s8763,1.0,1
s8764,0.985,1
s8765,1.0,1
s8766,0.95,1
s8767,1.0,1
s8768,0.992,1
s8769,0.981,1
s8770,0.982,1
s8771,1.0,1
s8772,0.966,1
s8773,1.0,1
s8774,1.0,1
s8775,1.0,1
s8776,0.99,1
s8777,1.0,1
s8778,0.9570000000000001,1
s8779,0.985,1
s8780,1.0,1
s8781,1.0,1
s8782,1.0,1
s8783,0.953,1
s8784,0.975,1
s8785,0.981,1
s8786,0.977,1
s8787,0.98,1
s8788,1.0,1
s8789,0.753,1
s8790,1.0,1
s8791,0.9890000000000001,1
s8792,0.991,1
s8793,0.7879999999999999,1
s8794,1.0,1
s8795,1.0,1
s8796,0.725,1
s8797,0.96,1
s8798,1.0,1
s8799,1.0,1
s8800,1.0,1
s8801,0.996,1
s8802,1.0,1
s8803,1.0,1
s8804,0.992,1
s8805,0.973,1
s8806,0.998,1
s8807,1.0,1
s8808,1.0,1
s8809,0.77,1
s8810,0.8859999999999999,1
s8811,0.629,1
s8812,1.0,1
s8813,0.953,1
s8814,1.0,1
s8815,1.0,1
s8816,1.0,1
s8817,1.0,1
s8818,1.0,1
s8819,0.711,1
s8820,0.6709999999999999,1
s8821,0.591,1
s8822,0.9940000000000001,1
s8823,0.998,1
s8824,0.7609999999999999,1
s8825,0.987,1
s8826,0.965,1
s8827,0.995,1
s8828,0.995,1
s8829,0.995,1
s8830,0.995,1
s8831,0.848,1
s8832,0.586,1
s8833,1.0,1
s8834,1.0,1
s8835,0.996,1
s8836,0.996,1
s8837,0.996,1
s8838,0.885,1
s8839,1.0,1
s8840,0.938,1
s8841,0.997,1
s8842,0.9940000000000001,1
s8843,1.0,1
s8844,0.57,1
s8845,1.0,1
s8846,1.0,1
s8847,1.0,1
s8848,0.675,1
s8849,1.0,1
s8850,1.0,1
s8851,0.7859999999999999,1
s8852,0.976,1
s8853,0.996,1
s8854,0.996,1
s8855,0.996,1
s8856,1.0,1
s8857,0.996,1
s8858,1.0,1
s8859,0.768,1
s8860,1.0,1
s8861,0.973,1
s8862,1.0,1
s8863,0.619,1
s8864,1.0,1
s8865,0.997,1
s8866,1.0,1
s8867,1.0,1
s8868,0.975,1
s8869,0.92,1
s8870,0.669,1
s8871,1.0,1
s8872,0.932,1
s8873,1.0,1
s8874,0.996,1
s8875,0.996,1
s8876,0.9940000000000001,1
s8877,0.556,1
s8878,0.996,1
s8879,0.996,1
s8880,0.996,1
s8881,1.0,1
s8882,1.0,1
s8883,1.0,1
s8884,1.0,1
s8885,1.0,1
s8886,0.9470000000000001,1
s8887,0.993,1
s8888,0.8440000000000001,1
s8889,0.995,1
s8890,1.0,1
s8891,0.996,1
s8892,0.988,1
s8893,1.0,1
s8894,0.996,1
s8895,0.996,1
s8896,0.996,1
s8897,0.996,1
s8898,0.996,1
s8899,0.992,1
s8900,0.998,1
s8901,0.998,1
s8902,0.972,1
s8903,1.0,1
s8904,0.9840000000000001,1
s8905,1.0,1
s8906,0.977,1
s8907,0.9690000000000001,1
s8908,0.9690000000000001,1
s8909,0.9,1
s8910,1.0,1
s8911,0.998,1
s8912,0.997,1
s8913,1.0,1
s8914,1.0,1
s8915,1.0,1
s8916,1.0,1
s8917,0.997,1
s8918,0.821,1
s8919,0.99,1
s8920,1.0,1
s8921,0.982,1
s8922,0.996,1
s8923,0.997,1
s8924,1.0,1
s8925,0.996,1
s8926,1.0,1
s8927,1.0,1
s8928,0.997,1
s8929,0.9890000000000001,1
s8930,1.0,1
s8931,0.9840000000000001,1
s8932,0.982,1
s8933,0.695,1
s8934,0.996,1
s8935,1.0,1
s8936,0.996,1
s8937,0.978,1
s8938,0.998,1
s8939,1.0,1
s8940,0.99,1
s8941,1.0,1
s8942,0.982,1
s8943,0.983,1
s8944,1.0,1
s8945,1.0,1
s8946,0.748,1
s8947,0.5770000000000001,1
s8948,1.0,1
s8949,1.0,1
s8950,1.0,1
s8951,0.996,1
s8952,1.0,1
s8953,0.594,1
s8954,0.995,1
s8955,1.0,1
s8956,1.0,1
s8957,1.0,1
s8958,0.789,1
s8959,0.7979999999999999,1
s8960,0.9670000000000001,1
s8961,0.996,1
s8962,0.612,1
s8963,0.672,1
s8964,1.0,1
s8965,1.0,1
s8966,0.996,1
s8967,0.898,1
s8968,1.0,1
s8969,0.9670000000000001,1
s8970,1.0,1
s8971,0.976,1
s8972,0.996,1
s8973,0.996,1
s8974,0.996,1
s8975,0.997,1
s8976,1.0,1
s8977,1.0,1
s8978,1.0,1
s8979,1.0,1
s8980,1.0,1
s8981,0.713,1
s8982,1.0,1
s8983,1.0,1
s8984,0.9990000000000001,1
s8985,0.9990000000000001,1
s8986,1.0,1
s8987,0.986,1
s8988,1.0,1
s8989,1.0,1
s8990,0.985,1
s8991,0.997,1
s8992,0.997,1
s8993,1.0,1
s8994,0.619,1
s8995,0.58,1
s8996,1.0,1
s8997,0.74,1
s8998,0.975,1
s8999,1.0,1
s9000,0.9990000000000001,1
s9001,0.9890000000000001,1
s9002,1.0,1
s9003,1.0,1
s9004,1.0,1
s9005,1.0,1
s9006,1.0,1
s9007,1.0,1
s9008,1.0,1
s9009,1.0,1
s9010,0.799,1
s9011,0.993,1
s9012,1.0,1
s9013,0.9670000000000001,1
s9014,1.0,1
s9015,1.0,1
s9016,0.978,1
s9017,0.996,1
s9018,0.996,1
s9019,0.9940000000000001,1
s9020,1.0,1
s9021,1.0,1
s9022,0.963,1
s9023,0.9790000000000001,1
s9024,0.897,1
s9025,1.0,1
s9026,1.0,1
s9027,0.925,1
s9028,0.9890000000000001,1
s9029,1.0,1
s9030,1.0,1
s9031,1.0,1
s9032,0.7609999999999999,1
s9033,0.996,1
s9034,0.893,1
s9035,0.898,1
s9036,0.631,1
s9037,0.993,1
s9038,0.996,1
s9039,0.55,1
s9040,0.675,1
s9041,0.985,1
s9042,1.0,1
s9043,1.0,1
s9044,0.996,1
s9045,1.0,1
s9046,0.871,1
s9047,0.732,1
s9048,0.667,1
s9049,0.9,1
s9050,0.7090000000000001,1
s9051,1.0,1
s9052,0.996,1
s9053,1.0,1
s9054,1.0,1
s9055,1.0,1
s9056,0.996,1
s9057,0.996,1
s9058,0.838,1
s9059,1.0,1
s9060,1.0,1
s9061,1.0,1
s9062,0.996,1
s9063,1.0,1
s9064,0.996,1
s9065,0.996,1
s9066,1.0,1
s9067,0.8320000000000001,1
s9068,0.862,1
s9069,0.861,1
s9070,0.996,1
s9071,0.61,1
s9072,1.0,1
s9073,1.0,1
s9074,0.581,1
s9075,1.0,1
s9076,0.996,1
s9077,0.5820000000000001,1
s9078,0.5820000000000001,1
s9079,1.0,1
s9080,0.998,1
s9081,0.998,1
s9082,0.998,1
s9083,0.76,1
s9084,0.55,1
s9085,0.631,1
s9086,0.5720000000000001,1
s9087,1.0,1
s9088,1.0,1
s9089,1.0,1
s9090,0.996,1
s9091,0.996,1
s9092,1.0,1
s9093,1.0,1
s9094,0.996,1
s9095,0.996,1
s9096,0.996,1
s9097,0.996,1
s9098,0.996,1
s9099,0.996,1
s9100,0.8370000000000001,1
s9101,1.0,1
s9102,1.0,1
s9103,1.0,1
s9104,1.0,1
s9105,1.0,1
s9106,1.0,1
s9107,0.973,1
s9108,1.0,1
s9109,0.996,1
s9110,0.996,1
s9111,0.996,1
s9112,0.996,1
s9113,1.0,1
s9114,0.996,1
s9115,0.996,1
s9116,1.0,1
s9117,1.0,1
s9118,1.0,1
s9119,0.996,1
s9120,0.996,1
s9121,0.996,1
s9122,0.996,1
s9123,1.0,1
s9124,1.0,1
s9125,1.0,1
s9126,1.0,1
s9127,1.0,1
s9128,1.0,1
s9129,0.8370000000000001,1
s9130,0.94,1
s9131,0.8370000000000001,1
s9132,0.8320000000000001,1
s9133,1.0,1
s9134,0.857,1
s9135,1.0,1
s9136,1.0,1
s9137,0.7390000000000001,1
s9138,1.0,1
s9139,0.986,1
s9140,0.8370000000000001,1
s9141,0.9640000000000001,1
s9142,1.0,1
s9143,1.0,1
s9144,0.7040000000000001,1
s9145,0.616,1
s9146,1.0,1
s9147,1.0,1
s9148,0.998,1
s9149,0.777,1
s9150,1.0,1
s9151,0.96,1
s9152,1.0,1
s9153,0.855,1
s9154,0.568,1
s9155,1.0,1
s9156,1.0,1
s9157,1.0,1
s9158,1.0,1
s9159,1.0,1
s9160,1.0,1
s9161,1.0,1
s9162,1.0,1
s9163,1.0,1
s9164,1.0,1
s9165,1.0,1
s9166,0.9940000000000001,1
s9167,0.98,1
s9168,1.0,1
s9169,1.0,1
s9170,0.752,1
s9171,1.0,1
s9172,0.9520000000000001,1
s9173,0.992,1
s9174,0.777,1
s9175,0.813,1
s9176,0.996,1
s9177,0.9890000000000001,1
s9178,0.7879999999999999,1
s9179,0.982,1
s9180,0.995,1
s9181,0.995,1
s9182,0.996,1
s9183,0.992,1
s9184,1.0,1
s9185,0.998,1
s9186,1.0,1
s9187,1.0,1
s9188,0.98,1
s9189,0.995,1
s9190,1.0,1
s9191,1.0,1
s9192,0.991,1
s9193,0.9940000000000001,1
s9194,1.0,1
s9195,0.616,1
s9196,1.0,1
s9197,0.597,1
s9198,1.0,1
s9199,1.0,1
s9200,0.993,1
s9201,1.0,1
s9202,0.997,1
s9203,1.0,1
s9204,1.0,1
s9205,1.0,1
s9206,0.838,1
s9207,1.0,1
s9208,1.0,1
s9209,1.0,1
s9210,0.992,1
s9211,0.998,1
s9212,1.0,1
s9213,1.0,1
s9214,1.0,1
s9215,0.648,1
s9216,0.647,1
s9217,0.647,1
s9218,0.647,1
s9219,1.0,1
s9220,1.0,1
s9221,0.993,1
s9222,0.993,1
s9223,0.993,1
s9224,0.993,1
s9225,0.993,1
s9226,0.993,1
s9227,0.993,1
s9228,0.993,1
s9229,0.993,1
s9230,0.993,1
s9231,0.993,1
s9232,0.993,1
s9233,1.0,1
s9234,0.792,1
s9235,0.7809999999999999,1
s9236,1.0,1
s9237,1.0,1
s9238,1.0,1
s9239,1.0,1
s9240,0.997,1
s9241,0.9079999999999999,1
s9242,0.997,1
s9243,1.0,1
s9244,0.978,1
s9245,1.0,1
s9246,0.993,1
s9247,0.993,1
s9248,0.993,1
s9249,0.993,1
s9250,0.993,1
s9251,0.993,1
s9252,0.993,1
s9253,0.987,1
s9254,0.987,1
s9255,0.987,1
s9256,0.987,1
s9257,0.987,1
s9258,0.987,1
s9259,0.987,1
s9260,0.987,1
s9261,0.987,1
s9262,0.98,1
s9263,0.98,1
s9264,0.973,1
s9265,1.0,1
s9266,1.0,1
s9267,1.0,1
s9268,1.0,1
s9269,1.0,1
s9270,1.0,1
s9271,0.981,1
s9272,1.0,1
s9273,0.98,1
s9274,0.9740000000000001,1
s9275,0.998,1
s9276,0.982,1
s9277,1.0,1
s9278,0.995,1
s9279,0.992,1
s9280,0.995,1
s9281,1.0,1
s9282,1.0,1
s9283,0.992,1
s9284,0.988,1
s9285,0.9840000000000001,1
s9286,0.9840000000000001,1
s9287,0.917,1
s9288,1.0,1
s9289,1.0,1
s9290,0.991,1
s9291,1.0,1
s9292,1.0,1
s9293,0.996,1
s9294,0.993,1
s9295,1.0,1
s9296,0.993,1
s9297,1.0,1
s9298,0.74,1
s9299,1.0,1
s9300,0.99,1
s9301,0.968,1
s9302,0.7490000000000001,1
s9303,0.802,1
s9304,0.993,1
s9305,1.0,1
s9306,1.0,1
s9307,1.0,1
s9308,1.0,1
s9309,0.929,1
s9310,0.701,1
s9311,1.0,1
s9312,0.9840000000000001,1
s9313,0.991,1
s9314,1.0,1
s9315,0.836,1
s9316,0.927,1
s9317,0.997,1
s9318,1.0,1
s9319,1.0,1
s9320,1.0,1
s9321,0.991,1
s9322,0.963,1
s9323,0.88,1
s9324,1.0,1
s9325,1.0,1
s9326,0.99,1
s9327,0.977,1
s9328,0.6659999999999999,1
s9329,1.0,1
s9330,1.0,1
s9331,0.985,1
s9332,1.0,1
s9333,0.951,1
s9334,1.0,1
s9335,1.0,1
s9336,0.995,1
s9337,0.8959999999999999,1
s9338,1.0,1
s9339,0.6809999999999999,1
s9340,0.996,1
s9341,0.99,1
s9342,0.8270000000000001,1
s9343,1.0,1
s9344,0.568,1
s9345,0.6829999999999999,1
s9346,0.99,1
s9347,0.995,1
s9348,0.973,1
s9349,1.0,1
s9350,1.0,1
s9351,0.9890000000000001,1
s9352,1.0,1
s9353,1.0,1
s9354,0.9940000000000001,1
s9355,0.9440000000000001,1
s9356,0.706,1
s9357,0.763,1
s9358,0.575,1
s9359,0.971,1
s9360,0.69,1
s9361,0.9670000000000001,1
s9362,1.0,1
s9363,0.8,1
s9364,1.0,1
s9365,1.0,1
s9366,0.833,1
s9367,1.0,1
s9368,0.9420000000000001,1
s9369,0.9670000000000001,1
s9370,1.0,1
s9371,0.995,1
s9372,0.9940000000000001,1
s9373,0.838,1
s9374,0.64,1
s9375,0.9390000000000001,1
s9376,0.99,1
s9377,1.0,1
s9378,0.9420000000000001,1
s9379,1.0,1
s9380,0.997,1
s9381,1.0,1
s9382,1.0,1
s9383,1.0,1
s9384,1.0,1
s9385,0.616,1
s9386,1.0,1
s9387,1.0,1
s9388,1.0,1
s9389,0.993,1
s9390,1.0,1
s9391,0.905,1
s9392,0.9,1
s9393,0.9,1
s9394,0.63,1
s9395,0.972,1
s9396,1.0,1
s9397,0.996,1
s9398,1.0,1
s9399,0.997,1
s9400,0.826,1
s9401,1.0,1
s9402,0.825,1
s9403,0.996,1
s9404,1.0,1
s9405,0.9490000000000001,1
s9406,0.9490000000000001,1
s9407,0.8029999999999999,1
s9408,0.9159999999999999,1
s9409,0.992,1
s9410,0.9940000000000001,1
s9411,0.995,1
s9412,0.998,1
s9413,1.0,1
s9414,1.0,1
s9415,1.0,1
s9416,0.997,1
s9417,0.596,1
s9418,0.9890000000000001,1
s9419,1.0,1
s9420,0.997,1
s9421,0.996,1
s9422,1.0,1
s9423,1.0,1
s9424,0.988,1
s9425,0.726,1
s9426,0.569,1
s9427,0.917,1
s9428,1.0,1
s9429,0.9520000000000001,1
s9430,0.997,1
s9431,1.0,1
s9432,1.0,1
s9433,0.591,1
s9434,0.628,1
s9435,1.0,1
s9436,0.977,1
s9437,1.0,1
s9438,0.99,1
s9439,0.998,1
s9440,1.0,1
s9441,0.981,1
s9442,0.9790000000000001,1
s9443,0.7490000000000001,1
s9444,0.746,1
s9445,1.0,1
s9446,0.556,1
s9447,1.0,1
s9448,0.659,1
s9449,0.972,1
s9450,0.993,1
s9451,0.701,1
s9452,1.0,1
s9453,0.9840000000000001,1
s9454,0.978,1
s9455,1.0,1
s9456,1.0,1
s9457,0.997,1
s9458,1.0,1
s9459,0.998,1
s9460,1.0,1
s9461,0.9890000000000001,1
s9462,1.0,1
s9463,0.996,1
s9464,0.992,1
s9465,0.584,1
s9466,0.992,1
s9467,1.0,1
s9468,0.992,1
s9469,1.0,1
s9470,1.0,1
s9471,0.993,1
s9472,1.0,1
s9473,1.0,1
s9474,0.988,1
s9475,1.0,1
s9476,1.0,1
s9477,1.0,1
s9478,1.0,1
s9479,1.0,1
s9480,1.0,1
s9481,1.0,1
s9482,1.0,1
s9483,0.992,1
s9484,0.9009999999999999,1
s9485,1.0,1
s9486,0.996,1
s9487,1.0,1
s9488,0.997,1
s9489,0.997,1
s9490,0.8859999999999999,1
s9491,1.0,1
s9492,1.0,1
s9493,0.993,1
s9494,0.6940000000000001,1
s9495,1.0,1
s9496,0.993,1
s9497,1.0,1
s9498,1.0,1
s9499,1.0,1
s9500,0.9940000000000001,1
s9501,0.997,1
s9502,0.608,1
s9503,0.972,1
s9504,0.9940000000000001,1
s9505,0.997,1
s9506,0.995,1
s9507,1.0,1
s9508,0.996,1
s9509,1.0,1
s9510,0.998,1
s9511,1.0,1
s9512,1.0,1
s9513,0.991,1
s9514,1.0,1
s9515,1.0,1
s9516,1.0,1
s9517,1.0,1
s9518,1.0,1
s9519,1.0,1
s9520,1.0,1
s9521,1.0,1
s9522,1.0,1
s9523,1.0,1
s9524,1.0,1
s9525,0.945,1
s9526,0.976,1
s9527,1.0,1
s9528,0.988,1
s9529,0.991,1
s9530,1.0,1
s9531,0.988,1
s9532,0.9790000000000001,1
s9533,0.56,1
s9534,1.0,1
s9535,0.9940000000000001,1
s9536,1.0,1
s9537,1.0,1
s9538,1.0,1
s9539,0.73,1
s9540,0.73,1
s9541,0.73,1
s9542,0.73,1
s9543,1.0,1
s9544,0.73,1
s9545,1.0,1
s9546,1.0,1
s9547,0.835,1
s9548,0.8340000000000001,1
s9549,1.0,1
s9550,0.889,1
s9551,0.909,1
s9552,1.0,1
s9553,1.0,1
s9554,1.0,1
s9555,0.971,1
s9556,1.0,1
s9557,0.996,1
s9558,0.76,1
s9559,0.9890000000000001,1
s9560,0.982,1
s9561,1.0,1
s9562,0.992,1
s9563,1.0,1
s9564,0.838,1
s9565,0.996,1
s9566,0.995,1
s9567,0.995,1
s9568,0.9570000000000001,1
s9569,0.997,1
s9570,0.899,1
s9571,1.0,1
s9572,1.0,1
s9573,0.9940000000000001,1
s9574,0.5820000000000001,1
s9575,0.91,1
s9576,0.763,1
s9577,1.0,1
s9578,1.0,1
s9579,1.0,1
s9580,1.0,1
s9581,1.0,1
s9582,0.607,1
s9583,1.0,1
s9584,1.0,1
s9585,0.993,1
s9586,1.0,1
s9587,0.991,1
s9588,0.777,1
s9589,1.0,1
s9590,1.0,1
s9591,0.915,1
s9592,0.993,1
s9593,0.904,1
s9594,1.0,1
s9595,0.996,1
s9596,1.0,1
s9597,0.9840000000000001,1
s9598,0.992,1
s9599,1.0,1
s9600,0.9990000000000001,1
s9601,0.991,1
s9602,1.0,1
s9603,0.9570000000000001,1
s9604,0.983,1
s9605,1.0,1
s9606,0.99,1
s9607,1.0,1
s9608,1.0,1
s9609,0.665,1
s9610,0.6709999999999999,1
s9611,1.0,1
s9612,0.9390000000000001,1
s9613,0.991,1
s9614,1.0,1
s9615,0.998,1
s9616,0.99,1
s9617,0.9940000000000001,1
s9618,0.985,1
s9619,0.981,1
s9620,0.5820000000000001,1
s9621,1.0,1
s9622,1.0,1
s9623,0.955,1
s9624,0.802,1
s9625,0.9940000000000001,1
s9626,0.95,1
s9627,0.98,1
s9628,0.708,1
s9629,1.0,1
s9630,1.0,1
s9631,0.997,1
s9632,0.997,1
s9633,0.997,1
s9634,0.997,1
s9635,0.996,1
s9636,0.997,1
s9637,1.0,1
s9638,0.9890000000000001,1
s9639,0.826,1
s9640,0.826,1
s9641,0.96,1
s9642,1.0,1
s9643,0.987,1
s9644,0.978,1
s9645,0.998,1
s9646,1.0,1
s9647,0.633,1
s9648,0.99,1
s9649,0.998,1
s9650,1.0,1
s9651,1.0,1
s9652,0.856,1
s9653,0.943,1
s9654,0.85,1
s9655,0.838,1
s9656,0.998,1
s9657,0.987,1
s9658,0.787,1
s9659,1.0,1
s9660,1.0,1
s9661,1.0,1
s9662,1.0,1
s9663,0.987,1
s9664,0.9740000000000001,1
s9665,0.8420000000000001,1
s9666,1.0,1
s9667,0.667,1
s9668,0.835,1
s9669,1.0,1
s9670,1.0,1
s9671,1.0,1
s9672,1.0,1
s9673,1.0,1
s9674,1.0,1
s9675,0.892,1
s9676,0.903,1
s9677,0.865,1
s9678,1.0,1
s9679,0.996,1
s9680,0.991,1
s9681,0.99,1
s9682,1.0,1
s9683,0.586,1
s9684,0.995,1
s9685,0.998,1
s9686,0.996,1
s9687,0.611,1
s9688,0.992,1
s9689,0.624,1
s9690,0.9420000000000001,1
s9691,1.0,1
s9692,1.0,1
s9693,1.0,1
s9694,1.0,1
s9695,0.636,1
s9696,0.578,1
s9697,1.0,1
s9698,1.0,1
s9699,1.0,1
s9700,1.0,1
s9701,1.0,1
s9702,1.0,1
s9703,0.619,1
s9704,0.9179999999999999,1
s9705,1.0,1
s9706,0.995,1
s9707,0.995,1
s9708,0.998,1
s9709,0.995,1
s9710,1.0,1
s9711,0.917,1
s9712,1.0,1
s9713,0.998,1
s9714,0.981,1
s9715,0.981,1
s9716,0.9840000000000001,1
s9717,0.9540000000000001,1
s9718,0.9540000000000001,1
s9719,0.9440000000000001,1
s9720,1.0,1
s9721,1.0,1
s9722,0.978,1
s9723,0.96,1
s9724,0.997,1
s9725,0.81,1
s9726,0.9890000000000001,1
s9727,0.9940000000000001,1
s9728,1.0,1
s9729,0.664,1
s9730,0.96,1
s9731,0.9790000000000001,1
s9732,0.993,1
s9733,0.9840000000000001,1
s9734,1.0,1
s9735,0.975,1
s9736,1.0,1
s9737,1.0,1
s9738,1.0,1
s9739,1.0,1
s9740,0.997,1
s9741,0.706,1
s9742,0.985,1
s9743,0.98,1
s9744,0.998,1
s9745,0.6759999999999999,1
s9746,0.664,1
s9747,1.0,1
s9748,0.998,1
s9749,1.0,1
s9750,0.997,1
s9751,0.879,1
s9752,0.69,1
s9753,0.883,1
s9754,0.998,1
s9755,1.0,1
s9756,0.998,1
s9757,0.981,1
s9758,1.0,1
s9759,1.0,1
s9760,0.5589999999999999,1
s9761,1.0,1
s9762,0.9940000000000001,1
s9763,0.852,1
s9764,0.997,1
s9765,0.971,1
s9766,1.0,1
s9767,0.8759999999999999,1
s9768,0.7809999999999999,1
s9769,1.0,1
s9770,0.976,1
s9771,1.0,1
s9772,0.9640000000000001,1
s9773,0.991,1
s9774,1.0,1
s9775,0.746,1
s9776,0.996,1
s9777,0.9940000000000001,1
s9778,0.6629999999999999,1
s9779,0.998,1
s9780,0.986,1
s9781,1.0,1
s9782,0.775,1
s9783,0.748,1
s9784,1.0,1
s9785,0.993,1
s9786,0.6729999999999999,1
s9787,0.9179999999999999,1
s9788,0.888,1
s9789,0.9940000000000001,1
s9790,1.0,1
s9791,1.0,1
s9792,1.0,1
s9793,1.0,1
s9794,1.0,1
s9795,0.996,1
s9796,0.983,1
s9797,1.0,1
s9798,1.0,1
s9799,0.988,1
s9800,0.889,1
s9801,1.0,1
s9802,1.0,1
s9803,0.7190000000000001,1
s9804,0.958,1
s9805,1.0,1
s9806,1.0,1
s9807,0.997,1
s9808,0.996,1
s9809,1.0,1
s9810,1.0,1
s9811,0.9940000000000001,1
s9812,0.997,1
s9813,0.7090000000000001,1
s9814,1.0,1
s9815,1.0,1
s9816,0.74,1
s9817,0.995,1
s9818,0.7609999999999999,1
s9819,0.888,1
s9820,0.971,1
s9821,0.581,1
s9822,0.7070000000000001,1
s9823,0.698,1
s9824,1.0,1
s9825,0.898,1
s9826,1.0,1
s9827,1.0,1
s9828,1.0,1
s9829,0.9940000000000001,1
s9830,1.0,1
s9831,1.0,1
s9832,0.996,1
s9833,1.0,1
s9834,0.9940000000000001,1
s9835,1.0,1
s9836,0.9109999999999999,1
s9837,1.0,1
s9838,1.0,1
s9839,1.0,1
s9840,0.9940000000000001,1
s9841,0.996,1
s9842,0.649,1
s9843,0.76,1
s9844,0.9790000000000001,1
s9845,1.0,1
s9846,0.875,1
s9847,1.0,1
s9848,1.0,1
s9849,0.7709999999999999,1
s9850,1.0,1
s9851,1.0,1
s9852,0.552,1
s9853,0.617,1
s9854,0.823,1
s9855,0.9940000000000001,1
s9856,0.9940000000000001,1
s9857,0.9940000000000001,1
s9858,0.9890000000000001,1
s9859,1.0,1
s9860,0.732,1
s9861,1.0,1
s9862,1.0,1
s9863,1.0,1
s9864,1.0,1
s9865,0.85,1
s9866,1.0,1
s9867,0.579,1
s9868,1.0,1
s9869,1.0,1
s9870,0.993,1
s9871,1.0,1
s9872,1.0,1
s9873,0.996,1
s9874,0.862,1
s9875,1.0,1
s9876,0.976,1
s9877,1.0,1
s9878,0.997,1
s9879,0.997,1
s9880,1.0,1
s9881,0.996,1
s9882,1.0,1
s9883,1.0,1
s9884,0.996,1
s9885,1.0,1
s9886,0.982,1
s9887,0.977,1
s9888,1.0,1
s9889,0.9890000000000001,1
s9890,0.963,1
s9891,1.0,1
s9892,0.995,1
s9893,1.0,1
s9894,0.9940000000000001,1
s9895,1.0,1
s9896,1.0,1
s9897,0.993,1
s9898,0.993,1
s9899,0.993,1
s9900,1.0,1
s9901,1.0,1
s9902,0.986,1
s9903,0.748,1
s9904,0.56,1
s9905,1.0,1
s9906,1.0,1
s9907,1.0,1
s9908,1.0,1
s9909,0.997,1
s9910,0.997,1
s9911,0.992,1
s9912,0.9420000000000001,1
s9913,0.995,1
s9914,1.0,1
s9915,1.0,1
s9916,0.988,1
s9917,0.997,1
s9918,1.0,1
s9919,0.988,1
s9920,1.0,1
s9921,1.0,1
s9922,1.0,1
s9923,1.0,1
s9924,0.997,1
s9925,0.986,1
s9926,0.9940000000000001,1
s9927,0.9390000000000001,1
s9928,1.0,1
s9929,1.0,1
s9930,0.9109999999999999,1
s9931,0.9079999999999999,1
s9932,0.607,1
s9933,1.0,1
s9934,0.996,1
s9935,0.998,1
s9936,0.998,1
s9937,1.0,1
s9938,0.997,1
s9939,1.0,1
s9940,1.0,1
s9941,0.996,1
s9942,0.965,1
s9943,0.9520000000000001,1
s9944,0.992,1
s9945,1.0,1
s9946,1.0,1
s9947,0.998,1
s9948,0.998,1
s9949,0.995,1
s9950,0.997,1
s9951,0.972,1
s9952,0.991,1
s9953,0.991,1
s9954,0.99,1
s9955,0.997,1
s9956,0.995,1
s9957,0.995,1
s9958,1.0,1
s9959,0.971,1
s9960,0.935,1
s9961,1.0,1
s9962,0.992,1
s9963,1.0,1
s9964,1.0,1
s9965,1.0,1
s9966,1.0,1
s9967,0.976,1
s9968,0.7090000000000001,1
s9969,0.997,1
s9970,0.997,1
s9971,0.703,1
s9972,1.0,1
s9973,0.997,1
s9974,0.993,1
s9975,1.0,1
s9976,1.0,1
s9977,0.775,1
s9978,0.98,1
s9979,0.65,1
s9980,0.701,1
s9981,0.937,1
s9982,0.998,1
s9983,1.0,1
s9984,1.0,1
s9985,1.0,1
s9986,0.6559999999999999,1
s9987,0.52,1
s9988,1.0,1
s9989,0.9940000000000001,1
s9990,0.993,1
s9991,0.977,1
s9992,0.85,1
s9993,0.976,1
s9994,1.0,1
s9995,1.0,1
s9996,0.997,1
s9997,0.993,1
s9998,0.99,1
s9999,0.992,1
s10000,1.0,1
s10001,0.963,1
s10002,1.0,1
s10003,0.988,1
s10004,0.99,1
s10005,0.9790000000000001,1
s10006,0.746,1
s10007,1.0,1
s10008,0.992,1
s10009,0.992,1
s10010,0.992,1
s10011,0.992,1
s10012,0.992,1
s10013,0.992,1
s10014,1.0,1
s10015,0.993,1
s10016,0.995,1
s10017,1.0,1
s10018,1.0,1
s10019,0.993,1
s10020,0.922,1
s10021,0.868,1
s10022,0.868,1
s10023,0.9279999999999999,1
s10024,0.813,1
s10025,0.996,1
s10026,1.0,1
s10027,0.68,1
s10028,0.958,1
s10029,0.992,1
s10030,0.99,1
s10031,1.0,1
s10032,0.985,1
s10033,0.995,1
s10034,0.995,1
s10035,0.745,1
s10036,0.866,1
s10037,1.0,1
s10038,0.73,1
s10039,1.0,1
s10040,1.0,1
s10041,0.991,1
s10042,0.987,1
s10043,0.986,1
s10044,0.998,1
s10045,1.0,1
s10046,0.998,1
s10047,0.997,1
s10048,1.0,1
s10049,0.9840000000000001,1
s10050,0.993,1
s10051,1.0,1
s10052,0.86,1
s10053,1.0,1
s10054,1.0,1
s10055,1.0,1
s10056,0.995,1
s10057,0.838,1
s10058,1.0,1
s10059,1.0,1
s10060,0.92,1
s10061,0.5539999999999999,1
s10062,1.0,1
s10063,1.0,1
s10064,0.996,1
s10065,1.0,1
s10066,0.993,1
s10067,0.993,1
s10068,0.997,1
s10069,0.718,1
s10070,0.6990000000000001,1
s10071,0.8759999999999999,1
s10072,1.0,1
s10073,0.998,1
s10074,1.0,1
s10075,0.9840000000000001,1
s10076,0.992,1
s10077,0.7440000000000001,1
s10078,1.0,1
s10079,0.625,1
s10080,0.997,1
s10081,1.0,1
s10082,1.0,1
s10083,0.981,1
s10084,0.9009999999999999,1
s10085,0.9490000000000001,1
s10086,1.0,1
s10087,1.0,1
s10088,0.985,1
s10089,0.998,1
s10090,0.998,1
s10091,0.998,1
s10092,0.977,1
s10093,1.0,1
s10094,0.9590000000000001,1
s10095,1.0,1
s10096,0.998,1
s10097,0.998,1
s10098,0.9840000000000001,1
s10099,0.992,1
s10100,0.866,1
s10101,1.0,1
s10102,1.0,1
s10103,1.0,1
s10104,0.981,1
s10105,1.0,1
s10106,0.998,1
s10107,0.986,1
s10108,1.0,1
s10109,1.0,1
s10110,0.982,1
s10111,0.996,1
s10112,1.0,1
s10113,0.99,1
s10114,0.99,1
s10115,1.0,1
s10116,0.598,1
s10117,1.0,1
s10118,0.768,1
s10119,1.0,1
s10120,0.578,1
s10121,0.992,1
s10122,1.0,1
s10123,0.9940000000000001,1
s10124,1.0,1
s10125,0.9329999999999999,1
s10126,0.9059999999999999,1
s10127,0.993,1
s10128,0.8220000000000001,1
s10129,0.996,1
s10130,0.996,1
s10131,1.0,1
s10132,0.997,1
s10133,0.812,1
s10134,1.0,1
s10135,1.0,1
s10136,0.9390000000000001,1
s10137,1.0,1
s10138,0.997,1
s10139,0.992,1
s10140,1.0,1
s10141,0.7829999999999999,1
s10142,0.8290000000000001,1
s10143,1.0,1
s10144,1.0,1
s10145,0.8270000000000001,1
s10146,0.992,1
s10147,1.0,1
s10148,0.725,1
s10149,0.975,1
s10150,0.998,1
s10151,0.996,1
s10152,0.598,1
s10153,0.97,1
s10154,0.97,1
s10155,0.65,1
s10156,1.0,1
s10157,1.0,1
s10158,0.996,1
s10159,0.996,1
s10160,0.996,1
s10161,0.996,1
s10162,1.0,1
s10163,0.682,1
s10164,0.993,1
s10165,0.7959999999999999,1
s10166,0.805,1
s10167,0.981,1
s10168,0.9570000000000001,1
s10169,1.0,1
s10170,0.606,1
s10171,0.922,1
s10172,0.758,1
s10173,0.922,1
s10174,0.635,1
s10175,0.599,1
s10176,0.993,1
s10177,0.997,1
s10178,0.995,1
s10179,0.8190000000000001,1
s10180,0.677,1
s10181,0.993,1
s10182,1.0,1
s10183,0.9890000000000001,1
s10184,1.0,1
s10185,0.996,1
s10186,0.997,1
s10187,1.0,1
s10188,1.0,1
s10189,0.61,1
s10190,0.992,1
s10191,1.0,1
s10192,1.0,1
s10193,0.993,1
s10194,0.993,1
s10195,0.894,1
s10196,1.0,1
s10197,1.0,1
s10198,1.0,1
s10199,0.992,1
s10200,0.648,1
s10201,0.7909999999999999,1
s10202,0.996,1
s10203,1.0,1
s10204,0.997,1
s10205,1.0,1
s10206,0.958,1
s10207,1.0,1
s10208,0.997,1
s10209,0.758,1
s10210,0.898,1
s10211,0.998,1
s10212,0.997,1
s10213,0.998,1
s10214,0.5820000000000001,1
s10215,1.0,1
s10216,1.0,1
s10217,0.672,1
s10218,0.703,1
s10219,1.0,1
s10220,1.0,1
s10221,0.815,1
s10222,1.0,1
s10223,0.996,1
s10224,1.0,1
s10225,0.996,1
s10226,1.0,1
s10227,0.857,1
s10228,1.0,1
s10229,0.996,1
s10230,1.0,1
s10231,0.9890000000000001,1
s10232,1.0,1
s10233,1.0,1
s10234,0.9670000000000001,1
s10235,0.991,1
s10236,1.0,1
s10237,1.0,1
s10238,1.0,1
s10239,0.9540000000000001,1
s10240,1.0,1
s10241,0.99,1
s10242,0.519,1
s10243,0.993,1
s10244,0.6459999999999999,1
s10245,0.602,1
s10246,1.0,1
s10247,0.996,1
s10248,1.0,1
s10249,0.9890000000000001,1
s10250,0.5920000000000001,1
s10251,0.97,1
s10252,1.0,1
s10253,1.0,1
s10254,0.993,1
s10255,1.0,1
s10256,1.0,1
s10257,0.991,1
s10258,1.0,1
s10259,0.9890000000000001,1
s10260,0.995,1
s10261,1.0,1
s10262,0.836,1
s10263,0.996,1
s10264,1.0,1
s10265,0.977,1
s10266,1.0,1
s10267,0.99,1
s10268,1.0,1
s10269,0.8420000000000001,1
s10270,0.997,1
s10271,0.998,1
s10272,0.997,1
s10273,0.981,1
s10274,0.998,1
s10275,0.818,1
s10276,0.997,1
s10277,1.0,1
s10278,1.0,1
s10279,0.986,1
s10280,1.0,1
s10281,1.0,1
s10282,0.9,1
s10283,0.977,1
s10284,0.982,1
s10285,1.0,1
s10286,1.0,1
s10287,1.0,1
s10288,1.0,1
s10289,1.0,1
s10290,1.0,1
s10291,1.0,1
s10292,0.973,1
s10293,1.0,1
s10294,0.9790000000000001,1
s10295,0.986,1
s10296,0.7120000000000001,1
s10297,0.7759999999999999,1
s10298,0.9840000000000001,1
s10299,1.0,1
s10300,1.0,1
s10301,0.621,1
s10302,0.992,1
s10303,0.606,1
s10304,0.983,1
s10305,1.0,1
s10306,0.9840000000000001,1
s10307,0.991,1
s10308,0.848,1
s10309,0.736,1
s10310,0.997,1
s10311,0.997,1
s10312,0.997,1
s10313,0.997,1
s10314,0.997,1
s10315,0.997,1
s10316,0.997,1
s10317,0.997,1
s10318,0.997,1
s10319,0.997,1
s10320,1.0,1
s10321,0.9890000000000001,1
s10322,0.996,1
s10323,1.0,1
s10324,0.97,1
s10325,1.0,1
s10326,1.0,1
s10327,1.0,1
s10328,1.0,1
s10329,1.0,1
s10330,1.0,1
s10331,1.0,1
s10332,0.96,1
s10333,0.6890000000000001,1
s10334,0.968,1
s10335,1.0,1
s10336,0.998,1
s10337,1.0,1
s10338,1.0,1
s10339,1.0,1
s10340,0.997,1
s10341,1.0,1
s10342,1.0,1
s10343,0.7959999999999999,1
s10344,0.816,1
s10345,0.95,1
s10346,1.0,1
s10347,0.992,1
s10348,0.9840000000000001,1
s10349,0.977,1
s10350,1.0,1
s10351,0.995,1
s10352,0.996,1
s10353,0.997,1
s10354,0.996,1
s10355,0.991,1
s10356,1.0,1
s10357,0.996,1
s10358,1.0,1
s10359,0.868,1
s10360,0.9840000000000001,1
s10361,0.977,1
s10362,0.985,1
s10363,1.0,1
s10364,1.0,1
s10365,1.0,1
s10366,1.0,1
s10367,0.9940000000000001,1
s10368,1.0,1
s10369,1.0,1
s10370,1.0,1
s10371,0.9940000000000001,1
s10372,0.997,1
s10373,0.7709999999999999,1
s10374,0.98,1
s10375,0.97,1
s10376,0.927,1
s10377,0.927,1
s10378,1.0,1
s10379,0.848,1
s10380,1.0,1
s10381,1.0,1
s10382,1.0,1
s10383,1.0,1
s10384,0.988,1
s10385,0.966,1
s10386,1.0,1
s10387,0.49,1
s10388,0.997,1
s10389,0.742,1
s10390,0.758,1
s10391,1.0,1
s10392,0.997,1
s10393,1.0,1
s10394,1.0,1
s10395,1.0,1
s10396,0.998,1
s10397,0.998,1
s10398,0.995,1
s10399,0.997,1
s10400,0.907,1
s10401,0.993,1
s10402,0.892,1
s10403,0.9890000000000001,1
s10404,0.998,1
s10405,0.993,1
s10406,0.993,1
s10407,0.993,1
s10408,0.993,1
s10409,0.993,1
s10410,1.0,1
s10411,0.993,1
s10412,0.993,1
s10413,0.987,1
s10414,0.644,1
s10415,0.708,1
s10416,1.0,1
s10417,1.0,1
s10418,0.9279999999999999,1
s10419,1.0,1
s10420,1.0,1
s10421,0.996,1
s10422,1.0,1
s10423,0.8370000000000001,1
s10424,0.8690000000000001,1
s10425,1.0,1
s10426,1.0,1
s10427,0.728,1
s10428,0.9890000000000001,1
s10429,1.0,1
s10430,1.0,1
s10431,0.9790000000000001,1
s10432,1.0,1
s10433,0.6859999999999999,1
s10434,0.706,1
s10435,0.568,1
s10436,0.706,1
s10437,0.9940000000000001,1
s10438,0.7979999999999999,1
s10439,0.647,1
s10440,0.561,1
s10441,0.705,1
s10442,0.804,1
s10443,0.647,1
s10444,0.5579999999999999,1
s10445,0.998,1
s10446,0.7929999999999999,1
s10447,0.805,1
s10448,1.0,1
s10449,1.0,1
s10450,0.996,1
s10451,1.0,1
s10452,1.0,1
s10453,0.9690000000000001,1
s10454,1.0,1
s10455,0.748,1
s10456,0.745,1
s10457,1.0,1
s10458,0.922,1
s10459,1.0,1
s10460,0.977,1
s10461,0.6679999999999999,1
s10462,0.685,1
s10463,0.672,1
s10464,0.68,1
s10465,1.0,1
s10466,1.0,1
s10467,0.858,1
s10468,0.677,1
s10469,0.9940000000000001,1
s10470,1.0,1
s10471,0.9940000000000001,1
s10472,0.546,1
s10473,1.0,1
s10474,0.996,1
s10475,1.0,1
s10476,0.99,1
s10477,1.0,1
s10478,0.745,1
s10479,0.6609999999999999,1
s10480,0.5920000000000001,1
s10481,1.0,1
s10482,1.0,1
s10483,1.0,1
s10484,0.997,1
s10485,0.986,1
s10486,0.7879999999999999,1
s10487,1.0,1
s10488,1.0,1
s10489,0.9940000000000001,1
s10490,1.0,1
s10491,0.997,1
s10492,0.997,1
s10493,0.99,1
s10494,0.997,1
s10495,0.995,1
s10496,0.9940000000000001,1
s10497,1.0,1
s10498,0.579,1
s10499,0.57,1
s10500,0.787,1
s10501,0.992,1
s10502,0.8809999999999999,1
s10503,0.993,1
s10504,0.993,1
s10505,1.0,1
s10506,0.9940000000000001,1
s10507,0.973,1
s10508,0.997,1
s10509,1.0,1
s10510,1.0,1
s10511,0.9940000000000001,1
s10512,1.0,1
s10513,0.9940000000000001,1
s10514,1.0,1
s10515,1.0,1
s10516,0.56,1
s10517,1.0,1
s10518,0.9940000000000001,1
s10519,1.0,1
s10520,1.0,1
s10521,0.9940000000000001,1
s10522,0.997,1
s10523,0.9940000000000001,1
s10524,0.992,1
s10525,0.998,1
s10526,0.997,1
s10527,0.9570000000000001,1
s10528,1.0,1
s10529,0.9940000000000001,1
s10530,1.0,1
s10531,1.0,1
s10532,0.99,1
s10533,0.945,1
s10534,0.8809999999999999,1
s10535,1.0,1
s10536,0.998,1
s10537,1.0,1
s10538,1.0,1
s10539,1.0,1
s10540,0.966,1
s10541,0.996,1
s10542,0.992,1
s10543,0.9890000000000001,1
s10544,1.0,1
s10545,1.0,1
s10546,0.9940000000000001,1
s10547,0.997,1
s10548,1.0,1
s10549,0.997,1
s10550,1.0,1
s10551,1.0,1
s10552,1.0,1
s10553,1.0,1
s10554,0.99,1
s10555,1.0,1
s10556,0.9940000000000001,1
s10557,0.998,1
s10558,0.998,1
s10559,1.0,1
s10560,0.998,1
s10561,1.0,1
s10562,0.996,1
s10563,0.9940000000000001,1
s10564,1.0,1
s10565,0.956,1
s10566,1.0,1
s10567,1.0,1
s10568,1.0,1
s10569,0.993,1
s10570,1.0,1
s10571,0.9940000000000001,1
s10572,0.966,1
s10573,0.963,1
s10574,0.9890000000000001,1
s10575,0.992,1
s10576,0.996,1
s10577,0.991,1
s10578,0.9940000000000001,1
s10579,0.905,1
s10580,0.9890000000000001,1
s10581,0.9840000000000001,1
s10582,1.0,1
s10583,1.0,1
s10584,0.616,1
s10585,1.0,1
s10586,0.995,1
s10587,1.0,1
s10588,1.0,1
s10589,0.8079999999999999,1
s10590,0.892,1
s10591,0.748,1
s10592,0.996,1
s10593,0.9279999999999999,1
s10594,0.997,1
s10595,0.7879999999999999,1
s10596,0.997,1
s10597,0.998,1
s10598,0.9790000000000001,1
s10599,1.0,1
s10600,0.993,1
s10601,1.0,1
s10602,0.992,1
s10603,0.995,1
s10604,1.0,1
s10605,0.99,1
s10606,0.972,1
s10607,0.953,1
s10608,0.708,1
s10609,0.573,1
s10610,1.0,1
s10611,1.0,1
s10612,1.0,1
s10613,0.981,1
s10614,1.0,1
s10615,1.0,1
s10616,0.636,1
s10617,0.636,1
s10618,0.996,1
s10619,1.0,1
s10620,0.996,1
s10621,1.0,1
s10622,0.95,1
s10623,0.997,1
s10624,0.998,1
s10625,1.0,1
s10626,1.0,1
s10627,1.0,1
s10628,1.0,1
s10629,0.47200000000000003,1
s10630,0.996,1
s10631,0.653,1
s10632,0.94,1
s10633,1.0,1
s10634,0.97,1
s10635,0.998,1
s10636,1.0,1
s10637,0.9790000000000001,1
s10638,0.995,1
s10639,0.991,1
s10640,0.991,1
s10641,0.991,1
s10642,0.99,1
s10643,1.0,1
s10644,1.0,1
s10645,0.953,1
s10646,1.0,1
s10647,0.991,1
s10648,0.987,1
s10649,0.8170000000000001,1
s10650,0.904,1
s10651,1.0,1
s10652,1.0,1
s10653,1.0,1
s10654,0.53,1
s10655,0.983,1
s10656,0.628,1
s10657,0.621,1
s10658,0.8959999999999999,1
s10659,1.0,1
s10660,1.0,1
s10661,1.0,1
s10662,0.9790000000000001,1
s10663,0.998,1
s10664,0.9520000000000001,1
s10665,0.998,1
s10666,1.0,1
s10667,0.981,1
s10668,0.899,1
s10669,1.0,1
s10670,0.997,1
s10671,0.995,1
s10672,0.9690000000000001,1
s10673,1.0,1
s10674,1.0,1
s10675,0.593,1
s10676,1.0,1
s10677,0.987,1
s10678,0.995,1
s10679,0.7240000000000001,1
s10680,0.7240000000000001,1
s10681,1.0,1
s10682,0.868,1
s10683,0.847,1
s10684,0.9840000000000001,1
s10685,0.976,1
s10686,0.9840000000000001,1
s10687,1.0,1
s10688,0.997,1
s10689,1.0,1
s10690,1.0,1
s10691,1.0,1
s10692,0.997,1
s10693,1.0,1
s10694,0.982,1
s10695,0.941,1
s10696,1.0,1
s10697,1.0,1
s10698,1.0,1
s10699,0.927,1
s10700,1.0,1
s10701,0.991,1
s10702,1.0,1
s10703,0.997,1
s10704,0.996,1
s10705,0.992,1
s10706,0.8290000000000001,1
s10707,0.997,1
s10708,1.0,1
s10709,0.996,1
s10710,0.996,1
s10711,1.0,1
s10712,1.0,1
s10713,0.9940000000000001,1
s10714,0.667,1
s10715,0.667,1
s10716,1.0,1
s10717,0.835,1
s10718,0.997,1
s10719,0.998,1
s10720,1.0,1
s10721,0.98,1
s10722,1.0,1
s10723,1.0,1
s10724,0.995,1
s10725,0.985,1
s10726,1.0,1
s10727,1.0,1
s10728,0.9009999999999999,1
s10729,0.8190000000000001,1
s10730,1.0,1
s10731,0.998,1
s10732,1.0,1
s10733,1.0,1
s10734,0.993,1
s10735,0.996,1
s10736,0.742,1
s10737,0.7040000000000001,1
s10738,1.0,1
s10739,0.9940000000000001,1
s10740,1.0,1
s10741,0.9990000000000001,1
s10742,0.99,1
s10743,0.9890000000000001,1
s10744,0.965,1
s10745,1.0,1
s10746,1.0,1
s10747,1.0,1
s10748,0.996,1
s10749,0.9990000000000001,1
s10750,0.9990000000000001,1
s10751,1.0,1
s10752,1.0,1
s10753,1.0,1
s10754,0.998,1
s10755,0.787,1
s10756,1.0,1
s10757,1.0,1
s10758,1.0,1
s10759,0.993,1
s10760,1.0,1
s10761,1.0,1
s10762,1.0,1
s10763,0.997,1
s10764,0.77,1
s10765,1.0,1
s10766,0.992,1
s10767,1.0,1
s10768,0.996,1
s10769,0.995,1
s10770,1.0,1
s10771,1.0,1
s10772,1.0,1
s10773,1.0,1
s10774,1.0,1
s10775,0.997,1
s10776,1.0,1
s10777,0.9990000000000001,1
s10778,1.0,1
s10779,1.0,1
s10780,0.997,1
s10781,0.997,1
s10782,1.0,1
s10783,0.982,1
s10784,1.0,1
s10785,1.0,1
s10786,0.919,1
s10787,0.997,1
s10788,0.998,1
s10789,0.998,1
s10790,0.998,1
s10791,1.0,1
s10792,0.648,1
s10793,0.997,1
s10794,1.0,1
s10795,0.8220000000000001,1
s10796,1.0,1
s10797,0.941,1
s10798,0.601,1
s10799,0.601,1
s10800,0.7929999999999999,1
s10801,0.914,1
s10802,0.7859999999999999,1
s10803,1.0,1
s10804,1.0,1
s10805,0.998,1
s10806,0.993,1
s10807,0.993,1
s10808,0.551,1
s10809,1.0,1
s10810,1.0,1
s10811,1.0,1
s10812,0.706,1
s10813,1.0,1
s10814,0.997,1
s10815,1.0,1
s10816,1.0,1
s10817,1.0,1
s10818,1.0,1
s10819,0.997,1
s10820,0.6409999999999999,1
s10821,0.995,1
s10822,0.81,1
s10823,0.81,1
s10824,0.812,1
s10825,1.0,1
s10826,1.0,1
s10827,0.9309999999999999,1
s10828,1.0,1
s10829,0.0,0
s10830,1.0,1
s10831,1.0,1
s10832,0.831,1
s10833,0.987,1
s10834,0.988,1
s10835,1.0,1
s10836,0.953,1
s10837,1.0,1
s10838,0.982,1
s10839,0.9620000000000001,1
s10840,1.0,1
s10841,0.982,1
s10842,1.0,1
s10843,0.97,1
s10844,1.0,1
s10845,0.992,1
s10846,1.0,1
s10847,0.574,1
s10848,0.988,1
s10849,1.0,1
s10850,1.0,1
s10851,1.0,1
s10852,0.991,1
s10853,1.0,1
s10854,1.0,1
s10855,1.0,1
s10856,1.0,1
s10857,1.0,1
s10858,0.991,1
s10859,1.0,1
s10860,1.0,1
s10861,1.0,1
s10862,1.0,1
s10863,0.996,1
s10864,0.953,1
s10865,1.0,1
s10866,1.0,1
s10867,1.0,1
s10868,1.0,1
s10869,0.8370000000000001,1
s10870,0.993,1
s10871,0.977,1
s10872,0.988,1
s10873,0.982,1
s10874,0.9229999999999999,1
s10875,0.853,1
s10876,1.0,1
s10877,1.0,1
s10878,0.992,1
s10879,0.992,1
s10880,0.992,1
s10881,1.0,1
s10882,1.0,1
s10883,0.97,1
s10884,1.0,1
s10885,0.966,1
s10886,1.0,1
s10887,0.987,1
s10888,1.0,1
s10889,0.9890000000000001,1
s10890,1.0,1
s10891,0.94,1
s10892,0.8270000000000001,1
s10893,0.976,1
s10894,0.965,1
s10895,0.976,1
s10896,0.812,1
s10897,0.973,1
s10898,1.0,1
s10899,0.742,1
s10900,1.0,1
s10901,0.992,1
s10902,1.0,1
s10903,1.0,1
s10904,0.992,1
s10905,0.905,1
s10906,1.0,1
s10907,1.0,1
s10908,1.0,1
s10909,1.0,1
s10910,0.9840000000000001,1
s10911,1.0,1
s10912,1.0,1
s10913,1.0,1
s10914,0.981,1
s10915,1.0,1
s10916,1.0,1
s10917,1.0,1
s10918,1.0,1
s10919,1.0,1
s10920,1.0,1
s10921,0.976,1
s10922,0.787,1
s10923,1.0,1
s10924,1.0,1
s10925,1.0,1
s10926,0.972,1
s10927,0.986,1
s10928,1.0,1
s10929,0.943,1
s10930,1.0,1
s10931,0.9740000000000001,1
s10932,0.8440000000000001,1
s10933,0.992,1
s10934,0.98,1
s10935,0.746,1
s10936,1.0,1
s10937,0.9840000000000001,1
s10938,0.981,1
s10939,0.9490000000000001,1
s10940,1.0,1
s10941,1.0,1
s10942,1.0,1
s10943,0.966,1
s10944,0.955,1
s10945,0.9670000000000001,1
s10946,0.996,1
s10947,0.983,1
s10948,1.0,1
s10949,1.0,1
s10950,1.0,1
s10951,1.0,1
s10952,0.731,1
s10953,1.0,1
s10954,0.993,1
s10955,1.0,1
s10956,1.0,1
s10957,1.0,1
s10958,1.0,1
s10959,0.889,1
s10960,1.0,1
s10961,0.9940000000000001,1
s10962,0.981,1
s10963,1.0,1
s10964,1.0,1
s10965,0.995,1
s10966,1.0,1
s10967,1.0,1
s10968,1.0,1
s10969,0.0,0
s10970,0.991,1
s10971,1.0,1
s10972,0.973,1
s10973,1.0,1
s10974,0.937,1
s10975,1.0,1
s10976,1.0,1
s10977,0.9940000000000001,1
s10978,0.996,1
s10979,0.938,1
s10980,0.9940000000000001,1
s10981,0.9740000000000001,1
s10982,1.0,1
s10983,0.866,1
s10984,0.987,1
s10985,0.866,1
s10986,1.0,1
s10987,1.0,1
s10988,1.0,1
s10989,1.0,1
s10990,0.988,1
s10991,0.632,1
s10992,1.0,1
s10993,1.0,1
s10994,0.865,1
s10995,1.0,1
s10996,1.0,1
s10997,0.991,1
s10998,1.0,1
s10999,0.8109999999999999,1
s11000,0.7559999999999999,1
s11001,1.0,1
s11002,1.0,1
s11003,0.992,1
s11004,0.9640000000000001,1
s11005,0.843,1
s11006,0.981,1
s11007,0.968,1
s11008,0.418,1
s11009,1.0,1
s11010,0.0,0
s11011,0.975,1
s11012,1.0,1
s11013,1.0,1
s11014,0.745,1
s11015,0.993,1
s11016,0.981,1
s11017,1.0,1
s11018,0.575,1
s11019,0.909,1
s11020,0.9940000000000001,1
s11021,0.828,1
s11022,1.0,1
s11023,1.0,1
s11024,1.0,1
s11025,1.0,1
s11026,0.987,1
s11027,0.9890000000000001,1
s11028,1.0,1
s11029,1.0,1
s11030,1.0,1
s11031,0.914,1
s11032,0.98,1
s11033,0.871,1
s11034,0.69,1
s11035,1.0,1
s11036,0.909,1
s11037,0.993,1
s11038,1.0,1
s11039,1.0,1
s11040,0.925,1
s11041,1.0,1
s11042,0.9890000000000001,1
s11043,0.937,1
s11044,0.9940000000000001,1
s11045,0.855,1
s11046,1.0,1
s11047,1.0,1
s11048,0.9540000000000001,1
s11049,0.9940000000000001,1
s11050,1.0,1
s11051,1.0,1
s11052,1.0,1
s11053,1.0,1
s11054,1.0,1
s11055,0.685,1
s11056,1.0,1
s11057,1.0,1
s11058,1.0,1
s11059,1.0,1
s11060,0.981,1
s11061,0.992,1
s11062,1.0,1
s11063,1.0,1
s11064,1.0,1
s11065,0.8809999999999999,1
s11066,1.0,1
s11067,1.0,1
s11068,0.991,1
s11069,0.968,1
s11070,1.0,1
s11071,0.9840000000000001,1
s11072,1.0,1
s11073,1.0,1
s11074,1.0,1
s11075,1.0,1
s11076,1.0,1
s11077,0.991,1
s11078,0.991,1
s11079,1.0,1
s11080,0.9670000000000001,1
s11081,1.0,1
s11082,1.0,1
s11083,0.679,1
s11084,1.0,1
s11085,0.802,1
s11086,0.992,1
s11087,0.988,1
s11088,1.0,1
s11089,1.0,1
s11090,1.0,1
s11091,0.611,1
s11092,1.0,1
s11093,1.0,1
s11094,1.0,1
s11095,0.9420000000000001,1
s11096,1.0,1
s11097,0.988,1
s11098,0.9390000000000001,1
s11099,0.603,1
s11100,0.988,1
s11101,1.0,1
s11102,0.925,1
s11103,0.985,1
s11104,1.0,1
s11105,0.988,1
s11106,1.0,1
s11107,1.0,1
s11108,1.0,1
s11109,0.731,1
s11110,0.983,1
s11111,1.0,1
s11112,1.0,1
s11113,1.0,1
s11114,1.0,1
s11115,0.977,1
s11116,0.993,1
s11117,1.0,1
s11118,0.89,1
s11119,0.988,1
s11120,1.0,1
s11121,0.736,1
s11122,1.0,1
s11123,0.8959999999999999,1
s11124,0.948,1
s11125,1.0,1
s11126,1.0,1
s11127,1.0,1
s11128,1.0,1
s11129,0.9740000000000001,1
s11130,1.0,1
s11131,1.0,1
s11132,0.938,1
s11133,0.95,1
s11134,0.7859999999999999,1
s11135,1.0,1
s11136,1.0,1
s11137,0.968,1
s11138,0.998,1
s11139,0.8079999999999999,1
s11140,0.8170000000000001,1
s11141,0.9940000000000001,1
s11142,1.0,1
s11143,1.0,1
s11144,1.0,1
s11145,1.0,1
s11146,1.0,1
s11147,0.9840000000000001,1
s11148,1.0,1
s11149,1.0,1
s11150,1.0,1
s11151,1.0,1
s11152,1.0,1
s11153,0.981,1
s11154,0.983,1
s11155,1.0,1
s11156,0.987,1
s11157,1.0,1
s11158,0.995,1
s11159,0.992,1
s11160,1.0,1
s11161,1.0,1
s11162,1.0,1
s11163,0.987,1
s11164,0.99,1
s11165,1.0,1
s11166,1.0,1
s11167,0.657,1
s11168,1.0,1
s11169,1.0,1
s11170,1.0,1
s11171,1.0,1
s11172,0.611,1
s11173,1.0,1
s11174,1.0,1
s11175,1.0,1
s11176,1.0,1
s11177,0.9940000000000001,1
s11178,1.0,1
s11179,0.9570000000000001,1
s11180,1.0,1
s11181,0.813,1
s11182,1.0,1
s11183,1.0,1
s11184,0.99,1
s11185,1.0,1
s11186,1.0,1
s11187,0.956,1
s11188,0.973,1
s11189,0.915,1
s11190,1.0,1
s11191,1.0,1
s11192,0.996,1
s11193,1.0,1
s11194,1.0,1
s11195,1.0,1
s11196,1.0,1
s11197,1.0,1
s11198,1.0,1
s11199,1.0,1
s11200,1.0,1
s11201,0.9520000000000001,1
s11202,0.9520000000000001,1
s11203,0.769,1
s11204,1.0,1
s11205,1.0,1
s11206,1.0,1
s11207,0.8220000000000001,1
s11208,0.657,1
s11209,1.0,1
s11210,1.0,1
s11211,1.0,1
s11212,1.0,1
s11213,1.0,1
s11214,1.0,1
s11215,1.0,1
s11216,1.0,1
s11217,0.521,1
s11218,0.818,1
s11219,1.0,1
s11220,0.985,1
s11221,1.0,1
s11222,0.977,1
s11223,1.0,1
s11224,0.648,1
s11225,0.924,1
s11226,1.0,1
s11227,0.789,1
s11228,0.748,1
s11229,1.0,1
s11230,1.0,1
s11231,1.0,1
s11232,0.9690000000000001,1
s11233,1.0,1
s11234,0.5489999999999999,1
s11235,1.0,1
s11236,0.9940000000000001,1
s11237,0.9890000000000001,1
s11238,1.0,1
s11239,1.0,1
s11240,0.986,1
s11241,1.0,1
s11242,0.991,1
s11243,0.981,1
s11244,1.0,1
s11245,0.973,1
s11246,1.0,1
s11247,0.8059999999999999,1
s11248,1.0,1
s11249,0.5329999999999999,1
s11250,1.0,1
s11251,1.0,1
s11252,1.0,1
s11253,0.97,1
s11254,0.983,1
s11255,0.988,1
s11256,1.0,1
s11257,0.927,1
s11258,1.0,1
s11259,1.0,1
s11260,0.929,1
s11261,1.0,1
s11262,1.0,1
s11263,1.0,1
s11264,0.7390000000000001,1
s11265,1.0,1
s11266,0.991,1
s11267,1.0,1
s11268,1.0,1
s11269,1.0,1
s11270,0.932,1
s11271,0.746,1
s11272,0.8859999999999999,1
s11273,0.9640000000000001,1
s11274,1.0,1
s11275,1.0,1
s11276,1.0,1
s11277,0.941,1
s11278,1.0,1
s11279,1.0,1
s11280,1.0,1
s11281,1.0,1
s11282,1.0,1
s11283,0.5920000000000001,1
s11284,0.725,1
s11285,0.917,1
s11286,0.856,1
s11287,1.0,1
s11288,1.0,1
s11289,0.96,1
s11290,1.0,1
s11291,1.0,1
s11292,1.0,1
s11293,0.9890000000000001,1
s11294,1.0,1
s11295,0.99,1
s11296,0.982,1
s11297,0.982,1
s11298,0.8909999999999999,1
s11299,1.0,1
s11300,0.986,1
s11301,1.0,1
s11302,1.0,1
s11303,0.9470000000000001,1
s11304,1.0,1
s11305,0.993,1
s11306,1.0,1
s11307,0.943,1
s11308,1.0,1
s11309,0.986,1
s11310,0.987,1
s11311,0.7909999999999999,1
s11312,1.0,1
s11313,1.0,1
s11314,0.0,0
s11315,0.9790000000000001,1
s11316,1.0,1
s11317,0.509,1
s11318,1.0,1
s11319,1.0,1
s11320,0.893,1
s11321,1.0,1
s11322,0.9940000000000001,1
s11323,0.988,1
s11324,0.7879999999999999,1
s11325,0.9640000000000001,1
s11326,1.0,1
s11327,1.0,1
s11328,1.0,1
s11329,1.0,1
s11330,1.0,1
s11331,0.995,1
s11332,0.9640000000000001,1
s11333,1.0,1
s11334,0.7879999999999999,1
s11335,0.847,1
s11336,1.0,1
s11337,0.887,1
s11338,1.0,1
s11339,1.0,1
s11340,0.963,1
s11341,1.0,1
s11342,0.991,1
s11343,1.0,1
s11344,0.772,1
s11345,1.0,1
s11346,1.0,1
s11347,1.0,1
s11348,1.0,1
s11349,0.833,1
s11350,1.0,1
s11351,0.8,1
s11352,0.836,1
s11353,0.57,1
s11354,1.0,1
s11355,1.0,1
s11356,0.948,1
s11357,0.99,1
s11358,0.9790000000000001,1
s11359,1.0,1
s11360,0.987,1
s11361,0.978,1
s11362,1.0,1
s11363,1.0,1
s11364,1.0,1
s11365,0.983,1
s11366,1.0,1
s11367,1.0,1
s11368,0.981,1
s11369,1.0,1
s11370,0.991,1
s11371,1.0,1
s11372,1.0,1
s11373,1.0,1
s11374,1.0,1
s11375,0.815,1
s11376,1.0,1
s11377,1.0,1
s11378,0.99,1
s11379,1.0,1
s11380,0.9890000000000001,1
s11381,1.0,1
s11382,0.912,1
s11383,0.992,1
s11384,0.976,1
s11385,0.8,1
s11386,0.9890000000000001,1
s11387,1.0,1
s11388,1.0,1
s11389,0.9440000000000001,1
s11390,1.0,1
s11391,1.0,1
s11392,1.0,1
s11393,0.992,1
s11394,0.992,1
s11395,0.992,1
s11396,0.992,1
s11397,0.992,1
s11398,0.992,1
s11399,0.992,1
s11400,0.992,1
s11401,0.992,1
s11402,0.991,1
s11403,1.0,1
s11404,1.0,1
s11405,1.0,1
s11406,1.0,1
s11407,1.0,1
s11408,1.0,1
s11409,1.0,1
s11410,0.993,1
s11411,1.0,1
s11412,1.0,1
s11413,1.0,1
s11414,0.934,1
s11415,0.9209999999999999,1
s11416,0.988,1
s11417,1.0,1
s11418,0.985,1
s11419,0.9890000000000001,1
s11420,0.992,1
s11421,0.995,1
s11422,1.0,1
s11423,0.87,1
s11424,1.0,1
s11425,0.951,1
s11426,0.9670000000000001,1
s11427,0.794,1
s11428,0.983,1
s11429,0.99,1
s11430,0.98,1
s11431,0.882,1
s11432,0.8320000000000001,1
s11433,0.8220000000000001,1
s11434,1.0,1
s11435,1.0,1
s11436,0.9940000000000001,1
s11437,0.914,1
s11438,0.722,1
s11439,0.98,1
s11440,1.0,1
s11441,1.0,1
s11442,1.0,1
s11443,1.0,1
s11444,1.0,1
s11445,0.9740000000000001,1
s11446,1.0,1
s11447,1.0,1
s11448,1.0,1
s11449,1.0,1
s11450,1.0,1
s11451,1.0,1
s11452,1.0,1
s11453,1.0,1
s11454,0.9570000000000001,1
s11455,1.0,1
s11456,0.9890000000000001,1
s11457,1.0,1
s11458,1.0,1
s11459,0.9840000000000001,1
s11460,1.0,1
s11461,1.0,1
s11462,1.0,1
s11463,1.0,1
s11464,1.0,1
s11465,0.9940000000000001,1
s11466,0.509,1
s11467,1.0,1
s11468,1.0,1
s11469,1.0,1
s11470,1.0,1
s11471,0.991,1
s11472,0.955,1
s11473,0.982,1
s11474,0.987,1
s11475,0.992,1
s11476,1.0,1
s11477,0.9009999999999999,1
s11478,0.9309999999999999,1
s11479,0.75,1
s11480,1.0,1
s11481,0.988,1
s11482,1.0,1
s11483,1.0,1
s11484,0.57,1
s11485,0.5579999999999999,1
s11486,1.0,1
s11487,0.977,1
s11488,1.0,1
s11489,0.607,1
s11490,0.996,1
s11491,0.996,1
s11492,1.0,1
s11493,1.0,1
s11494,1.0,1
s11495,1.0,1
s11496,1.0,1
s11497,1.0,1
s11498,1.0,1
s11499,0.9890000000000001,1
s11500,0.9940000000000001,1
s11501,0.938,1
s11502,0.9440000000000001,1
s11503,1.0,1
s11504,0.9740000000000001,1
s11505,1.0,1
s11506,1.0,1
s11507,1.0,1
s11508,1.0,1
s11509,1.0,1
s11510,0.99,1
s11511,0.968,1
s11512,1.0,1
s11513,0.9890000000000001,1
s11514,0.943,1
s11515,1.0,1
s11516,1.0,1
s11517,1.0,1
s11518,1.0,1
s11519,1.0,1
s11520,0.995,1
s11521,0.9229999999999999,1
s11522,0.9840000000000001,1
s11523,1.0,1
s11524,1.0,1
s11525,1.0,1
s11526,1.0,1
s11527,1.0,1
s11528,1.0,1
s11529,0.6509999999999999,1
s11530,1.0,1
s11531,0.703,1
s11532,1.0,1
s11533,1.0,1
s11534,1.0,1
s11535,0.932,1
s11536,0.9790000000000001,1
s11537,0.976,1
s11538,0.8859999999999999,1
s11539,1.0,1
s11540,1.0,1
s11541,0.993,1
s11542,0.996,1
s11543,1.0,1
s11544,1.0,1
s11545,1.0,1
s11546,0.927,1
s11547,1.0,1
s11548,1.0,1
s11549,1.0,1
s11550,1.0,1
s11551,0.9840000000000001,1
s11552,1.0,1
s11553,0.6579999999999999,1
s11554,0.9179999999999999,1
s11555,0.9690000000000001,1
s11556,0.927,1
s11557,1.0,1
s11558,1.0,1
s11559,0.878,1
s11560,0.562,1
s11561,0.985,1
s11562,0.996,1
s11563,0.9670000000000001,1
s11564,0.975,1
s11565,0.988,1
s11566,0.583,1
s11567,0.996,1
s11568,0.998,1
s11569,0.9790000000000001,1
s11570,1.0,1
s11571,0.8170000000000001,1
s11572,0.996,1
s11573,0.986,1
s11574,0.998,1
s11575,0.998,1
s11576,0.978,1
s11577,0.9329999999999999,1
s11578,0.98,1
s11579,1.0,1
s11580,1.0,1
s11581,0.975,1
s11582,0.815,1
s11583,0.995,1
s11584,1.0,1
s11585,1.0,1
s11586,0.971,1
s11587,1.0,1
s11588,1.0,1
s11589,0.99,1
s11590,0.99,1
s11591,0.99,1
s11592,0.9990000000000001,1
s11593,1.0,1
s11594,0.996,1
s11595,0.992,1
s11596,1.0,1
s11597,0.8079999999999999,1
s11598,0.987,1
s11599,0.996,1
s11600,0.996,1
s11601,1.0,1
s11602,1.0,1
s11603,0.976,1
s11604,1.0,1
s11605,0.9440000000000001,1
s11606,0.589,1
s11607,0.585,1
s11608,0.9940000000000001,1
s11609,0.9940000000000001,1
s11610,0.991,1
s11611,0.987,1
s11612,0.9620000000000001,1
s11613,1.0,1
s11614,0.993,1
s11615,0.871,1
s11616,0.871,1
s11617,0.997,1
s11618,0.581,1
s11619,1.0,1
s11620,0.9359999999999999,1
s11621,0.747,1
s11622,0.97,1
s11623,1.0,1
s11624,0.988,1
s11625,1.0,1
s11626,0.9059999999999999,1
s11627,1.0,1
s11628,1.0,1
s11629,0.98,1
s11630,0.98,1
s11631,0.98,1
s11632,0.992,1
s11633,0.494,1
s11634,1.0,1
s11635,0.73,1
s11636,0.993,1
s11637,1.0,1
s11638,1.0,1
s11639,1.0,1
s11640,0.9309999999999999,1
s11641,0.997,1
s11642,1.0,1
s11643,0.61,1
s11644,0.61,1
s11645,0.758,1
s11646,0.993,1
s11647,0.993,1
s11648,0.993,1
s11649,0.988,1
s11650,0.7879999999999999,1
s11651,0.5820000000000001,1
s11652,0.9890000000000001,1
s11653,0.794,1
s11654,0.757,1
s11655,1.0,1
s11656,1.0,1
s11657,0.993,1
s11658,0.95,1
s11659,0.996,1
s11660,0.625,1
s11661,0.996,1
s11662,0.996,1
s11663,0.9890000000000001,1
s11664,0.773,1
s11665,0.9940000000000001,1
s11666,0.777,1
s11667,0.991,1
s11668,1.0,1
s11669,0.9890000000000001,1
s11670,0.992,1
s11671,1.0,1
s11672,0.996,1
s11673,1.0,1
s11674,0.996,1
s11675,1.0,1
s11676,0.7509999999999999,1
s11677,0.7040000000000001,1
s11678,1.0,1
s11679,0.996,1
s11680,1.0,1
s11681,1.0,1
s11682,0.995,1
s11683,0.995,1
s11684,0.8190000000000001,1
s11685,1.0,1
s11686,0.997,1
s11687,0.991,1
s11688,0.991,1
s11689,1.0,1
s11690,1.0,1
s11691,1.0,1
s11692,0.997,1
s11693,0.955,1
s11694,0.83,1
s11695,1.0,1
s11696,1.0,1
s11697,0.612,1
s11698,0.569,1
s11699,1.0,1
s11700,0.9940000000000001,1
s11701,0.838,1
s11702,1.0,1
s11703,0.998,1
s11704,0.996,1
s11705,1.0,1
s11706,1.0,1
s11707,1.0,1
s11708,0.983,1
s11709,0.983,1
s11710,0.846,1
s11711,0.7879999999999999,1
s11712,1.0,1
s11713,0.718,1
s11714,1.0,1
s11715,0.998,1
s11716,0.932,1
s11717,0.883,1
s11718,1.0,1
s11719,0.998,1
s11720,1.0,1
s11721,0.624,1
s11722,0.774,1
s11723,0.9940000000000001,1
s11724,1.0,1
s11725,0.767,1
s11726,1.0,1
s11727,1.0,1
s11728,0.997,1
s11729,0.9940000000000001,1
s11730,0.997,1
s11731,1.0,1
s11732,0.993,1
s11733,1.0,1
s11734,0.975,1
s11735,0.996,1
s11736,0.977,1
s11737,0.976,1
s11738,1.0,1
s11739,1.0,1
s11740,0.996,1
s11741,1.0,1
s11742,0.98,1
s11743,0.991,1
s11744,0.919,1
s11745,0.98,1
s11746,0.995,1
s11747,0.9890000000000001,1
s11748,0.997,1
s11749,1.0,1
s11750,0.746,1
s11751,0.763,1
s11752,0.8440000000000001,1
s11753,0.746,1
s11754,0.9940000000000001,1
s11755,0.604,1
s11756,1.0,1
s11757,1.0,1
s11758,0.674,1
s11759,0.718,1
s11760,1.0,1
s11761,0.987,1
s11762,0.971,1
s11763,1.0,1
s11764,1.0,1
s11765,0.998,1
s11766,0.97,1
s11767,0.981,1
s11768,1.0,1
s11769,1.0,1
s11770,1.0,1
s11771,0.841,1
s11772,0.987,1
s11773,0.983,1
s11774,1.0,1
s11775,0.983,1
s11776,0.6459999999999999,1
s11777,0.996,1
s11778,1.0,1
s11779,0.991,1
s11780,1.0,1
s11781,1.0,1
s11782,1.0,1
s11783,0.955,1
s11784,0.997,1
s11785,0.997,1
s11786,0.996,1
s11787,0.996,1
s11788,0.909,1
s11789,1.0,1
s11790,0.909,1
s11791,0.584,1
s11792,1.0,1
s11793,0.662,1
s11794,0.992,1
s11795,1.0,1
s11796,1.0,1
s11797,1.0,1
s11798,0.9940000000000001,1
s11799,0.8390000000000001,1
s11800,0.945,1
s11801,0.996,1
s11802,0.9940000000000001,1
s11803,1.0,1
s11804,1.0,1
s11805,0.948,1
s11806,0.9440000000000001,1
s11807,1.0,1
s11808,1.0,1
s11809,1.0,1
s11810,1.0,1
s11811,0.996,1
s11812,1.0,1
s11813,0.768,1
s11814,1.0,1
s11815,0.996,1
s11816,0.996,1
s11817,0.996,1
s11818,0.996,1
s11819,0.998,1
s11820,0.6459999999999999,1
s11821,0.997,1
s11822,1.0,1
s11823,1.0,1
s11824,0.573,1
s11825,0.736,1
s11826,0.998,1
s11827,1.0,1
s11828,1.0,1
s11829,0.585,1
s11830,0.99,1
s11831,1.0,1
s11832,0.882,1
s11833,0.695,1
s11834,0.995,1
s11835,0.889,1
s11836,0.662,1
s11837,0.997,1
s11838,0.8690000000000001,1
s11839,1.0,1
s11840,1.0,1
s11841,0.9840000000000001,1
s11842,0.986,1
s11843,0.985,1
s11844,0.986,1
s11845,0.976,1
s11846,1.0,1
s11847,0.74,1
s11848,0.9209999999999999,1
s11849,0.643,1
s11850,0.985,1
s11851,0.816,1
s11852,1.0,1
s11853,1.0,1
s11854,0.998,1
s11855,0.99,1
s11856,1.0,1
s11857,0.938,1
s11858,0.9420000000000001,1
s11859,0.843,1
s11860,1.0,1
s11861,0.996,1
s11862,1.0,1
s11863,0.858,1
s11864,0.997,1
s11865,0.997,1
s11866,1.0,1
s11867,0.973,1
s11868,1.0,1
s11869,0.973,1
s11870,0.992,1
s11871,0.929,1
s11872,0.7340000000000001,1
s11873,0.95,1
s11874,0.7959999999999999,1
s11875,0.9129999999999999,1
s11876,0.617,1
s11877,0.983,1
s11878,0.903,1
s11879,0.85,1
s11880,0.898,1
s11881,0.982,1
s11882,1.0,1
s11883,1.0,1
s11884,1.0,1
s11885,0.993,1
s11886,1.0,1
s11887,0.735,1
s11888,0.68,1
s11889,0.9990000000000001,1
s11890,1.0,1
s11891,0.993,1
s11892,1.0,1
s11893,0.993,1
s11894,1.0,1
s11895,1.0,1
s11896,1.0,1
s11897,0.7190000000000001,1
s11898,0.995,1
s11899,0.581,1
s11900,1.0,1
s11901,0.992,1
s11902,0.9790000000000001,1
s11903,1.0,1
s11904,1.0,1
s11905,0.8690000000000001,1
s11906,1.0,1
s11907,0.711,1
s11908,0.612,1
s11909,0.6679999999999999,1
s11910,0.997,1
s11911,1.0,1
s11912,1.0,1
s11913,0.7390000000000001,1
s11914,1.0,1
s11915,0.997,1
s11916,1.0,1
s11917,0.677,1
s11918,1.0,1
s11919,0.978,1
s11920,0.9990000000000001,1
s11921,1.0,1
s11922,0.6779999999999999,1
s11923,1.0,1
s11924,0.9620000000000001,1
s11925,0.987,1
s11926,0.938,1
s11927,0.7490000000000001,1
s11928,0.991,1
s11929,1.0,1
s11930,0.643,1
s11931,0.632,1
s11932,0.99,1
s11933,0.736,1
s11934,1.0,1
s11935,1.0,1
s11936,1.0,1
s11937,1.0,1
s11938,1.0,1
s11939,1.0,1
s11940,0.9840000000000001,1
s11941,0.9359999999999999,1
s11942,1.0,1
s11943,1.0,1
s11944,0.96,1
s11945,0.76,1
s11946,0.997,1
s11947,1.0,1
s11948,1.0,1
s11949,1.0,1
s11950,0.998,1
s11951,0.998,1
s11952,0.998,1
s11953,0.998,1
s11954,0.998,1
s11955,0.998,1
s11956,1.0,1
s11957,1.0,1
s11958,0.9940000000000001,1
s11959,1.0,1
s11960,1.0,1
s11961,1.0,1
s11962,1.0,1
s11963,0.7290000000000001,1
s11964,1.0,1
s11965,0.6890000000000001,1
s11966,0.9840000000000001,1
s11967,0.735,1
s11968,0.997,1
s11969,0.9940000000000001,1
s11970,0.765,1
s11971,0.977,1
s11972,1.0,1
s11973,0.5710000000000001,1
s11974,0.966,1
s11975,0.9640000000000001,1
s11976,0.966,1
s11977,0.7120000000000001,1
s11978,0.591,1
s11979,1.0,1
s11980,1.0,1
s11981,0.991,1
s11982,1.0,1
s11983,0.991,1
s11984,1.0,1
s11985,0.5720000000000001,1
s11986,0.6809999999999999,1
s11987,0.6859999999999999,1
s11988,0.7440000000000001,1
s11989,1.0,1
s11990,0.991,1
s11991,1.0,1
s11992,0.934,1
s11993,0.779,1
s11994,0.8740000000000001,1
s11995,0.807,1
s11996,0.807,1
s11997,0.804,1
s11998,0.998,1
s11999,0.89,1
s12000,0.951,1
s12001,0.997,1
s12002,0.98,1
s12003,1.0,1
s12004,0.99,1
s12005,0.98,1
s12006,0.7609999999999999,1
s12007,1.0,1
s12008,1.0,1
s12009,0.9940000000000001,1
s12010,0.963,1
s12011,1.0,1
s12012,1.0,1
s12013,1.0,1
s12014,0.997,1
s12015,0.9940000000000001,1
s12016,0.991,1
s12017,0.991,1
s12018,0.7040000000000001,1
s12019,0.996,1
s12020,0.884,1
s12021,0.613,1
s12022,1.0,1
s12023,0.995,1
s12024,1.0,1
s12025,0.997,1
s12026,0.998,1
s12027,1.0,1
s12028,0.982,1
s12029,0.998,1
s12030,0.8370000000000001,1
s12031,0.843,1
s12032,0.996,1
s12033,0.996,1
s12034,1.0,1
s12035,0.991,1
s12036,0.996,1
s12037,0.996,1
s12038,1.0,1
s12039,0.61,1
s12040,0.797,1
s12041,0.8109999999999999,1
s12042,0.998,1
s12043,0.996,1
s12044,0.998,1
s12045,1.0,1
s12046,0.8109999999999999,1
s12047,0.795,1
s12048,0.981,1
s12049,0.973,1
s12050,0.578,1
s12051,1.0,1
s12052,0.997,1
s12053,0.915,1
s12054,0.754,1
s12055,0.935,1
s12056,0.998,1
s12057,0.772,1
s12058,0.617,1
s12059,1.0,1
s12060,0.977,1
s12061,0.9940000000000001,1
s12062,0.995,1
s12063,0.985,1
s12064,0.997,1
s12065,1.0,1
s12066,1.0,1
s12067,1.0,1
s12068,1.0,1
s12069,1.0,1
s12070,1.0,1
s12071,0.924,1
s12072,1.0,1
s12073,0.8109999999999999,1
s12074,0.449,1
s12075,0.64,1
s12076,0.997,1
s12077,0.905,1
s12078,0.85,1
s12079,1.0,1
s12080,0.52,1
s12081,0.826,1
s12082,0.9229999999999999,1
s12083,0.9890000000000001,1
s12084,1.0,1
s12085,0.867,1
s12086,1.0,1
s12087,0.878,1
s12088,0.867,1
s12089,1.0,1
s12090,0.992,1
s12091,0.995,1
s12092,1.0,1
s12093,1.0,1
s12094,0.905,1
s12095,0.868,1
s12096,0.945,1
s12097,0.9940000000000001,1
s12098,1.0,1
s12099,0.907,1
s12100,1.0,1
s12101,0.852,1
s12102,0.8540000000000001,1
s12103,1.0,1
s12104,1.0,1
s12105,1.0,1
s12106,0.996,1
s12107,0.8370000000000001,1
s12108,0.8370000000000001,1
s12109,0.843,1
s12110,1.0,1
s12111,0.6940000000000001,1
s12112,1.0,1
s12113,1.0,1
s12114,0.872,1
s12115,1.0,1
s12116,0.546,1
s12117,0.988,1
s12118,1.0,1
s12119,1.0,1
s12120,0.991,1
s12121,1.0,1
s12122,0.971,1
s12123,0.971,1
s12124,0.997,1
s12125,1.0,1
s12126,0.995,1
s12127,1.0,1
s12128,1.0,1
s12129,1.0,1
s12130,0.9840000000000001,1
s12131,0.968,1
s12132,0.9940000000000001,1
s12133,0.8079999999999999,1
s12134,0.996,1
s12135,0.997,1
s12136,1.0,1
s12137,1.0,1
s12138,0.9890000000000001,1
s12139,0.996,1
s12140,0.9570000000000001,1
s12141,0.7509999999999999,1
s12142,0.996,1
s12143,1.0,1
s12144,0.9590000000000001,1
s12145,1.0,1
s12146,0.53,1
s12147,0.777,1
s12148,0.946,1
s12149,0.755,1
s12150,0.997,1
s12151,1.0,1
s12152,1.0,1
s12153,0.996,1
s12154,1.0,1
s12155,0.996,1
s12156,0.996,1
s12157,0.8370000000000001,1
s12158,0.9940000000000001,1
s12159,0.8370000000000001,1
s12160,0.6559999999999999,1
s12161,1.0,1
s12162,1.0,1
s12163,1.0,1
s12164,1.0,1
s12165,0.8370000000000001,1
s12166,0.8370000000000001,1
s12167,0.8370000000000001,1
s12168,0.843,1
s12169,0.7190000000000001,1
s12170,1.0,1
s12171,1.0,1
s12172,0.727,1
s12173,1.0,1
s12174,1.0,1
s12175,1.0,1
s12176,0.934,1
s12177,1.0,1
s12178,0.997,1
s12179,0.9940000000000001,1
s12180,0.624,1
s12181,1.0,1
s12182,1.0,1
s12183,1.0,1
s12184,1.0,1
s12185,0.809,1
s12186,0.988,1
s12187,0.996,1
s12188,0.8370000000000001,1
s12189,0.985,1
s12190,1.0,1
s12191,0.867,1
s12192,1.0,1
s12193,0.8370000000000001,1
s12194,0.843,1
s12195,0.8370000000000001,1
s12196,0.706,1
s12197,0.654,1
s12198,1.0,1
s12199,0.993,1
s12200,0.998,1
s12201,0.993,1
s12202,0.986,1
s12203,1.0,1
s12204,1.0,1
s12205,0.995,1
s12206,1.0,1
s12207,0.995,1
s12208,0.996,1
s12209,0.996,1
s12210,0.996,1
s12211,0.612,1
s12212,1.0,1
s12213,0.996,1
s12214,1.0,1
s12215,0.983,1
s12216,1.0,1
s12217,1.0,1
s12218,0.613,1
s12219,0.993,1
s12220,0.6679999999999999,1
s12221,1.0,1
s12222,0.7170000000000001,1
s12223,0.638,1
s12224,0.647,1
s12225,1.0,1
s12226,0.695,1
s12227,0.993,1
s12228,0.996,1
s12229,0.996,1
s12230,0.996,1
s12231,1.0,1
s12232,0.996,1
s12233,0.996,1
s12234,0.863,1
s12235,0.89,1
s12236,1.0,1
s12237,1.0,1
s12238,0.995,1
s12239,1.0,1
s12240,0.9940000000000001,1
s12241,0.996,1
s12242,0.9940000000000001,1
s12243,0.9940000000000001,1
s12244,0.9940000000000001,1
s12245,0.9940000000000001,1
s12246,0.9940000000000001,1
s12247,1.0,1
s12248,0.9940000000000001,1
s12249,0.991,1
s12250,0.902,1
s12251,0.995,1
s12252,0.8690000000000001,1
s12253,1.0,1
s12254,1.0,1
s12255,0.993,1
s12256,1.0,1
s12257,0.836,1
s12258,0.997,1
s12259,0.99,1
s12260,0.764,1
s12261,1.0,1
s12262,0.701,1
s12263,0.887,1
s12264,0.857,1
s12265,0.9890000000000001,1
s12266,0.987,1
s12267,0.987,1
s12268,0.997,1
s12269,0.725,1
s12270,1.0,1
s12271,1.0,1
s12272,0.9740000000000001,1
s12273,0.983,1
s12274,0.997,1
s12275,0.561,1
s12276,1.0,1
s12277,0.726,1
s12278,1.0,1
s12279,1.0,1
s12280,0.9890000000000001,1
s12281,1.0,1
s12282,0.992,1
s12283,0.991,1
s12284,0.579,1
s12285,0.716,1
s12286,0.7859999999999999,1
s12287,1.0,1
s12288,0.818,1
s12289,1.0,1
s12290,0.995,1
s12291,0.848,1
s12292,0.9940000000000001,1
s12293,0.996,1
s12294,0.991,1
s12295,0.609,1
s12296,1.0,1
s12297,1.0,1
s12298,0.878,1
s12299,1.0,1
s12300,1.0,1
s12301,1.0,1
s12302,1.0,1
s12303,0.986,1
s12304,1.0,1
s12305,1.0,1
s12306,1.0,1
s12307,1.0,1
s12308,0.9840000000000001,1
s12309,0.977,1
s12310,0.848,1
s12311,1.0,1
s12312,1.0,1
s12313,0.993,1
s12314,0.905,1
s12315,1.0,1
s12316,1.0,1
s12317,0.997,1
s12318,0.997,1
s12319,1.0,1
s12320,0.713,1
s12321,0.634,1
s12322,1.0,1
s12323,0.958,1
s12324,0.8320000000000001,1
s12325,0.8759999999999999,1
s12326,0.9940000000000001,1
s12327,0.617,1
s12328,0.995,1
s12329,0.995,1
s12330,1.0,1
s12331,0.983,1
s12332,1.0,1
s12333,0.997,1
s12334,1.0,1
s12335,1.0,1
s12336,0.9940000000000001,1
s12337,0.992,1
s12338,1.0,1
s12339,0.659,1
s12340,0.991,1
s12341,0.67,1
s12342,0.69,1
s12343,0.995,1
s12344,1.0,1
s12345,1.0,1
s12346,0.997,1
s12347,0.991,1
s12348,1.0,1
s12349,0.59,1
s12350,0.981,1
s12351,0.991,1
s12352,0.991,1
s12353,1.0,1
s12354,0.615,1
s12355,0.512,1
s12356,0.991,1
s12357,0.882,1
s12358,0.995,1
s12359,0.998,1
s12360,1.0,1
s12361,0.9890000000000001,1
s12362,1.0,1
s12363,0.998,1
s12364,0.953,1
s12365,1.0,1
s12366,0.784,1
s12367,0.7390000000000001,1
s12368,0.982,1
s12369,0.58,1
s12370,1.0,1
s12371,0.9940000000000001,1
s12372,0.6940000000000001,1
s12373,1.0,1
s12374,0.983,1
s12375,0.983,1
s12376,1.0,1
s12377,0.741,1
s12378,0.669,1
s12379,1.0,1
s12380,0.997,1
s12381,0.995,1
s12382,0.997,1
s12383,0.9740000000000001,1
s12384,0.9740000000000001,1
s12385,0.968,1
s12386,0.9740000000000001,1
s12387,1.0,1
s12388,1.0,1
s12389,1.0,1
s12390,1.0,1
s12391,1.0,1
s12392,0.997,1
s12393,1.0,1
s12394,1.0,1
s12395,0.995,1
s12396,0.996,1
s12397,0.996,1
s12398,0.998,1
s12399,0.98,1
s12400,0.991,1
s12401,0.998,1
s12402,0.725,1
s12403,0.636,1
s12404,0.64,1
s12405,0.997,1
s12406,0.998,1
s12407,0.9890000000000001,1
s12408,0.996,1
s12409,1.0,1
s12410,1.0,1
s12411,1.0,1
s12412,0.9940000000000001,1
s12413,0.9420000000000001,1
s12414,0.997,1
s12415,0.997,1
s12416,0.995,1
s12417,0.996,1
s12418,0.77,1
s12419,0.599,1
s12420,0.9940000000000001,1
s12421,0.997,1
s12422,0.973,1
s12423,0.9690000000000001,1
s12424,0.698,1
s12425,0.698,1
s12426,0.7,1
s12427,0.873,1
s12428,0.9940000000000001,1
s12429,0.9890000000000001,1
s12430,1.0,1
s12431,0.958,1
s12432,0.996,1
s12433,1.0,1
s12434,0.8690000000000001,1
s12435,1.0,1
s12436,1.0,1
s12437,1.0,1
s12438,0.991,1
s12439,0.787,1
s12440,0.813,1
s12441,0.9620000000000001,1
s12442,0.868,1
s12443,0.9940000000000001,1
s12444,0.764,1
s12445,0.998,1
s12446,0.9890000000000001,1
s12447,0.7509999999999999,1
s12448,0.9890000000000001,1
s12449,0.7509999999999999,1
s12450,1.0,1
s12451,0.973,1
s12452,0.96,1
s12453,0.96,1
s12454,0.995,1
s12455,1.0,1
s12456,1.0,1
s12457,1.0,1
s12458,1.0,1
s12459,0.9940000000000001,1
s12460,1.0,1
s12461,1.0,1
s12462,0.87,1
s12463,0.866,1
s12464,0.879,1
s12465,1.0,1
s12466,1.0,1
s12467,0.9940000000000001,1
s12468,0.9940000000000001,1
s12469,0.973,1
s12470,1.0,1
s12471,0.6729999999999999,1
s12472,0.631,1
s12473,0.9940000000000001,1
s12474,0.617,1
s12475,1.0,1
s12476,0.9940000000000001,1
s12477,1.0,1
s12478,1.0,1
s12479,1.0,1
s12480,1.0,1
s12481,0.6829999999999999,1
s12482,0.9890000000000001,1
s12483,0.9740000000000001,1
s12484,0.99,1
s12485,0.818,1
s12486,0.99,1
s12487,1.0,1
s12488,0.7759999999999999,1
s12489,0.998,1
s12490,0.992,1
s12491,1.0,1
s12492,1.0,1
s12493,0.7140000000000001,1
s12494,1.0,1
s12495,1.0,1
s12496,1.0,1
s12497,1.0,1
s12498,0.951,1
s12499,0.764,1
s12500,0.97,1
s12501,1.0,1
s12502,0.996,1
s12503,0.996,1
s12504,0.992,1
s12505,1.0,1
s12506,1.0,1
s12507,0.997,1
s12508,0.988,1
s12509,0.77,1
s12510,1.0,1
s12511,1.0,1
s12512,1.0,1
s12513,0.95,1
s12514,0.997,1
s12515,0.995,1
s12516,1.0,1
s12517,0.996,1
s12518,1.0,1
s12519,1.0,1
s12520,0.868,1
s12521,0.9890000000000001,1
s12522,0.794,1
s12523,0.96,1
s12524,0.97,1
s12525,0.948,1
s12526,0.958,1
s12527,0.797,1
s12528,1.0,1
s12529,1.0,1
s12530,0.997,1
s12531,1.0,1
s12532,1.0,1
s12533,0.7440000000000001,1
s12534,1.0,1
s12535,0.985,1
s12536,1.0,1
s12537,1.0,1
s12538,0.838,1
s12539,0.98,1
s12540,1.0,1
s12541,0.915,1
s12542,1.0,1
s12543,1.0,1
s12544,1.0,1
s12545,0.991,1
s12546,0.993,1
s12547,0.982,1
s12548,1.0,1
s12549,0.997,1
s12550,0.7120000000000001,1
s12551,0.588,1
s12552,0.7070000000000001,1
s12553,1.0,1
s12554,1.0,1
s12555,1.0,1
s12556,0.866,1
s12557,0.5760000000000001,1
s12558,1.0,1
s12559,1.0,1
s12560,1.0,1
s12561,0.97,1
s12562,0.963,1
s12563,1.0,1
s12564,0.77,1
s12565,0.77,1
s12566,1.0,1
s12567,0.7559999999999999,1
s12568,1.0,1
s12569,0.988,1
s12570,0.602,1
s12571,0.614,1
s12572,0.9890000000000001,1
s12573,0.6409999999999999,1
s12574,0.991,1
s12575,0.96,1
s12576,1.0,1
s12577,1.0,1
s12578,0.998,1
s12579,0.998,1
s12580,0.8029999999999999,1
s12581,0.9890000000000001,1
s12582,0.958,1
s12583,1.0,1
s12584,0.596,1
s12585,0.986,1
s12586,1.0,1
s12587,0.996,1
s12588,1.0,1
s12589,0.898,1
s12590,0.995,1
s12591,1.0,1
s12592,1.0,1
s12593,0.777,1
s12594,1.0,1
s12595,0.996,1
s12596,0.958,1
s12597,1.0,1
s12598,0.953,1
s12599,0.993,1
s12600,0.613,1
s12601,0.992,1
s12602,0.667,1
s12603,0.987,1
s12604,1.0,1
s12605,1.0,1
s12606,0.742,1
s12607,0.737,1
s12608,0.787,1
s12609,0.677,1
s12610,0.5670000000000001,1
s12611,0.778,1
s12612,1.0,1
s12613,0.654,1
s12614,0.7090000000000001,1
s12615,0.785,1
s12616,0.614,1
s12617,1.0,1
s12618,0.961,1
s12619,0.99,1
s12620,0.977,1
s12621,0.816,1
s12622,0.812,1
s12623,1.0,1
s12624,1.0,1
s12625,0.68,1
s12626,1.0,1
s12627,1.0,1
s12628,1.0,1
s12629,1.0,1
s12630,1.0,1
s12631,1.0,1
s12632,0.996,1
s12633,0.993,1
s12634,1.0,1
s12635,0.998,1
s12636,0.998,1
s12637,1.0,1
s12638,0.988,1
s12639,1.0,1
s12640,0.631,1
s12641,0.657,1
s12642,0.682,1
s12643,1.0,1
s12644,1.0,1
s12645,0.5770000000000001,1
s12646,0.996,1
s12647,0.748,1
s12648,0.992,1
s12649,0.997,1
s12650,0.988,1
s12651,0.98,1
s12652,0.6559999999999999,1
s12653,0.9740000000000001,1
s12654,0.9640000000000001,1
s12655,0.8079999999999999,1
s12656,1.0,1
s12657,1.0,1
s12658,0.997,1
s12659,0.774,1
s12660,0.868,1
s12661,0.996,1
s12662,0.9570000000000001,1
s12663,0.997,1
s12664,0.7709999999999999,1
s12665,1.0,1
s12666,0.7170000000000001,1
s12667,0.8,1
s12668,0.9540000000000001,1
s12669,1.0,1
s12670,1.0,1
s12671,1.0,1
s12672,0.998,1
s12673,1.0,1
s12674,0.996,1
s12675,1.0,1
s12676,0.732,1
s12677,0.8490000000000001,1
s12678,1.0,1
s12679,0.633,1
s12680,0.995,1
s12681,0.995,1
s12682,0.731,1
s12683,1.0,1
s12684,1.0,1
s12685,1.0,1
s12686,0.9940000000000001,1
s12687,0.61,1
s12688,1.0,1
s12689,0.674,1
s12690,0.976,1
s12691,1.0,1
s12692,1.0,1
s12693,0.978,1
s12694,0.971,1
s12695,0.8,1
s12696,0.505,1
s12697,1.0,1
s12698,1.0,1
s12699,0.9840000000000001,1
s12700,1.0,1
s12701,1.0,1
s12702,0.998,1
s12703,0.727,1
s12704,1.0,1
s12705,0.809,1
s12706,1.0,1
s12707,0.826,1
s12708,0.993,1
s12709,1.0,1
s12710,0.616,1
s12711,1.0,1
s12712,0.956,1
s12713,1.0,1
s12714,1.0,1
s12715,1.0,1
s12716,0.997,1
s12717,1.0,1
s12718,0.5760000000000001,1
s12719,0.988,1
s12720,0.997,1
s12721,0.997,1
s12722,0.997,1
s12723,0.992,1
s12724,0.992,1
s12725,0.7929999999999999,1
s12726,0.836,1
s12727,1.0,1
s12728,0.9890000000000001,1
s12729,0.987,1
s12730,0.987,1
s12731,1.0,1
s12732,0.987,1
s12733,0.987,1
s12734,0.937,1
s12735,0.988,1
s12736,0.993,1
s12737,0.993,1
s12738,0.998,1
s12739,0.9940000000000001,1
s12740,0.945,1
s12741,1.0,1
s12742,1.0,1
s12743,0.995,1
s12744,0.995,1
s12745,1.0,1
s12746,1.0,1
s12747,1.0,1
s12748,1.0,1
s12749,0.998,1
s12750,1.0,1
s12751,0.991,1
s12752,0.981,1
s12753,1.0,1
s12754,0.9940000000000001,1
s12755,0.9940000000000001,1
s12756,0.996,1
s12757,0.998,1
s12758,0.843,1
s12759,0.9279999999999999,1
s12760,0.996,1
s12761,0.987,1
s12762,0.887,1
s12763,0.934,1
s12764,0.998,1
s12765,0.9359999999999999,1
s12766,0.983,1
s12767,0.998,1
s12768,0.998,1
s12769,0.998,1
s12770,0.922,1
s12771,0.867,1
s12772,1.0,1
s12773,1.0,1
s12774,0.8079999999999999,1
s12775,0.748,1
s12776,0.998,1
s12777,0.7120000000000001,1
s12778,1.0,1
s12779,1.0,1
s12780,1.0,1
s12781,0.892,1
s12782,0.996,1
s12783,0.996,1
s12784,0.992,1
s12785,1.0,1
s12786,0.807,1
s12787,0.565,1
s12788,0.779,1
s12789,0.8809999999999999,1
s12790,0.993,1
s12791,1.0,1
s12792,0.462,1
s12793,1.0,1
s12794,1.0,1
s12795,0.794,1
s12796,1.0,1
s12797,0.9990000000000001,1
s12798,0.9990000000000001,1
s12799,1.0,1
s12800,0.945,1
s12801,0.996,1
s12802,0.6579999999999999,1
s12803,0.818,1
s12804,0.6579999999999999,1
s12805,0.996,1
s12806,1.0,1
s12807,0.996,1
s12808,0.674,1
s12809,0.7190000000000001,1
s12810,0.983,1
s12811,0.9940000000000001,1
s12812,0.992,1
s12813,0.983,1
s12814,0.997,1
s12815,1.0,1
s12816,1.0,1
s12817,1.0,1
s12818,0.774,1
s12819,0.993,1
s12820,1.0,1
s12821,0.993,1
s12822,0.672,1
s12823,1.0,1
s12824,1.0,1
s12825,1.0,1
s12826,0.652,1
s12827,1.0,1
s12828,0.614,1
s12829,0.674,1
s12830,1.0,1
s12831,1.0,1
s12832,1.0,1
s12833,0.996,1
s12834,1.0,1
s12835,1.0,1
s12836,0.985,1
s12837,0.985,1
s12838,1.0,1
s12839,1.0,1
s12840,0.982,1
s12841,1.0,1
s12842,1.0,1
s12843,1.0,1
s12844,1.0,1
s12845,0.7979999999999999,1
s12846,1.0,1
s12847,0.718,1
s12848,0.9840000000000001,1
s12849,0.978,1
s12850,0.996,1
s12851,1.0,1
s12852,0.987,1
s12853,1.0,1
s12854,0.848,1
s12855,1.0,1
s12856,1.0,1
s12857,0.992,1
s12858,0.995,1
s12859,1.0,1
s12860,1.0,1
s12861,0.736,1
s12862,1.0,1
s12863,1.0,1
s12864,0.9940000000000001,1
s12865,0.993,1
s12866,1.0,1
s12867,0.997,1
s12868,0.997,1
s12869,1.0,1
s12870,0.777,1
s12871,1.0,1
s12872,0.6859999999999999,1
s12873,0.6579999999999999,1
s12874,1.0,1
s12875,0.6729999999999999,1
s12876,1.0,1
s12877,1.0,1
s12878,1.0,1
s12879,1.0,1
s12880,0.568,1
s12881,0.912,1
s12882,0.912,1
s12883,0.912,1
s12884,0.8290000000000001,1
s12885,1.0,1
s12886,0.9740000000000001,1
s12887,1.0,1
s12888,0.9209999999999999,1
s12889,0.953,1
s12890,0.986,1
s12891,1.0,1
s12892,0.995,1
s12893,0.98,1
s12894,1.0,1
s12895,1.0,1
s12896,0.54,1
s12897,0.99,1
s12898,1.0,1
s12899,1.0,1
s12900,0.995,1
s12901,0.623,1
s12902,0.996,1
s12903,1.0,1
s12904,1.0,1
s12905,0.946,1
s12906,0.995,1
s12907,0.995,1
s12908,0.99,1
s12909,0.995,1
s12910,0.995,1
s12911,0.758,1
s12912,0.607,1
s12913,0.997,1
s12914,1.0,1
s12915,1.0,1
s12916,0.99,1
s12917,0.833,1
s12918,0.945,1
s12919,0.996,1
s12920,1.0,1
s12921,0.731,1
s12922,0.925,1
s12923,0.64,1
s12924,0.797,1
s12925,0.8959999999999999,1
s12926,1.0,1
s12927,0.96,1
s12928,0.919,1
s12929,0.9890000000000001,1
s12930,1.0,1
s12931,1.0,1
s12932,0.601,1
s12933,0.996,1
s12934,0.643,1
s12935,0.995,1
s12936,0.5760000000000001,1
s12937,0.5760000000000001,1
s12938,0.9490000000000001,1
s12939,0.9940000000000001,1
s12940,0.981,1
s12941,0.988,1
s12942,0.988,1
s12943,0.777,1
s12944,0.669,1
s12945,1.0,1
s12946,0.997,1
s12947,0.99,1
s12948,0.998,1
s12949,0.998,1
s12950,1.0,1
s12951,0.888,1
s12952,0.973,1
s12953,0.997,1
s12954,0.996,1
s12955,0.62,1
s12956,1.0,1
s12957,0.9940000000000001,1
s12958,0.6829999999999999,1
s12959,0.843,1
s12960,0.762,1
s12961,0.6829999999999999,1
s12962,1.0,1
s12963,0.98,1
s12964,0.828,1
s12965,1.0,1
s12966,0.675,1
s12967,0.688,1
s12968,1.0,1
s12969,1.0,1
s12970,0.64,1
s12971,1.0,1
s12972,0.948,1
s12973,0.593,1
s12974,0.732,1
s12975,0.612,1
s12976,0.996,1
s12977,0.995,1
s12978,0.919,1
s12979,0.975,1
s12980,0.986,1
s12981,0.993,1
s12982,1.0,1
s12983,1.0,1
s12984,1.0,1
s12985,0.84,1
s12986,0.914,1
s12987,0.99,1
s12988,0.998,1
s12989,0.9490000000000001,1
s12990,0.995,1
s12991,0.782,1
s12992,1.0,1
s12993,1.0,1
s12994,1.0,1
s12995,0.997,1
s12996,0.622,1
s12997,0.684,1
s12998,0.953,1
s12999,1.0,1
s13000,1.0,1
s13001,0.696,1
s13002,1.0,1
s13003,0.579,1
s13004,0.584,1
s13005,0.9590000000000001,1
s13006,1.0,1
s13007,0.998,1
s13008,0.997,1
s13009,1.0,1
s13010,0.9740000000000001,1
s13011,0.997,1
s13012,0.996,1
s13013,0.9570000000000001,1
s13014,0.853,1
s13015,0.852,1
s13016,0.9670000000000001,1
s13017,0.9940000000000001,1
s13018,0.998,1
s13019,0.997,1
s13020,0.9670000000000001,1
s13021,0.565,1
s13022,0.997,1
s13023,1.0,1
s13024,0.613,1
s13025,0.997,1
s13026,0.8490000000000001,1
s13027,0.948,1
s13028,0.992,1
s13029,0.618,1
s13030,0.7040000000000001,1
s13031,0.924,1
s13032,0.997,1
s13033,0.634,1
s13034,0.622,1
s13035,1.0,1
s13036,0.992,1
s13037,0.6859999999999999,1
s13038,1.0,1
s13039,0.779,1
s13040,1.0,1
s13041,1.0,1
s13042,1.0,1
s13043,0.841,1
s13044,0.971,1
s13045,0.7759999999999999,1
s13046,0.996,1
s13047,0.645,1
s13048,1.0,1
s13049,1.0,1
s13050,0.997,1
s13051,1.0,1
s13052,1.0,1
s13053,0.997,1
s13054,0.997,1
s13055,0.997,1
s13056,1.0,1
s13057,0.963,1
s13058,1.0,1
s13059,1.0,1
s13060,1.0,1
s13061,0.9670000000000001,1
s13062,1.0,1
s13063,0.986,1
s13064,0.982,1
s13065,0.99,1
s13066,0.993,1
s13067,1.0,1
s13068,1.0,1
s13069,1.0,1
s13070,0.892,1
s13071,0.997,1
s13072,1.0,1
s13073,1.0,1
s13074,0.937,1
s13075,0.807,1
s13076,0.716,1
s13077,1.0,1
s13078,0.9940000000000001,1
s13079,0.596,1
s13080,1.0,1
s13081,0.973,1
s13082,0.772,1
s13083,0.997,1
s13084,0.773,1
s13085,0.996,1
s13086,0.945,1
s13087,1.0,1
s13088,0.996,1
s13089,0.997,1
s13090,1.0,1
s13091,0.653,1
s13092,0.992,1
s13093,1.0,1
s13094,1.0,1
s13095,0.945,1
s13096,0.883,1
s13097,1.0,1
s13098,0.993,1
s13099,0.855,1
s13100,1.0,1
s13101,1.0,1
s13102,0.9840000000000001,1
s13103,0.937,1
s13104,1.0,1
s13105,1.0,1
s13106,1.0,1
s13107,1.0,1
s13108,1.0,1
s13109,1.0,1
s13110,0.995,1
s13111,0.997,1
s13112,0.5820000000000001,1
s13113,1.0,1
s13114,1.0,1
s13115,1.0,1
s13116,1.0,1
s13117,1.0,1
s13118,0.8190000000000001,1
s13119,1.0,1
s13120,0.981,1
s13121,1.0,1
s13122,0.975,1
s13123,1.0,1
s13124,0.77,1
s13125,0.955,1
s13126,1.0,1
s13127,1.0,1
s13128,1.0,1
s13129,0.991,1
s13130,1.0,1
s13131,0.8590000000000001,1
s13132,1.0,1
s13133,0.758,1
s13134,1.0,1
s13135,1.0,1
s13136,1.0,1
s13137,0.9329999999999999,1
s13138,0.991,1
s13139,1.0,1
s13140,1.0,1
s13141,0.991,1
s13142,1.0,1
s13143,0.991,1
s13144,0.991,1
s13145,0.9690000000000001,1
s13146,0.9540000000000001,1
s13147,1.0,1
s13148,0.99,1
s13149,1.0,1
s13150,0.993,1
s13151,1.0,1
s13152,0.997,1
s13153,1.0,1
s13154,0.988,1
s13155,0.998,1
s13156,0.9940000000000001,1
s13157,0.995,1
s13158,0.835,1
s13159,1.0,1
s13160,1.0,1
s13161,0.741,1
s13162,1.0,1
s13163,0.747,1
s13164,1.0,1
s13165,1.0,1
s13166,1.0,1
s13167,0.993,1
s13168,0.993,1
s13169,0.732,1
s13170,0.652,1
s13171,1.0,1
s13172,0.8079999999999999,1
s13173,0.802,1
s13174,0.997,1
s13175,0.7659999999999999,1
s13176,0.755,1
s13177,0.769,1
s13178,0.927,1
s13179,0.966,1
s13180,0.998,1
s13181,1.0,1
s13182,0.993,1
s13183,0.669,1
s13184,0.983,1
s13185,1.0,1
s13186,0.68,1
s13187,0.9940000000000001,1
s13188,1.0,1
s13189,0.997,1
s13190,0.862,1
s13191,1.0,1
s13192,0.997,1
s13193,0.997,1
s13194,0.995,1
s13195,0.997,1
s13196,0.8340000000000001,1
s13197,0.838,1
s13198,1.0,1
s13199,0.6759999999999999,1
s13200,0.758,1
s13201,0.935,1
s13202,0.993,1
s13203,0.993,1
s13204,0.996,1
s13205,0.7559999999999999,1
s13206,0.9440000000000001,1
s13207,0.996,1
s13208,1.0,1
s13209,1.0,1
s13210,0.988,1
s13211,0.848,1
s13212,1.0,1
s13213,0.8290000000000001,1
s13214,0.996,1
s13215,1.0,1
s13216,1.0,1
s13217,0.992,1
s13218,0.991,1
s13219,0.995,1
s13220,0.997,1
s13221,0.99,1
s13222,1.0,1
s13223,1.0,1
s13224,0.95,1
s13225,0.9620000000000001,1
s13226,0.996,1
s13227,0.958,1
s13228,0.99,1
s13229,1.0,1
s13230,1.0,1
s13231,0.8109999999999999,1
s13232,0.621,1
s13233,0.958,1
s13234,0.9940000000000001,1
s13235,1.0,1
s13236,0.998,1
s13237,0.995,1
s13238,1.0,1
s13239,0.9940000000000001,1
s13240,0.953,1
s13241,0.99,1
s13242,0.619,1
s13243,0.619,1
s13244,0.996,1
s13245,0.985,1
s13246,0.982,1
s13247,0.92,1
s13248,0.99,1
s13249,0.9359999999999999,1
s13250,0.679,1
s13251,1.0,1
s13252,1.0,1
s13253,0.995,1
s13254,1.0,1
s13255,1.0,1
s13256,1.0,1
s13257,0.998,1
s13258,1.0,1
s13259,0.655,1
s13260,1.0,1
s13261,0.998,1
s13262,1.0,1
s13263,0.9079999999999999,1
s13264,0.905,1
s13265,0.54,1
s13266,0.632,1
s13267,1.0,1
s13268,1.0,1
s13269,1.0,1
s13270,1.0,1
s13271,0.924,1
s13272,0.924,1
s13273,1.0,1
s13274,0.985,1
s13275,1.0,1
s13276,1.0,1
s13277,1.0,1
s13278,1.0,1
s13279,0.695,1
s13280,1.0,1
s13281,1.0,1
s13282,0.9009999999999999,1
s13283,0.997,1
s13284,0.912,1
s13285,0.997,1
s13286,1.0,1
s13287,0.988,1
s13288,0.893,1
s13289,1.0,1
s13290,0.893,1
s13291,0.8909999999999999,1
s13292,0.893,1
s13293,0.8909999999999999,1
s13294,1.0,1
s13295,0.76,1
s13296,0.667,1
s13297,0.664,1
s13298,1.0,1
s13299,0.9940000000000001,1
s13300,0.862,1
s13301,0.6579999999999999,1
s13302,0.6579999999999999,1
s13303,0.5539999999999999,1
s13304,0.542,1
s13305,0.987,1
s13306,0.997,1
s13307,1.0,1
s13308,1.0,1
s13309,0.993,1
s13310,1.0,1
s13311,0.987,1
s13312,0.621,1
s13313,0.773,1
s13314,0.892,1
s13315,0.888,1
s13316,0.997,1
s13317,1.0,1
s13318,0.997,1
s13319,0.997,1
s13320,1.0,1
s13321,1.0,1
s13322,0.998,1
s13323,1.0,1
s13324,0.943,1
s13325,0.9440000000000001,1
s13326,1.0,1
s13327,0.882,1
s13328,0.993,1
s13329,1.0,1
s13330,1.0,1
s13331,0.998,1
s13332,1.0,1
s13333,0.995,1
s13334,0.61,1
s13335,1.0,1
s13336,1.0,1
s13337,0.9890000000000001,1
s13338,0.9890000000000001,1
s13339,0.993,1
s13340,1.0,1
s13341,0.9890000000000001,1
s13342,1.0,1
s13343,0.915,1
s13344,1.0,1
s13345,0.995,1
s13346,0.934,1
s13347,0.992,1
s13348,1.0,1
s13349,0.995,1
s13350,0.638,1
s13351,1.0,1
s13352,0.977,1
s13353,0.963,1
s13354,1.0,1
s13355,0.99,1
s13356,0.7709999999999999,1
s13357,1.0,1
s13358,1.0,1
s13359,0.9329999999999999,1
s13360,1.0,1
s13361,0.61,1
s13362,1.0,1
s13363,1.0,1
s13364,0.948,1
s13365,0.997,1
s13366,1.0,1
s13367,1.0,1
s13368,0.9440000000000001,1
s13369,0.95,1
s13370,0.997,1
s13371,1.0,1
s13372,1.0,1
s13373,0.998,1
s13374,1.0,1
s13375,0.9640000000000001,1
s13376,1.0,1
s13377,0.982,1
s13378,0.893,1
s13379,0.893,1
s13380,0.997,1
s13381,0.998,1
s13382,1.0,1
s13383,1.0,1
s13384,1.0,1
s13385,1.0,1
s13386,0.965,1
s13387,1.0,1
s13388,0.9390000000000001,1
s13389,1.0,1
s13390,1.0,1
s13391,0.611,1
s13392,1.0,1
s13393,0.912,1
s13394,0.9079999999999999,1
s13395,1.0,1
s13396,0.996,1
s13397,0.861,1
s13398,1.0,1
s13399,0.8059999999999999,1
s13400,0.9840000000000001,1
s13401,0.992,1
s13402,0.992,1
s13403,0.992,1
s13404,1.0,1
s13405,1.0,1
s13406,0.998,1
s13407,0.996,1
s13408,0.996,1
s13409,0.996,1
s13410,0.996,1
s13411,1.0,1
s13412,1.0,1
s13413,1.0,1
s13414,0.996,1
s13415,0.991,1
s13416,0.977,1
s13417,1.0,1
s13418,1.0,1
s13419,0.785,1
s13420,1.0,1
s13421,0.998,1
s13422,0.998,1
s13423,0.998,1
s13424,0.777,1
s13425,1.0,1
s13426,0.785,1
s13427,0.915,1
s13428,1.0,1
s13429,0.742,1
s13430,0.997,1
s13431,1.0,1
s13432,1.0,1
s13433,0.865,1
s13434,0.997,1
s13435,1.0,1
s13436,0.9179999999999999,1
s13437,0.997,1
s13438,0.997,1
s13439,0.997,1
s13440,1.0,1
s13441,0.996,1
s13442,1.0,1
s13443,0.983,1
s13444,0.777,1
s13445,1.0,1
s13446,0.99,1
s13447,0.986,1
s13448,0.997,1
s13449,1.0,1
s13450,1.0,1
s13451,1.0,1
s13452,0.96,1
s13453,0.95,1
s13454,1.0,1
s13455,0.998,1
s13456,0.995,1
s13457,0.995,1
s13458,0.995,1
s13459,0.995,1
s13460,0.568,1
s13461,1.0,1
s13462,0.863,1
s13463,0.991,1
s13464,1.0,1
s13465,0.996,1
s13466,0.993,1
s13467,0.997,1
s13468,1.0,1
s13469,0.993,1
s13470,0.9470000000000001,1
s13471,0.982,1
s13472,0.8,1
s13473,0.601,1
s13474,0.9940000000000001,1
s13475,1.0,1
s13476,0.64,1
s13477,0.992,1
s13478,1.0,1
s13479,1.0,1
s13480,0.99,1
s13481,0.988,1
s13482,0.9840000000000001,1
s13483,0.955,1
s13484,1.0,1
s13485,1.0,1
s13486,0.9670000000000001,1
s13487,1.0,1
s13488,0.7859999999999999,1
s13489,1.0,1
s13490,0.777,1
s13491,0.777,1
s13492,0.777,1
s13493,0.8220000000000001,1
s13494,0.62,1
s13495,1.0,1
s13496,0.9059999999999999,1
s13497,1.0,1
s13498,0.978,1
s13499,1.0,1
s13500,1.0,1
s13501,0.992,1
s13502,1.0,1
s13503,0.996,1
s13504,0.8640000000000001,1
s13505,0.993,1
s13506,1.0,1
s13507,1.0,1
s13508,1.0,1
s13509,0.996,1
s13510,0.997,1
s13511,0.799,1
s13512,1.0,1
s13513,0.997,1
s13514,0.9690000000000001,1
s13515,1.0,1
s13516,0.64,1
s13517,0.95,1
s13518,0.907,1
s13519,0.568,1
s13520,0.8340000000000001,1
s13521,0.655,1
s13522,0.6759999999999999,1
s13523,0.604,1
s13524,0.6729999999999999,1
s13525,1.0,1
s13526,0.976,1
s13527,1.0,1
s13528,0.993,1
s13529,0.883,1
s13530,0.995,1
s13531,0.9990000000000001,1
s13532,0.998,1
s13533,0.7509999999999999,1
s13534,0.943,1
s13535,1.0,1
s13536,1.0,1
s13537,0.993,1
s13538,0.71,1
s13539,0.6990000000000001,1
s13540,0.695,1
s13541,0.9620000000000001,1
s13542,0.5529999999999999,1
s13543,0.6629999999999999,1
s13544,0.995,1
s13545,0.6629999999999999,1
s13546,0.6609999999999999,1
s13547,1.0,1
s13548,0.978,1
s13549,0.997,1
s13550,0.997,1
s13551,0.997,1
s13552,0.818,1
s13553,1.0,1
s13554,1.0,1
s13555,0.7709999999999999,1
s13556,1.0,1
s13557,1.0,1
s13558,1.0,1
s13559,0.998,1
s13560,0.9890000000000001,1
s13561,0.996,1
s13562,0.996,1
s13563,0.996,1
s13564,0.993,1
s13565,0.993,1
s13566,0.993,1
s13567,1.0,1
s13568,1.0,1
s13569,1.0,1
s13570,0.995,1
s13571,0.5870000000000001,1
s13572,1.0,1
s13573,0.986,1
s13574,0.995,1
s13575,0.785,1
s13576,0.772,1
s13577,1.0,1
s13578,0.991,1
s13579,0.958,1
s13580,1.0,1
s13581,0.993,1
s13582,1.0,1
s13583,1.0,1
s13584,0.99,1
s13585,0.988,1
s13586,0.986,1
s13587,1.0,1
s13588,1.0,1
s13589,0.993,1
s13590,0.993,1
s13591,1.0,1
s13592,1.0,1
s13593,1.0,1
s13594,1.0,1
s13595,1.0,1
s13596,1.0,1
s13597,1.0,1
s13598,0.621,1
s13599,0.828,1
s13600,1.0,1
s13601,1.0,1
s13602,0.997,1
s13603,0.992,1
s13604,1.0,1
s13605,0.997,1
s13606,1.0,1
s13607,0.976,1
s13608,0.9840000000000001,1
s13609,0.986,1
s13610,0.996,1
s13611,0.765,1
s13612,0.88,1
s13613,0.9259999999999999,1
s13614,1.0,1
s13615,0.73,1
s13616,0.988,1
s13617,0.9359999999999999,1
s13618,0.9420000000000001,1
s13619,0.9890000000000001,1
s13620,1.0,1
s13621,0.83,1
s13622,0.9309999999999999,1
s13623,0.992,1
s13624,0.8809999999999999,1
s13625,1.0,1
s13626,0.8170000000000001,1
s13627,0.99,1
s13628,0.634,1
s13629,1.0,1
s13630,1.0,1
s13631,1.0,1
s13632,1.0,1
s13633,0.993,1
s13634,0.9940000000000001,1
s13635,0.978,1
s13636,1.0,1
s13637,0.9690000000000001,1
s13638,1.0,1
s13639,1.0,1
s13640,1.0,1
s13641,1.0,1
s13642,0.9440000000000001,1
s13643,0.6920000000000001,1
s13644,0.996,1
s13645,0.9890000000000001,1
s13646,0.9940000000000001,1
s13647,1.0,1
s13648,0.9940000000000001,1
s13649,1.0,1
s13650,1.0,1
s13651,0.993,1
s13652,0.9259999999999999,1
s13653,1.0,1
s13654,0.996,1
s13655,0.972,1
s13656,0.997,1
s13657,0.993,1
s13658,0.993,1
s13659,1.0,1
s13660,0.9940000000000001,1
s13661,1.0,1
s13662,0.9890000000000001,1
s13663,0.995,1
s13664,0.9940000000000001,1
s13665,0.958,1
s13666,1.0,1
s13667,0.6509999999999999,1
s13668,0.648,1
s13669,0.648,1
s13670,0.603,1
s13671,0.843,1
s13672,0.9940000000000001,1
s13673,1.0,1
s13674,1.0,1
s13675,1.0,1
s13676,1.0,1
s13677,0.8240000000000001,1
s13678,0.907,1
s13679,0.8240000000000001,1
s13680,0.616,1
s13681,1.0,1
s13682,0.9790000000000001,1
s13683,0.731,1
s13684,0.5820000000000001,1
s13685,1.0,1
s13686,1.0,1
s13687,1.0,1
s13688,1.0,1
s13689,1.0,1
s13690,0.993,1
s13691,1.0,1
s13692,0.998,1
s13693,1.0,1
s13694,1.0,1
s13695,0.7240000000000001,1
s13696,1.0,1
s13697,1.0,1
s13698,0.988,1
s13699,1.0,1
s13700,0.997,1
s13701,1.0,1
s13702,1.0,1
s13703,0.66,1
s13704,0.619,1
s13705,1.0,1
s13706,0.981,1
s13707,0.996,1
s13708,0.987,1
s13709,0.7559999999999999,1
s13710,0.828,1
s13711,0.825,1
s13712,0.5760000000000001,1
s13713,0.5760000000000001,1
s13714,1.0,1
s13715,0.636,1
s13716,0.655,1
s13717,1.0,1
s13718,0.632,1
s13719,1.0,1
s13720,0.976,1
s13721,1.0,1
s13722,1.0,1
s13723,0.826,1
s13724,0.976,1
s13725,1.0,1
s13726,0.919,1
s13727,0.912,1
s13728,0.961,1
s13729,0.865,1
s13730,0.983,1
s13731,0.777,1
s13732,0.777,1
s13733,1.0,1
s13734,0.978,1
s13735,0.7759999999999999,1
s13736,1.0,1
s13737,1.0,1
s13738,1.0,1
s13739,1.0,1
s13740,1.0,1
s13741,0.797,1
s13742,1.0,1
s13743,0.998,1
s13744,0.998,1
s13745,0.998,1
s13746,0.998,1
s13747,0.998,1
s13748,0.7040000000000001,1
s13749,0.7040000000000001,1
s13750,1.0,1
s13751,0.993,1
s13752,0.7140000000000001,1
s13753,0.568,1
s13754,1.0,1
s13755,0.71,1
s13756,0.5660000000000001,1
s13757,0.828,1
s13758,1.0,1
s13759,0.988,1
s13760,1.0,1
s13761,1.0,1
s13762,0.991,1
s13763,0.985,1
s13764,1.0,1
s13765,0.9940000000000001,1
s13766,0.6729999999999999,1
s13767,0.995,1
s13768,0.6679999999999999,1
s13769,0.997,1
s13770,0.9890000000000001,1
s13771,0.7070000000000001,1
s13772,0.6890000000000001,1
s13773,0.696,1
s13774,0.971,1
s13775,1.0,1
s13776,0.992,1
s13777,0.995,1
s13778,0.917,1
s13779,1.0,1
s13780,1.0,1
s13781,0.9890000000000001,1
s13782,1.0,1
s13783,0.8240000000000001,1
s13784,0.996,1
s13785,0.998,1
s13786,1.0,1
s13787,0.995,1
s13788,0.978,1
s13789,0.684,1
s13790,0.9990000000000001,1
s13791,0.9940000000000001,1
s13792,1.0,1
s13793,1.0,1
s13794,0.997,1
s13795,0.9790000000000001,1
s13796,0.9790000000000001,1
s13797,0.672,1
s13798,0.7709999999999999,1
s13799,1.0,1
s13800,1.0,1
s13801,1.0,1
s13802,0.978,1
s13803,1.0,1
s13804,1.0,1
s13805,0.6,1
s13806,1.0,1
s13807,0.992,1
s13808,0.992,1
s13809,1.0,1
s13810,0.996,1
s13811,0.996,1
s13812,0.993,1
s13813,1.0,1
s13814,0.7879999999999999,1
s13815,1.0,1
s13816,0.731,1
s13817,0.9009999999999999,1
s13818,1.0,1
s13819,1.0,1
s13820,1.0,1
s13821,0.711,1
s13822,1.0,1
s13823,0.996,1
s13824,0.44,1
s13825,0.9279999999999999,1
s13826,0.9940000000000001,1
s13827,1.0,1
s13828,1.0,1
s13829,1.0,1
s13830,1.0,1
s13831,1.0,1
s13832,1.0,1
s13833,1.0,1
s13834,0.992,1
s13835,1.0,1
s13836,1.0,1
s13837,0.998,1
s13838,1.0,1
s13839,1.0,1
s13840,1.0,1
s13841,0.9940000000000001,1
s13842,0.996,1
s13843,0.998,1
s13844,1.0,1
s13845,0.919,1
s13846,1.0,1
s13847,0.9259999999999999,1
s13848,0.977,1
s13849,1.0,1
s13850,0.991,1
s13851,0.986,1
s13852,0.995,1
s13853,0.98,1
s13854,0.998,1
s13855,0.77,1
s13856,0.993,1
s13857,0.992,1
s13858,0.9940000000000001,1
s13859,0.996,1
s13860,0.996,1
s13861,1.0,1
s13862,0.988,1
s13863,0.997,1
s13864,0.996,1
s13865,0.7809999999999999,1
s13866,0.868,1
s13867,1.0,1
s13868,1.0,1
s13869,1.0,1
s13870,1.0,1
s13871,1.0,1
s13872,0.995,1
s13873,0.574,1
s13874,0.755,1
s13875,1.0,1
s13876,0.574,1
s13877,0.574,1
s13878,0.996,1
s13879,0.997,1
s13880,1.0,1
s13881,0.99,1
s13882,0.992,1
s13883,0.992,1
s13884,0.992,1
s13885,0.97,1
s13886,1.0,1
s13887,0.708,1
s13888,0.992,1
s13889,0.992,1
s13890,0.99,1
s13891,0.99,1
s13892,0.742,1
s13893,1.0,1
s13894,0.66,1
s13895,0.8590000000000001,1
s13896,0.998,1
s13897,0.9329999999999999,1
s13898,0.993,1
s13899,0.9790000000000001,1
s13900,0.755,1
s13901,1.0,1
s13902,0.996,1
s13903,1.0,1
s13904,0.987,1
s13905,0.777,1
s13906,1.0,1
s13907,0.998,1
s13908,1.0,1
s13909,0.995,1
s13910,0.993,1
s13911,0.997,1
s13912,0.878,1
s13913,0.774,1
s13914,1.0,1
s13915,0.998,1
s13916,0.882,1
s13917,0.992,1
s13918,0.99,1
s13919,1.0,1
s13920,0.912,1
s13921,0.997,1
s13922,1.0,1
s13923,0.7829999999999999,1
s13924,1.0,1
s13925,0.978,1
s13926,1.0,1
s13927,0.898,1
s13928,1.0,1
s13929,1.0,1
s13930,1.0,1
s13931,0.997,1
s13932,0.998,1
s13933,1.0,1
s13934,1.0,1
s13935,0.777,1
s13936,1.0,1
s13937,1.0,1
s13938,0.996,1
s13939,0.9990000000000001,1
s13940,0.996,1
s13941,0.846,1
s13942,0.737,1
s13943,0.951,1
s13944,0.992,1
s13945,1.0,1
s13946,0.945,1
s13947,0.986,1
s13948,1.0,1
s13949,0.9940000000000001,1
s13950,0.8290000000000001,1
s13951,0.996,1
s13952,1.0,1
s13953,1.0,1
s13954,1.0,1
s13955,1.0,1
s13956,0.7290000000000001,1
s13957,0.966,1
s13958,0.9940000000000001,1
s13959,1.0,1
s13960,0.9329999999999999,1
s13961,0.925,1
s13962,1.0,1
s13963,0.982,1
s13964,1.0,1
s13965,0.988,1
s13966,0.986,1
s13967,0.953,1
s13968,0.823,1
s13969,0.97,1
s13970,0.779,1
s13971,0.9520000000000001,1
s13972,0.986,1
s13973,0.966,1
s13974,0.971,1
s13975,0.8290000000000001,1
s13976,0.991,1
s13977,0.993,1
s13978,0.998,1
s13979,0.993,1
s13980,0.8759999999999999,1
s13981,0.9940000000000001,1
s13982,1.0,1
s13983,0.998,1
s13984,0.9359999999999999,1
s13985,0.9279999999999999,1
s13986,1.0,1
s13987,0.898,1
s13988,0.9890000000000001,1
s13989,1.0,1
s13990,0.889,1
s13991,0.992,1
s13992,0.981,1
s13993,1.0,1
s13994,0.648,1
s13995,0.983,1
s13996,0.687,1
s13997,0.9890000000000001,1
s13998,1.0,1
s13999,0.992,1
s14000,0.991,1
s14001,1.0,1
s14002,0.998,1
s14003,1.0,1
s14004,0.888,1
s14005,0.997,1
s14006,1.0,1
s14007,1.0,1
s14008,0.997,1
s14009,0.9790000000000001,1
s14010,0.996,1
s14011,1.0,1
s14012,1.0,1
s14013,1.0,1
s14014,0.904,1
s14015,0.858,1
s14016,0.585,1
s14017,1.0,1
s14018,0.809,1
s14019,1.0,1
s14020,0.98,1
s14021,0.986,1
s14022,0.993,1
s14023,0.993,1
s14024,1.0,1
s14025,0.995,1
s14026,0.982,1
s14027,0.98,1
s14028,0.9079999999999999,1
s14029,0.9109999999999999,1
s14030,0.914,1
s14031,0.7959999999999999,1
s14032,0.7959999999999999,1
s14033,0.721,1
s14034,0.983,1
s14035,0.976,1
s14036,0.9229999999999999,1
s14037,1.0,1
s14038,1.0,1
s14039,0.708,1
s14040,0.99,1
s14041,0.9940000000000001,1
s14042,0.997,1
s14043,0.9990000000000001,1
s14044,0.992,1
s14045,1.0,1
s14046,0.9940000000000001,1
s14047,1.0,1
s14048,0.996,1
s14049,0.753,1
s14050,1.0,1
s14051,1.0,1
s14052,0.9940000000000001,1
s14053,0.993,1
s14054,0.866,1
s14055,1.0,1
s14056,0.993,1
s14057,1.0,1
s14058,0.998,1
s14059,1.0,1
s14060,0.905,1
s14061,0.9990000000000001,1
s14062,0.9990000000000001,1
s14063,0.9940000000000001,1
s14064,0.693,1
s14065,0.6679999999999999,1
s14066,0.899,1
s14067,1.0,1
s14068,1.0,1
s14069,1.0,1
s14070,0.7709999999999999,1
s14071,0.7979999999999999,1
s14072,1.0,1
s14073,1.0,1
s14074,0.996,1
s14075,0.769,1
s14076,1.0,1
s14077,0.986,1
s14078,0.521,1
s14079,0.521,1
s14080,1.0,1
s14081,1.0,1
s14082,0.995,1
s14083,0.8759999999999999,1
s14084,0.993,1
s14085,1.0,1
s14086,0.998,1
s14087,1.0,1
s14088,1.0,1
s14089,0.997,1
s14090,1.0,1
s14091,1.0,1
s14092,0.868,1
s14093,0.809,1
s14094,0.809,1
s14095,0.9940000000000001,1
s14096,0.9940000000000001,1
s14097,1.0,1
s14098,0.9940000000000001,1
s14099,0.858,1
s14100,0.98,1
s14101,0.977,1
s14102,0.996,1
s14103,1.0,1
s14104,1.0,1
s14105,0.8759999999999999,1
s14106,0.8759999999999999,1
s14107,1.0,1
s14108,0.991,1
s14109,1.0,1
s14110,0.633,1
s14111,1.0,1
s14112,0.8909999999999999,1
s14113,1.0,1
s14114,0.575,1
s14115,0.575,1
s14116,0.977,1
s14117,1.0,1
s14118,1.0,1
s14119,0.981,1
s14120,0.997,1
s14121,1.0,1
s14122,1.0,1
s14123,0.985,1
s14124,0.6559999999999999,1
s14125,0.997,1
s14126,0.7859999999999999,1
s14127,0.997,1
s14128,1.0,1
s14129,1.0,1
s14130,1.0,1
s14131,1.0,1
s14132,0.9129999999999999,1
s14133,0.917,1
s14134,1.0,1
s14135,0.924,1
s14136,0.9790000000000001,1
s14137,0.9890000000000001,1
s14138,0.9790000000000001,1
s14139,1.0,1
s14140,0.9940000000000001,1
s14141,0.9790000000000001,1
s14142,1.0,1
s14143,0.9940000000000001,1
s14144,1.0,1
s14145,1.0,1
s14146,0.9940000000000001,1
s14147,0.9690000000000001,1
s14148,0.965,1
s14149,0.9690000000000001,1
s14150,0.608,1
s14151,1.0,1
s14152,0.9990000000000001,1
s14153,0.986,1
s14154,0.72,1
s14155,0.98,1
s14156,0.997,1
s14157,0.995,1
s14158,0.998,1
s14159,0.998,1
s14160,0.998,1
s14161,0.742,1
s14162,0.995,1
s14163,0.9259999999999999,1
s14164,1.0,1
s14165,1.0,1
s14166,0.8809999999999999,1
s14167,0.9009999999999999,1
s14168,0.8059999999999999,1
s14169,1.0,1
s14170,0.737,1
s14171,0.843,1
s14172,0.991,1
s14173,1.0,1
s14174,0.981,1
s14175,1.0,1
s14176,1.0,1
s14177,0.956,1
s14178,0.998,1
s14179,0.986,1
s14180,0.988,1
s14181,0.674,1
s14182,1.0,1
s14183,1.0,1
s14184,1.0,1
s14185,0.585,1
s14186,0.996,1
s14187,0.929,1
s14188,0.998,1
s14189,0.998,1
s14190,0.774,1
s14191,0.777,1
s14192,1.0,1
s14193,1.0,1
s14194,1.0,1
s14195,0.992,1
s14196,1.0,1
s14197,0.996,1
s14198,0.996,1
s14199,0.993,1
s14200,1.0,1
s14201,0.77,1
s14202,0.996,1
s14203,0.503,1
s14204,0.741,1
s14205,0.993,1
s14206,0.8190000000000001,1
s14207,0.9279999999999999,1
s14208,0.968,1
s14209,0.982,1
s14210,1.0,1
s14211,0.9990000000000001,1
s14212,0.9990000000000001,1
s14213,0.9990000000000001,1
s14214,0.9990000000000001,1
s14215,0.993,1
s14216,0.9840000000000001,1
s14217,0.843,1
s14218,1.0,1
s14219,0.8959999999999999,1
s14220,1.0,1
s14221,0.887,1
s14222,1.0,1
s14223,1.0,1
s14224,0.997,1
s14225,0.995,1
s14226,0.841,1
s14227,0.93,1
s14228,0.983,1
s14229,1.0,1
s14230,1.0,1
s14231,0.997,1
s14232,0.996,1
s14233,0.998,1
s14234,1.0,1
s14235,1.0,1
s14236,0.992,1
s14237,0.9179999999999999,1
s14238,0.9670000000000001,1
s14239,0.995,1
s14240,1.0,1
s14241,0.73,1
s14242,0.8029999999999999,1
s14243,0.775,1
s14244,0.762,1
s14245,0.99,1
s14246,0.985,1
s14247,0.99,1
s14248,1.0,1
s14249,1.0,1
s14250,0.996,1
s14251,0.9990000000000001,1
s14252,0.7190000000000001,1
s14253,1.0,1
s14254,1.0,1
s14255,0.914,1
s14256,0.9,1
s14257,0.941,1
s14258,0.94,1
s14259,1.0,1
s14260,0.991,1
s14261,0.59,1
s14262,0.998,1
s14263,0.715,1
s14264,1.0,1
s14265,0.841,1
s14266,1.0,1
s14267,0.985,1
s14268,1.0,1
s14269,0.938,1
s14270,0.9420000000000001,1
s14271,0.9420000000000001,1
s14272,0.938,1
s14273,1.0,1
s14274,1.0,1
s14275,0.715,1
s14276,1.0,1
s14277,1.0,1
s14278,0.77,1
s14279,0.995,1
s14280,0.993,1
s14281,1.0,1
s14282,0.995,1
s14283,0.996,1
s14284,0.995,1
s14285,0.998,1
s14286,0.848,1
s14287,1.0,1
s14288,1.0,1
s14289,0.672,1
s14290,0.759,1
s14291,1.0,1
s14292,0.998,1
s14293,0.5529999999999999,1
s14294,0.998,1
s14295,0.992,1
s14296,0.97,1
s14297,0.968,1
s14298,1.0,1
s14299,0.995,1
s14300,0.815,1
s14301,0.815,1
s14302,0.982,1
s14303,1.0,1
s14304,0.948,1
s14305,0.9109999999999999,1
s14306,0.973,1
s14307,0.996,1
s14308,1.0,1
s14309,0.997,1
s14310,0.993,1
s14311,1.0,1
s14312,1.0,1
s14313,0.998,1
s14314,0.9740000000000001,1
s14315,0.9540000000000001,1
s14316,1.0,1
s14317,1.0,1
s14318,0.8909999999999999,1
s14319,0.621,1
s14320,0.764,1
s14321,1.0,1
s14322,1.0,1
s14323,0.9940000000000001,1
s14324,0.98,1
s14325,1.0,1
s14326,0.6709999999999999,1
s14327,1.0,1
s14328,0.6709999999999999,1
s14329,0.6709999999999999,1
s14330,0.997,1
s14331,0.997,1
s14332,0.991,1
s14333,1.0,1
s14334,0.8270000000000001,1
s14335,1.0,1
s14336,0.977,1
s14337,0.998,1
s14338,0.993,1
s14339,0.9890000000000001,1
s14340,0.9890000000000001,1
s14341,1.0,1
s14342,0.602,1
s14343,1.0,1
s14344,0.995,1
s14345,0.985,1
s14346,0.9840000000000001,1
s14347,0.861,1
s14348,0.988,1
s14349,1.0,1
s14350,0.9620000000000001,1
s14351,0.996,1
s14352,1.0,1
s14353,1.0,1
s14354,1.0,1
s14355,0.9490000000000001,1
s14356,1.0,1
s14357,1.0,1
s14358,1.0,1
s14359,1.0,1
s14360,1.0,1
s14361,0.98,1
s14362,1.0,1
s14363,0.9059999999999999,1
s14364,1.0,1
s14365,0.988,1
s14366,0.7959999999999999,1
s14367,1.0,1
s14368,1.0,1
s14369,0.996,1
s14370,0.997,1
s14371,0.993,1
s14372,0.993,1
s14373,1.0,1
s14374,0.997,1
s14375,0.998,1
s14376,0.9940000000000001,1
s14377,1.0,1
s14378,0.879,1
s14379,0.915,1
s14380,0.992,1
s14381,0.9329999999999999,1
s14382,0.9840000000000001,1
s14383,0.871,1
s14384,1.0,1
s14385,1.0,1
s14386,0.725,1
s14387,1.0,1
s14388,0.978,1
s14389,1.0,1
s14390,0.845,1
s14391,0.8809999999999999,1
s14392,1.0,1
s14393,0.998,1
s14394,1.0,1
s14395,1.0,1
s14396,0.976,1
s14397,0.995,1
s14398,0.99,1
s14399,0.604,1
s14400,0.996,1
s14401,0.978,1
s14402,0.998,1
s14403,0.9740000000000001,1
s14404,0.9940000000000001,1
s14405,0.9940000000000001,1
s14406,0.9940000000000001,1
s14407,1.0,1
s14408,1.0,1
s14409,0.977,1
s14410,0.879,1
s14411,0.8190000000000001,1
s14412,0.736,1
s14413,0.8809999999999999,1
s14414,1.0,1
s14415,0.7829999999999999,1
s14416,0.995,1
s14417,0.978,1
s14418,0.988,1
s14419,1.0,1
s14420,0.978,1
s14421,0.978,1
s14422,0.997,1
s14423,0.9890000000000001,1
s14424,0.82,1
s14425,0.779,1
s14426,0.635,1
s14427,1.0,1
s14428,1.0,1
s14429,1.0,1
s14430,1.0,1
s14431,1.0,1
s14432,1.0,1
s14433,0.9940000000000001,1
s14434,0.9940000000000001,1
s14435,1.0,1
s14436,0.995,1
s14437,1.0,1
s14438,0.762,1
s14439,0.69,1
s14440,0.98,1
s14441,0.996,1
s14442,0.98,1
s14443,0.997,1
s14444,0.691,1
s14445,0.997,1
s14446,0.995,1
s14447,0.6759999999999999,1
s14448,0.6729999999999999,1
s14449,1.0,1
s14450,0.777,1
s14451,0.9940000000000001,1
s14452,0.996,1
s14453,0.996,1
s14454,1.0,1
s14455,0.9990000000000001,1
s14456,0.997,1
s14457,0.914,1
s14458,0.757,1
s14459,0.997,1
s14460,0.997,1
s14461,0.68,1
s14462,1.0,1
s14463,0.997,1
s14464,1.0,1
s14465,0.816,1
s14466,0.8190000000000001,1
s14467,1.0,1
s14468,1.0,1
s14469,0.6709999999999999,1
s14470,0.977,1
s14471,0.758,1
s14472,0.8190000000000001,1
s14473,0.997,1
s14474,1.0,1
s14475,0.6829999999999999,1
s14476,0.68,1
s14477,0.68,1
s14478,1.0,1
s14479,1.0,1
s14480,0.8290000000000001,1
s14481,0.9890000000000001,1
s14482,1.0,1
s14483,1.0,1
s14484,1.0,1
s14485,0.757,1
s14486,1.0,1
s14487,1.0,1
s14488,1.0,1
s14489,0.992,1
s14490,1.0,1
s14491,0.6940000000000001,1
s14492,1.0,1
s14493,0.866,1
s14494,0.8270000000000001,1
s14495,0.998,1
s14496,0.767,1
s14497,0.973,1
s14498,1.0,1
s14499,0.996,1
s14500,1.0,1
s14501,0.825,1
s14502,0.758,1
s14503,0.973,1
s14504,0.9640000000000001,1
s14505,0.917,1
s14506,0.996,1
s14507,1.0,1
s14508,0.816,1
s14509,0.816,1
s14510,0.818,1
s14511,1.0,1
s14512,1.0,1
s14513,1.0,1
s14514,1.0,1
s14515,0.6559999999999999,1
s14516,1.0,1
s14517,1.0,1
s14518,0.759,1
s14519,1.0,1
s14520,0.826,1
s14521,0.7070000000000001,1
s14522,0.695,1
s14523,0.7090000000000001,1
s14524,0.971,1
s14525,1.0,1
s14526,0.987,1
s14527,1.0,1
s14528,1.0,1
s14529,0.992,1
s14530,1.0,1
s14531,1.0,1
s14532,1.0,1
s14533,0.763,1
s14534,0.98,1
s14535,0.998,1
s14536,1.0,1
s14537,1.0,1
s14538,0.9890000000000001,1
s14539,1.0,1
s14540,0.992,1
s14541,0.99,1
s14542,1.0,1
s14543,0.995,1
s14544,1.0,1
s14545,0.995,1
s14546,1.0,1
s14547,1.0,1
s14548,1.0,1
s14549,0.985,1
s14550,0.6609999999999999,1
s14551,0.6609999999999999,1
s14552,0.6609999999999999,1
s14553,0.6609999999999999,1
s14554,0.9570000000000001,1
s14555,0.8,1
s14556,0.978,1
s14557,0.9440000000000001,1
s14558,0.9440000000000001,1
s14559,1.0,1
s14560,1.0,1
s14561,0.565,1
s14562,0.9520000000000001,1
s14563,1.0,1
s14564,1.0,1
s14565,0.996,1
s14566,1.0,1
s14567,0.8809999999999999,1
s14568,0.8809999999999999,1
s14569,1.0,1
s14570,0.992,1
s14571,0.938,1
s14572,0.993,1
s14573,0.9790000000000001,1
s14574,1.0,1
s14575,1.0,1
s14576,1.0,1
s14577,1.0,1
s14578,1.0,1
s14579,0.977,1
s14580,0.991,1
s14581,0.9490000000000001,1
s14582,0.8270000000000001,1
s14583,0.688,1
s14584,1.0,1
s14585,0.684,1
s14586,0.9940000000000001,1
s14587,0.993,1
s14588,0.998,1
s14589,0.993,1
s14590,1.0,1
s14591,1.0,1
s14592,0.997,1
s14593,1.0,1
s14594,0.995,1
s14595,0.812,1
s14596,1.0,1
s14597,0.8079999999999999,1
s14598,1.0,1
s14599,0.998,1
s14600,1.0,1
s14601,0.9670000000000001,1
s14602,0.9840000000000001,1
s14603,0.998,1
s14604,0.997,1
s14605,0.996,1
s14606,0.987,1
s14607,1.0,1
s14608,1.0,1
s14609,1.0,1
s14610,0.988,1
s14611,1.0,1
s14612,0.498,1
s14613,1.0,1
s14614,1.0,1
s14615,1.0,1
s14616,0.898,1
s14617,1.0,1
s14618,1.0,1
s14619,0.992,1
s14620,0.9009999999999999,1
s14621,0.767,1
s14622,0.992,1
s14623,0.992,1
s14624,1.0,1
s14625,1.0,1
s14626,1.0,1
s14627,0.627,1
s14628,0.992,1
s14629,1.0,1
s14630,0.621,1
s14631,0.621,1
s14632,0.996,1
s14633,0.9059999999999999,1
s14634,0.9059999999999999,1
s14635,0.997,1
s14636,1.0,1
s14637,1.0,1
s14638,0.975,1
s14639,0.975,1
s14640,0.97,1
s14641,0.975,1
s14642,1.0,1
s14643,0.976,1
s14644,0.5,1
s14645,1.0,1
s14646,0.998,1
s14647,0.7509999999999999,1
s14648,0.753,1
s14649,1.0,1
s14650,0.53,1
s14651,1.0,1
s14652,1.0,1
s14653,1.0,1
s14654,0.9,1
s14655,1.0,1
s14656,0.996,1
s14657,1.0,1
s14658,0.789,1
s14659,0.725,1
s14660,0.843,1
s14661,1.0,1
s14662,1.0,1
s14663,1.0,1
s14664,0.998,1
s14665,0.997,1
s14666,0.72,1
s14667,0.7170000000000001,1
s14668,0.7170000000000001,1
s14669,0.711,1
s14670,0.659,1
s14671,1.0,1
s14672,0.998,1
s14673,1.0,1
s14674,0.997,1
s14675,0.993,1
s14676,0.9940000000000001,1
s14677,0.9890000000000001,1
s14678,0.9940000000000001,1
s14679,0.985,1
s14680,1.0,1
s14681,0.513,1
s14682,0.998,1
s14683,0.927,1
s14684,1.0,1
s14685,0.9059999999999999,1
s14686,0.997,1
s14687,0.997,1
s14688,1.0,1
s14689,0.995,1
s14690,0.971,1
s14691,1.0,1
s14692,1.0,1
s14693,0.696,1
s14694,0.8340000000000001,1
s14695,1.0,1
s14696,1.0,1
s14697,0.562,1
s14698,0.996,1
s14699,0.996,1
s14700,0.705,1
s14701,1.0,1
s14702,0.79,1
s14703,1.0,1
s14704,1.0,1
s14705,0.648,1
s14706,0.997,1
s14707,0.997,1
s14708,0.892,1
s14709,0.782,1
s14710,0.935,1
s14711,0.988,1
s14712,0.988,1
s14713,0.988,1
s14714,0.883,1
s14715,1.0,1
s14716,0.981,1
s14717,0.7829999999999999,1
s14718,0.94,1
s14719,0.986,1
s14720,0.986,1
s14721,0.9940000000000001,1
s14722,1.0,1
s14723,0.581,1
s14724,0.998,1
s14725,1.0,1
s14726,0.998,1
s14727,0.995,1
s14728,0.995,1
s14729,0.9279999999999999,1
s14730,0.993,1
s14731,0.998,1
s14732,1.0,1
s14733,0.992,1
s14734,0.998,1
s14735,0.998,1
s14736,0.998,1
s14737,0.581,1
s14738,0.96,1
s14739,0.5660000000000001,1
s14740,1.0,1
s14741,0.728,1
s14742,0.607,1
s14743,0.996,1
s14744,0.865,1
s14745,1.0,1
s14746,0.99,1
s14747,0.9790000000000001,1
s14748,0.975,1
s14749,0.9790000000000001,1
s14750,0.995,1
s14751,1.0,1
s14752,0.742,1
s14753,0.623,1
s14754,0.644,1
s14755,1.0,1
s14756,0.991,1
s14757,0.987,1
s14758,0.6409999999999999,1
s14759,1.0,1
s14760,0.997,1
s14761,0.993,1
s14762,1.0,1
s14763,0.638,1
s14764,0.998,1
s14765,0.809,1
s14766,1.0,1
s14767,0.74,1
s14768,0.74,1
s14769,0.99,1
s14770,0.99,1
s14771,0.993,1
s14772,0.823,1
s14773,1.0,1
s14774,0.823,1
s14775,1.0,1
s14776,0.9229999999999999,1
s14777,0.654,1
s14778,1.0,1
s14779,1.0,1
s14780,0.773,1
s14781,0.584,1
s14782,1.0,1
s14783,1.0,1
s14784,1.0,1
s14785,0.956,1
s14786,0.96,1
s14787,0.991,1
s14788,1.0,1
s14789,0.823,1
s14790,0.7929999999999999,1
s14791,0.998,1
s14792,1.0,1
s14793,1.0,1
s14794,1.0,1
s14795,1.0,1
s14796,1.0,1
s14797,1.0,1
s14798,1.0,1
s14799,0.6629999999999999,1
s14800,0.98,1
s14801,0.973,1
s14802,0.981,1
s14803,0.985,1
s14804,0.981,1
s14805,1.0,1
s14806,1.0,1
s14807,1.0,1
s14808,0.9740000000000001,1
s14809,0.977,1
s14810,0.982,1
s14811,1.0,1
s14812,1.0,1
s14813,1.0,1
s14814,0.973,1
s14815,1.0,1
s14816,0.976,1
s14817,1.0,1
s14818,1.0,1
s14819,1.0,1
s14820,0.87,1
s14821,0.988,1
s14822,1.0,1
s14823,1.0,1
s14824,0.992,1
s14825,1.0,1
s14826,0.9470000000000001,1
s14827,0.953,1
s14828,0.9570000000000001,1
s14829,1.0,1
s14830,0.985,1
s14831,1.0,1
s14832,1.0,1
s14833,1.0,1
s14834,0.9670000000000001,1
s14835,0.968,1
s14836,0.6829999999999999,1
s14837,0.99,1
s14838,0.963,1
s14839,1.0,1
s14840,1.0,1
s14841,0.672,1
s14842,0.995,1
s14843,0.992,1
s14844,1.0,1
s14845,0.601,1
s14846,1.0,1
s14847,0.601,1
s14848,1.0,1
s14849,1.0,1
s14850,1.0,1
s14851,1.0,1
s14852,1.0,1
s14853,0.718,1
s14854,0.75,1
s14855,1.0,1
s14856,0.998,1
s14857,0.621,1
s14858,1.0,1
s14859,1.0,1
s14860,1.0,1
s14861,0.575,1
s14862,0.621,1
s14863,0.9840000000000001,1
s14864,1.0,1
s14865,1.0,1
s14866,1.0,1
s14867,1.0,1
s14868,1.0,1
s14869,0.897,1
s14870,1.0,1
s14871,1.0,1
s14872,0.997,1
s14873,1.0,1
s14874,1.0,1
s14875,0.9940000000000001,1
s14876,0.9440000000000001,1
s14877,1.0,1
s14878,1.0,1
s14879,0.595,1
s14880,1.0,1
s14881,1.0,1
s14882,0.904,1
s14883,1.0,1
s14884,1.0,1
s14885,1.0,1
s14886,1.0,1
s14887,0.9940000000000001,1
s14888,0.722,1
s14889,1.0,1
s14890,1.0,1
s14891,0.993,1
s14892,0.907,1
s14893,0.958,1
s14894,0.5539999999999999,1
s14895,0.97,1
s14896,1.0,1
s14897,1.0,1
s14898,1.0,1
s14899,1.0,1
s14900,1.0,1
s14901,1.0,1
s14902,1.0,1
s14903,0.9690000000000001,1
s14904,0.955,1
s14905,0.955,1
s14906,0.9420000000000001,1
s14907,0.929,1
s14908,0.642,1
s14909,0.85,1
s14910,1.0,1
s14911,0.595,1
s14912,1.0,1
s14913,1.0,1
s14914,0.9940000000000001,1
s14915,0.9940000000000001,1
s14916,0.9940000000000001,1
s14917,0.9940000000000001,1
s14918,0.9940000000000001,1
s14919,0.9940000000000001,1
s14920,0.9940000000000001,1
s14921,0.986,1
s14922,0.802,1
s14923,0.992,1
s14924,1.0,1
s14925,1.0,1
s14926,1.0,1
s14927,1.0,1
s14928,1.0,1
s14929,0.997,1
s14930,1.0,1
s14931,0.997,1
s14932,0.997,1
s14933,0.787,1
s14934,0.795,1
s14935,0.961,1
s14936,0.774,1
s14937,0.863,1
s14938,1.0,1
s14939,1.0,1
s14940,0.996,1
s14941,1.0,1
s14942,0.992,1
s14943,0.992,1
s14944,1.0,1
s14945,0.55,1
s14946,0.9990000000000001,1
s14947,0.982,1
s14948,1.0,1
s14949,0.648,1
s14950,0.7909999999999999,1
s14951,1.0,1
s14952,0.97,1
s14953,0.997,1
s14954,0.985,1
s14955,0.985,1
s14956,0.985,1
s14957,0.997,1
s14958,0.995,1
s14959,0.57,1
s14960,1.0,1
s14961,1.0,1
s14962,0.998,1
s14963,0.997,1
s14964,1.0,1
s14965,1.0,1
s14966,0.6990000000000001,1
s14967,1.0,1
s14968,1.0,1
s14969,0.993,1
s14970,0.64,1
s14971,1.0,1
s14972,1.0,1
s14973,1.0,1
s14974,0.8809999999999999,1
s14975,0.955,1
s14976,0.996,1
s14977,0.997,1
s14978,0.6920000000000001,1
s14979,0.815,1
s14980,1.0,1
s14981,1.0,1
s14982,1.0,1
s14983,0.9009999999999999,1
s14984,0.8109999999999999,1
s14985,0.9790000000000001,1
s14986,0.633,1
s14987,0.995,1
s14988,0.871,1
s14989,1.0,1
s14990,1.0,1
s14991,0.997,1
s14992,0.9109999999999999,1
s14993,1.0,1
s14994,1.0,1
s14995,1.0,1
s14996,0.774,1
s14997,0.774,1
s14998,0.7609999999999999,1
s14999,0.7609999999999999,1
s15000,0.6729999999999999,1
s15001,0.579,1
s15002,1.0,1
s15003,0.97,1
s15004,1.0,1
s15005,0.991,1
s15006,0.991,1
s15007,0.996,1
s15008,1.0,1
s15009,0.992,1
s15010,0.998,1
s15011,1.0,1
s15012,0.997,1
s15013,1.0,1
s15014,1.0,1
s15015,0.8420000000000001,1
s15016,0.997,1
s15017,1.0,1
s15018,1.0,1
s15019,0.997,1
s15020,0.909,1
s15021,1.0,1
s15022,1.0,1
s15023,0.996,1
s15024,1.0,1
s15025,1.0,1
s15026,0.996,1
s15027,0.9890000000000001,1
s15028,0.7,1
s15029,0.7659999999999999,1
s15030,1.0,1
s15031,0.998,1
s15032,0.995,1
s15033,1.0,1
s15034,1.0,1
s15035,0.7509999999999999,1
s15036,0.9740000000000001,1
s15037,0.995,1
s15038,0.772,1
s15039,0.586,1
s15040,1.0,1
s15041,0.772,1
s15042,0.591,1
s15043,0.978,1
s15044,1.0,1
s15045,1.0,1
s15046,1.0,1
s15047,0.733,1
s15048,0.991,1
s15049,0.9640000000000001,1
s15050,0.667,1
s15051,1.0,1
s15052,0.996,1
s15053,1.0,1
s15054,0.9940000000000001,1
s15055,0.996,1
s15056,0.997,1
s15057,0.997,1
s15058,0.997,1
s15059,0.997,1
s15060,1.0,1
s15061,0.997,1
s15062,0.997,1
s15063,0.997,1
s15064,0.997,1
s15065,0.997,1
s15066,0.985,1
s15067,1.0,1
s15068,1.0,1
s15069,1.0,1
s15070,1.0,1
s15071,1.0,1
s15072,1.0,1
s15073,1.0,1
s15074,1.0,1
s15075,0.59,1
s15076,0.764,1
s15077,0.991,1
s15078,0.9940000000000001,1
s15079,0.9940000000000001,1
s15080,0.987,1
s15081,0.987,1
s15082,0.987,1
s15083,0.987,1
s15084,0.987,1
s15085,0.987,1
s15086,1.0,1
s15087,1.0,1
s15088,0.753,1
s15089,0.981,1
s15090,0.985,1
s15091,1.0,1
s15092,0.998,1
s15093,0.996,1
s15094,0.631,1
s15095,0.983,1
s15096,0.9940000000000001,1
s15097,1.0,1
s15098,0.883,1
s15099,1.0,1
s15100,0.997,1
s15101,1.0,1
s15102,1.0,1
s15103,1.0,1
s15104,0.758,1
s15105,0.758,1
s15106,0.981,1
s15107,0.997,1
s15108,0.998,1
s15109,0.998,1
s15110,0.993,1
s15111,0.998,1
s15112,1.0,1
s15113,0.958,1
s15114,1.0,1
s15115,0.995,1
s15116,0.9940000000000001,1
s15117,0.5660000000000001,1
s15118,0.995,1
s15119,1.0,1
s15120,0.972,1
s15121,0.885,1
s15122,0.9940000000000001,1
s15123,0.9940000000000001,1
s15124,1.0,1
s15125,0.7020000000000001,1
s15126,0.696,1
s15127,0.997,1
s15128,0.917,1
s15129,1.0,1
s15130,0.893,1
s15131,0.898,1
s15132,0.986,1
s15133,0.883,1
s15134,0.895,1
s15135,0.89,1
s15136,0.88,1
s15137,0.895,1
s15138,1.0,1
s15139,0.997,1
s15140,0.9840000000000001,1
s15141,1.0,1
s15142,0.996,1
s15143,1.0,1
s15144,0.988,1
s15145,0.6509999999999999,1
s15146,1.0,1
s15147,1.0,1
s15148,0.9940000000000001,1
s15149,0.8170000000000001,1
s15150,0.993,1
s15151,0.914,1
s15152,0.938,1
s15153,0.8490000000000001,1
s15154,0.997,1
s15155,0.998,1
s15156,0.963,1
s15157,0.992,1
s15158,0.992,1
s15159,0.992,1
s15160,1.0,1
s15161,0.636,1
s15162,0.9540000000000001,1
s15163,0.9890000000000001,1
s15164,0.978,1
s15165,0.992,1
s15166,1.0,1
s15167,0.986,1
s15168,0.991,1
s15169,1.0,1
s15170,0.825,1
s15171,0.866,1
s15172,0.871,1
s15173,0.695,1
s15174,0.9940000000000001,1
s15175,0.9940000000000001,1
s15176,0.9940000000000001,1
s15177,0.9940000000000001,1
s15178,1.0,1
s15179,0.863,1
s15180,0.9940000000000001,1
s15181,0.9940000000000001,1
s15182,0.9940000000000001,1
s15183,0.863,1
s15184,0.863,1
s15185,0.997,1
s15186,1.0,1
s15187,1.0,1
s15188,0.627,1
s15189,0.997,1
s15190,0.831,1
s15191,0.975,1
s15192,0.831,1
s15193,0.995,1
s15194,1.0,1
s15195,1.0,1
s15196,1.0,1
s15197,0.96,1
s15198,0.988,1
s15199,0.998,1
s15200,0.998,1
s15201,0.998,1
s15202,1.0,1
s15203,0.8240000000000001,1
s15204,0.998,1
s15205,1.0,1
s15206,1.0,1
s15207,1.0,1
s15208,0.985,1
s15209,0.897,1
s15210,0.611,1
s15211,1.0,1
s15212,0.993,1
s15213,0.93,1
s15214,0.877,1
s15215,0.99,1
s15216,1.0,1
s15217,1.0,1
s15218,1.0,1
s15219,0.995,1
s15220,0.995,1
s15221,0.639,1
s15222,0.995,1
s15223,1.0,1
s15224,0.847,1
s15225,1.0,1
s15226,1.0,1
s15227,0.8590000000000001,1
s15228,1.0,1
s15229,0.998,1
s15230,0.998,1
s15231,1.0,1
s15232,0.9620000000000001,1
s15233,0.998,1
s15234,1.0,1
s15235,1.0,1
s15236,1.0,1
s15237,1.0,1
s15238,0.998,1
s15239,0.982,1
s15240,0.982,1
s15241,0.982,1
s15242,0.978,1
s15243,0.997,1
s15244,0.6579999999999999,1
s15245,0.919,1
s15246,1.0,1
s15247,1.0,1
s15248,1.0,1
s15249,0.6,1
s15250,0.67,1
s15251,1.0,1
s15252,0.6940000000000001,1
s15253,1.0,1
s15254,0.69,1
s15255,0.6759999999999999,1
s15256,0.883,1
s15257,1.0,1
s15258,0.99,1
s15259,0.993,1
s15260,0.556,1
s15261,0.9690000000000001,1
s15262,1.0,1
s15263,0.9890000000000001,1
s15264,1.0,1
s15265,0.9790000000000001,1
s15266,0.986,1
s15267,0.993,1
s15268,0.9890000000000001,1
s15269,1.0,1
s15270,0.975,1
s15271,0.998,1
s15272,1.0,1
s15273,1.0,1
s15274,0.996,1
s15275,0.9940000000000001,1
s15276,0.797,1
s15277,1.0,1
s15278,1.0,1
s15279,1.0,1
s15280,1.0,1
s15281,0.997,1
s15282,1.0,1
s15283,1.0,1
s15284,0.977,1
s15285,1.0,1
s15286,1.0,1
s15287,0.998,1
s15288,0.996,1
s15289,0.985,1
s15290,1.0,1
s15291,1.0,1
s15292,0.9940000000000001,1
s15293,1.0,1
s15294,0.992,1
s15295,0.618,1
s15296,0.995,1
s15297,0.8909999999999999,1
s15298,1.0,1
s15299,1.0,1
s15300,1.0,1
s15301,0.992,1
s15302,0.992,1
s15303,1.0,1
s15304,0.9059999999999999,1
s15305,1.0,1
s15306,1.0,1
s15307,0.99,1
s15308,1.0,1
s15309,0.997,1
s15310,0.997,1
s15311,0.998,1
s15312,0.99,1
s15313,0.8079999999999999,1
s15314,0.997,1
s15315,1.0,1
s15316,0.958,1
s15317,0.701,1
s15318,0.997,1
s15319,0.708,1
s15320,0.713,1
s15321,0.588,1
s15322,1.0,1
s15323,1.0,1
s15324,0.8190000000000001,1
s15325,0.86,1
s15326,0.996,1
s15327,0.996,1
s15328,0.996,1
s15329,0.996,1
s15330,0.9209999999999999,1
s15331,1.0,1
s15332,1.0,1
s15333,0.992,1
s15334,0.622,1
s15335,0.885,1
s15336,1.0,1
s15337,0.993,1
s15338,0.996,1
s15339,0.995,1
s15340,0.995,1
s15341,0.985,1
s15342,0.992,1
s15343,1.0,1
s15344,0.782,1
s15345,0.991,1
s15346,1.0,1
s15347,1.0,1
s15348,0.995,1
s15349,1.0,1
s15350,1.0,1
s15351,1.0,1
s15352,1.0,1
s15353,1.0,1
s15354,0.855,1
s15355,0.6809999999999999,1
s15356,0.997,1
s15357,1.0,1
s15358,0.9940000000000001,1
s15359,0.9940000000000001,1
s15360,0.9940000000000001,1
s15361,0.9940000000000001,1
s15362,0.774,1
s15363,1.0,1
s15364,0.7759999999999999,1
s15365,0.996,1
s15366,0.616,1
s15367,1.0,1
s15368,1.0,1
s15369,0.754,1
s15370,0.8440000000000001,1
s15371,0.8370000000000001,1
s15372,0.867,1
s15373,1.0,1
s15374,0.998,1
s15375,0.9940000000000001,1
s15376,0.8909999999999999,1
s15377,0.841,1
s15378,1.0,1
s15379,1.0,1
s15380,0.992,1
s15381,0.9790000000000001,1
s15382,0.826,1
s15383,0.688,1
s15384,0.643,1
s15385,0.644,1
s15386,1.0,1
s15387,1.0,1
s15388,1.0,1
s15389,1.0,1
s15390,1.0,1
s15391,0.983,1
s15392,0.983,1
s15393,0.993,1
s15394,1.0,1
s15395,1.0,1
s15396,1.0,1
s15397,1.0,1
s15398,0.998,1
s15399,0.998,1
s15400,0.852,1
s15401,1.0,1
s15402,1.0,1
s15403,1.0,1
s15404,1.0,1
s15405,0.643,1
s15406,0.8809999999999999,1
s15407,0.638,1
s15408,1.0,1
s15409,1.0,1
s15410,0.996,1
s15411,0.955,1
s15412,1.0,1
s15413,0.987,1
s15414,0.9890000000000001,1
s15415,0.973,1
s15416,1.0,1
s15417,0.9490000000000001,1
s15418,0.948,1
s15419,0.948,1
s15420,0.948,1
s15421,0.948,1
s15422,0.993,1
s15423,0.993,1
s15424,0.991,1
s15425,0.99,1
s15426,0.5920000000000001,1
s15427,0.888,1
s15428,0.998,1
s15429,0.764,1
s15430,0.764,1
s15431,0.9890000000000001,1
s15432,0.985,1
s15433,1.0,1
s15434,0.978,1
s15435,1.0,1
s15436,0.997,1
s15437,0.997,1
s15438,0.997,1
s15439,0.946,1
s15440,0.9209999999999999,1
s15441,1.0,1
s15442,0.7490000000000001,1
s15443,1.0,1
s15444,0.996,1
s15445,1.0,1
s15446,0.995,1
s15447,0.995,1
s15448,1.0,1
s15449,0.995,1
s15450,0.995,1
s15451,0.711,1
s15452,0.965,1
s15453,0.927,1
s15454,0.596,1
s15455,1.0,1
s15456,1.0,1
s15457,1.0,1
s15458,1.0,1
s15459,0.998,1
s15460,1.0,1
s15461,0.997,1
s15462,1.0,1
s15463,0.997,1
s15464,0.997,1
s15465,1.0,1
s15466,1.0,1
s15467,0.565,1
s15468,0.996,1
s15469,0.605,1
s15470,0.602,1
s15471,1.0,1
s15472,0.54,1
s15473,0.54,1
s15474,0.542,1
s15475,1.0,1
s15476,1.0,1
s15477,0.996,1
s15478,0.985,1
s15479,0.997,1
s15480,1.0,1
s15481,1.0,1
s15482,1.0,1
s15483,0.997,1
s15484,0.992,1
s15485,1.0,1
s15486,0.674,1
s15487,0.5529999999999999,1
s15488,0.599,1
s15489,0.674,1
s15490,1.0,1
s15491,1.0,1
s15492,0.754,1
s15493,0.9940000000000001,1
s15494,0.991,1
s15495,0.557,1
s15496,1.0,1
s15497,0.995,1
s15498,0.898,1
s15499,0.971,1
s15500,0.828,1
s15501,0.9520000000000001,1
s15502,0.986,1
s15503,0.9940000000000001,1
s15504,0.983,1
s15505,1.0,1
s15506,1.0,1
s15507,0.9940000000000001,1
s15508,0.998,1
s15509,0.998,1
s15510,1.0,1
s15511,1.0,1
s15512,0.996,1
s15513,0.9890000000000001,1
s15514,0.763,1
s15515,1.0,1
s15516,0.83,1
s15517,0.852,1
s15518,0.852,1
s15519,1.0,1
s15520,1.0,1
s15521,0.772,1
s15522,0.982,1
s15523,1.0,1
s15524,1.0,1
s15525,0.624,1
s15526,0.9940000000000001,1
s15527,0.5720000000000001,1
s15528,0.982,1
s15529,1.0,1
s15530,0.568,1
s15531,0.995,1
s15532,0.619,1
s15533,1.0,1
s15534,0.7,1
s15535,0.685,1
s15536,0.693,1
s15537,1.0,1
s15538,0.998,1
s15539,0.998,1
s15540,1.0,1
s15541,0.9840000000000001,1
s15542,0.986,1
s15543,0.998,1
s15544,0.779,1
s15545,0.782,1
s15546,1.0,1
s15547,1.0,1
s15548,0.777,1
s15549,0.977,1
s15550,0.996,1
s15551,0.996,1
s15552,0.765,1
s15553,0.731,1
s15554,1.0,1
s15555,1.0,1
s15556,0.9590000000000001,1
s15557,0.956,1
s15558,0.728,1
s15559,0.9009999999999999,1
s15560,0.992,1
s15561,0.7170000000000001,1
s15562,0.716,1
s15563,0.602,1
s15564,0.684,1
s15565,0.856,1
s15566,0.833,1
s15567,0.856,1
s15568,0.856,1
s15569,0.856,1
s15570,0.856,1
s15571,1.0,1
s15572,1.0,1
s15573,0.622,1
s15574,0.622,1
s15575,0.997,1
s15576,1.0,1
s15577,1.0,1
s15578,0.73,1
s15579,0.992,1
s15580,0.703,1
s15581,0.6990000000000001,1
s15582,0.785,1
s15583,1.0,1
s15584,0.992,1
s15585,1.0,1
s15586,0.9940000000000001,1
s15587,0.7,1
s15588,0.857,1
s15589,0.997,1
s15590,1.0,1
s15591,1.0,1
s15592,1.0,1
s15593,1.0,1
s15594,0.996,1
s15595,0.997,1
s15596,0.997,1
s15597,0.8059999999999999,1
s15598,1.0,1
s15599,1.0,1
s15600,0.466,1
s15601,1.0,1
s15602,1.0,1
s15603,0.996,1
s15604,0.626,1
s15605,0.9740000000000001,1
s15606,1.0,1
s15607,0.997,1
s15608,1.0,1
s15609,1.0,1
s15610,0.74,1
s15611,0.797,1
s15612,0.9690000000000001,1
s15613,0.997,1
s15614,0.9,1
s15615,0.9490000000000001,1
s15616,1.0,1
s15617,1.0,1
s15618,0.996,1
s15619,1.0,1
s15620,1.0,1
s15621,0.8640000000000001,1
s15622,1.0,1
s15623,0.992,1
s15624,1.0,1
s15625,0.648,1
s15626,0.992,1
s15627,0.925,1
s15628,0.9490000000000001,1
s15629,0.5660000000000001,1
s15630,1.0,1
s15631,1.0,1
s15632,0.737,1
s15633,0.997,1
s15634,0.998,1
s15635,1.0,1
s15636,1.0,1
s15637,0.848,1
s15638,0.992,1
s15639,0.992,1
s15640,1.0,1
s15641,1.0,1
s15642,0.6809999999999999,1
s15643,0.983,1
s15644,0.8240000000000001,1
s15645,1.0,1
s15646,0.996,1
s15647,1.0,1
s15648,1.0,1
s15649,0.997,1
s15650,0.997,1
s15651,0.997,1
s15652,0.997,1
s15653,0.777,1
s15654,0.995,1
s15655,1.0,1
s15656,0.992,1
s15657,1.0,1
s15658,1.0,1
s15659,0.9940000000000001,1
s15660,0.82,1
s15661,0.653,1
s15662,1.0,1
s15663,0.48,1
s15664,1.0,1
s15665,0.617,1
s15666,0.664,1
s15667,1.0,1
s15668,1.0,1
s15669,0.6859999999999999,1
s15670,0.958,1
s15671,1.0,1
s15672,0.997,1
s15673,1.0,1
s15674,0.997,1
s15675,1.0,1
s15676,0.659,1
s15677,0.7020000000000001,1
s15678,0.665,1
s15679,1.0,1
s15680,0.909,1
s15681,0.998,1
s15682,0.996,1
s15683,1.0,1
s15684,0.996,1
s15685,0.799,1
s15686,0.87,1
s15687,0.8170000000000001,1
s15688,0.993,1
s15689,1.0,1
s15690,1.0,1
s15691,1.0,1
s15692,1.0,1
s15693,0.945,1
s15694,0.5710000000000001,1
s15695,1.0,1
s15696,0.9940000000000001,1
s15697,0.976,1
s15698,0.996,1
s15699,0.872,1
s15700,1.0,1
s15701,0.9940000000000001,1
s15702,0.866,1
s15703,0.992,1
s15704,0.807,1
s15705,0.9259999999999999,1
s15706,0.986,1
s15707,0.998,1
s15708,1.0,1
s15709,1.0,1
s15710,0.99,1
s15711,1.0,1
s15712,1.0,1
s15713,0.602,1
s15714,0.5379999999999999,1
s15715,0.815,1
s15716,0.968,1
s15717,0.985,1
s15718,1.0,1
s15719,0.97,1
s15720,1.0,1
s15721,1.0,1
s15722,0.9159999999999999,1
s15723,0.907,1
s15724,0.9,1
s15725,1.0,1
s15726,0.9,1
s15727,1.0,1
s15728,1.0,1
s15729,0.99,1
s15730,0.9840000000000001,1
s15731,0.988,1
s15732,0.9,1
s15733,0.9,1
s15734,0.903,1
s15735,0.996,1
s15736,0.987,1
s15737,1.0,1
s15738,0.905,1
s15739,1.0,1
s15740,0.617,1
s15741,0.993,1
s15742,0.6809999999999999,1
s15743,0.927,1
s15744,0.927,1
s15745,0.992,1
s15746,1.0,1
s15747,0.813,1
s15748,0.7929999999999999,1
s15749,1.0,1
s15750,1.0,1
s15751,0.996,1
s15752,0.805,1
s15753,0.9940000000000001,1
s15754,1.0,1
s15755,1.0,1
s15756,1.0,1
s15757,0.852,1
s15758,0.5710000000000001,1
s15759,1.0,1
s15760,0.52,1
s15761,1.0,1
s15762,1.0,1
s15763,1.0,1
s15764,1.0,1
s15765,0.991,1
s15766,1.0,1
s15767,1.0,1
s15768,0.992,1
s15769,0.71,1
s15770,1.0,1
s15771,1.0,1
s15772,0.995,1
s15773,0.986,1
s15774,0.965,1
s15775,0.99,1
s15776,0.9990000000000001,1
s15777,1.0,1
s15778,1.0,1
s15779,0.998,1
s15780,0.929,1
s15781,1.0,1
s15782,0.705,1
s15783,1.0,1
s15784,1.0,1
s15785,0.998,1
s15786,0.77,1
s15787,1.0,1
s15788,1.0,1
s15789,1.0,1
s15790,0.997,1
s15791,0.995,1
s15792,0.6609999999999999,1
s15793,1.0,1
s15794,0.7,1
s15795,0.992,1
s15796,1.0,1
s15797,0.998,1
s15798,0.8140000000000001,1
s15799,0.8029999999999999,1
s15800,0.785,1
s15801,0.856,1
s15802,0.992,1
s15803,1.0,1
s15804,1.0,1
s15805,1.0,1
s15806,1.0,1
s15807,1.0,1
s15808,0.968,1
s15809,0.597,1
s15810,0.968,1
s15811,1.0,1
s15812,1.0,1
s15813,1.0,1
s15814,0.925,1
s15815,1.0,1
s15816,1.0,1
s15817,1.0,1
s15818,1.0,1
s15819,0.993,1
s15820,0.768,1
s15821,1.0,1
s15822,0.997,1
s15823,0.966,1
s15824,0.922,1
s15825,0.8740000000000001,1
s15826,0.998,1
s15827,0.998,1
s15828,0.998,1
s15829,0.998,1
s15830,0.998,1
s15831,1.0,1
s15832,0.993,1
s15833,0.825,1
s15834,0.597,1
s15835,1.0,1
s15836,1.0,1
s15837,1.0,1
s15838,1.0,1
s15839,0.652,1
s15840,1.0,1
s15841,0.99,1
s15842,0.998,1
s15843,1.0,1
s15844,0.977,1
s15845,0.996,1
s15846,0.565,1
s15847,0.997,1
s15848,0.976,1
s15849,0.985,1
s15850,0.515,1
s15851,0.986,1
s15852,0.985,1
s15853,0.9790000000000001,1
s15854,0.9790000000000001,1
s15855,0.9840000000000001,1
s15856,0.9279999999999999,1
s15857,1.0,1
s15858,0.715,1
s15859,0.9840000000000001,1
s15860,0.9790000000000001,1
s15861,0.9840000000000001,1
s15862,0.9790000000000001,1
s15863,0.9840000000000001,1
s15864,1.0,1
s15865,0.9940000000000001,1
s15866,0.992,1
s15867,0.7559999999999999,1
s15868,1.0,1
s15869,1.0,1
s15870,0.79,1
s15871,1.0,1
s15872,1.0,1
s15873,0.619,1
s15874,1.0,1
s15875,0.995,1
s15876,0.993,1
s15877,0.998,1
s15878,1.0,1
s15879,0.992,1
s15880,0.978,1
s15881,1.0,1
s15882,0.948,1
s15883,0.992,1
s15884,0.807,1
s15885,0.9840000000000001,1
s15886,0.9840000000000001,1
s15887,0.998,1
s15888,0.998,1
s15889,0.792,1
s15890,0.988,1
s15891,0.997,1
s15892,1.0,1
s15893,0.996,1
s15894,0.938,1
s15895,0.998,1
s15896,0.991,1
s15897,0.698,1
s15898,0.513,1
s15899,0.982,1
s15900,0.9420000000000001,1
s15901,1.0,1
s15902,1.0,1
s15903,0.855,1
s15904,0.852,1
s15905,0.852,1
s15906,1.0,1
s15907,0.639,1
s15908,0.723,1
s15909,0.9590000000000001,1
s15910,1.0,1
s15911,1.0,1
s15912,1.0,1
s15913,0.9940000000000001,1
s15914,0.684,1
s15915,0.995,1
s15916,1.0,1
s15917,0.706,1
s15918,1.0,1
s15919,0.919,1
s15920,0.877,1
s15921,1.0,1
s15922,0.996,1
s15923,0.767,1
s15924,1.0,1
s15925,1.0,1
s15926,1.0,1
s15927,0.9790000000000001,1
s15928,0.903,1
s15929,1.0,1
s15930,0.998,1
s15931,0.998,1
s15932,0.998,1
s15933,0.985,1
s15934,0.5329999999999999,1
s15935,0.986,1
s15936,0.986,1
s15937,0.5539999999999999,1
s15938,1.0,1
s15939,1.0,1
s15940,0.705,1
s15941,0.996,1
s15942,1.0,1
s15943,0.88,1
s15944,0.816,1
s15945,0.85,1
s15946,0.917,1
s15947,1.0,1
s15948,1.0,1
s15949,0.875,1
s15950,0.88,1
s15951,1.0,1
s15952,0.879,1
s15953,0.7509999999999999,1
s15954,0.919,1
s15955,0.919,1
s15956,1.0,1
s15957,0.998,1
s15958,0.997,1
s15959,0.74,1
s15960,1.0,1
s15961,0.64,1
s15962,1.0,1
s15963,0.996,1
s15964,0.99,1
s15965,0.667,1
s15966,1.0,1
s15967,0.88,1
s15968,1.0,1
s15969,1.0,1
s15970,0.978,1
s15971,0.9359999999999999,1
s15972,0.615,1
s15973,0.998,1
s15974,0.6970000000000001,1
s15975,1.0,1
s15976,0.95,1
s15977,0.99,1
s15978,1.0,1
s15979,0.93,1
s15980,0.997,1
s15981,1.0,1
s15982,0.995,1
s15983,0.995,1
s15984,1.0,1
s15985,0.9940000000000001,1
s15986,0.73,1
s15987,0.711,1
s15988,1.0,1
s15989,1.0,1
s15990,1.0,1
s15991,0.95,1
s15992,0.997,1
s15993,1.0,1
s15994,1.0,1
s15995,1.0,1
s15996,1.0,1
s15997,1.0,1
s15998,0.736,1
s15999,0.991,1
s16000,1.0,1
s16001,0.6779999999999999,1
s16002,1.0,1
s16003,0.998,1
s16004,0.9079999999999999,1
s16005,1.0,1
s16006,1.0,1
s16007,0.8740000000000001,1
s16008,0.9540000000000001,1
s16009,0.877,1
s16010,0.866,1
s16011,0.727,1
s16012,1.0,1
s16013,1.0,1
s16014,1.0,1
s16015,0.997,1
s16016,0.986,1
s16017,0.728,1
s16018,0.993,1
s16019,1.0,1
s16020,1.0,1
s16021,1.0,1
s16022,1.0,1
s16023,1.0,1
s16024,1.0,1
s16025,1.0,1
s16026,0.9790000000000001,1
s16027,1.0,1
s16028,1.0,1
s16029,1.0,1
s16030,0.858,1
s16031,1.0,1
s16032,0.982,1
s16033,0.982,1
s16034,0.976,1
s16035,0.982,1
s16036,0.982,1
s16037,0.976,1
s16038,0.982,1
s16039,0.995,1
s16040,0.915,1
s16041,1.0,1
s16042,1.0,1
s16043,0.956,1
s16044,0.976,1
s16045,0.532,1
s16046,0.982,1
s16047,0.982,1
s16048,0.982,1
s16049,0.615,1
s16050,0.737,1
s16051,1.0,1
s16052,0.57,1
s16053,1.0,1
s16054,0.616,1
s16055,0.574,1
s16056,0.985,1
s16057,0.67,1
s16058,0.925,1
s16059,1.0,1
s16060,0.9940000000000001,1
s16061,0.9359999999999999,1
s16062,0.9390000000000001,1
s16063,1.0,1
s16064,1.0,1
s16065,1.0,1
s16066,0.835,1
s16067,1.0,1
s16068,0.8959999999999999,1
s16069,0.976,1
s16070,0.542,1
s16071,1.0,1
s16072,0.945,1
s16073,0.64,1
s16074,0.986,1
s16075,0.992,1
s16076,0.9840000000000001,1
s16077,1.0,1
s16078,1.0,1
s16079,0.9790000000000001,1
s16080,0.9890000000000001,1
s16081,0.9990000000000001,1
s16082,0.998,1
s16083,1.0,1
s16084,1.0,1
s16085,0.982,1
s16086,0.982,1
s16087,0.982,1
s16088,0.982,1
s16089,0.982,1
s16090,0.726,1
s16091,0.937,1
s16092,0.7170000000000001,1
s16093,0.99,1
s16094,1.0,1
s16095,0.705,1
s16096,1.0,1
s16097,1.0,1
s16098,0.836,1
s16099,0.644,1
s16100,1.0,1
s16101,0.995,1
s16102,0.99,1
s16103,0.713,1
s16104,1.0,1
s16105,1.0,1
s16106,0.938,1
s16107,0.9179999999999999,1
s16108,0.956,1
s16109,0.721,1
s16110,0.726,1
s16111,0.621,1
s16112,0.6679999999999999,1
s16113,0.78,1
s16114,1.0,1
s16115,0.997,1
s16116,0.597,1
s16117,0.644,1
s16118,0.985,1
s16119,1.0,1
s16120,0.738,1
s16121,0.868,1
s16122,0.5529999999999999,1
s16123,0.695,1
s16124,1.0,1
s16125,0.955,1
s16126,1.0,1
s16127,1.0,1
s16128,1.0,1
s16129,1.0,1
s16130,0.838,1
s16131,1.0,1
s16132,0.991,1
s16133,1.0,1
s16134,0.581,1
s16135,0.9229999999999999,1
s16136,0.604,1
s16137,0.7170000000000001,1
s16138,0.8170000000000001,1
s16139,0.885,1
s16140,1.0,1
s16141,1.0,1
s16142,1.0,1
s16143,0.99,1
s16144,0.998,1
s16145,0.8240000000000001,1
s16146,0.922,1
s16147,0.9790000000000001,1
s16148,0.995,1
s16149,0.727,1
s16150,0.667,1
s16151,0.848,1
s16152,0.596,1
s16153,0.59,1
s16154,0.996,1
s16155,1.0,1
s16156,0.695,1
s16157,1.0,1
s16158,0.9940000000000001,1
s16159,0.996,1
s16160,1.0,1
s16161,0.993,1
s16162,1.0,1
s16163,0.992,1
s16164,0.9890000000000001,1
s16165,0.644,1
s16166,0.992,1
s16167,0.836,1
s16168,0.607,1
s16169,0.8320000000000001,1
s16170,1.0,1
s16171,0.922,1
s16172,1.0,1
s16173,1.0,1
s16174,1.0,1
s16175,1.0,1
s16176,0.6940000000000001,1
s16177,1.0,1
s16178,1.0,1
s16179,1.0,1
s16180,0.565,1
s16181,0.503,1
s16182,0.799,1
s16183,0.626,1
s16184,0.998,1
s16185,0.997,1
s16186,0.996,1
s16187,0.9179999999999999,1
s16188,0.922,1
s16189,0.992,1
s16190,0.622,1
s16191,1.0,1
s16192,0.585,1
s16193,0.773,1
s16194,1.0,1
s16195,0.998,1
s16196,1.0,1
s16197,0.857,1
s16198,0.9570000000000001,1
s16199,0.997,1
s16200,0.978,1
s16201,0.991,1
s16202,0.993,1
s16203,0.997,1
s16204,1.0,1
s16205,0.998,1
s16206,0.995,1
s16207,0.904,1
s16208,1.0,1
s16209,0.997,1
s16210,1.0,1
s16211,1.0,1
s16212,0.996,1
s16213,1.0,1
s16214,0.727,1
s16215,0.725,1
s16216,0.564,1
s16217,1.0,1
s16218,0.932,1
s16219,0.696,1
s16220,0.696,1
s16221,1.0,1
s16222,1.0,1
s16223,1.0,1
s16224,0.9890000000000001,1
s16225,0.9590000000000001,1
s16226,1.0,1
s16227,0.875,1
s16228,0.9940000000000001,1
s16229,1.0,1
s16230,1.0,1
s16231,0.995,1
s16232,1.0,1
s16233,0.978,1
s16234,1.0,1
s16235,1.0,1
s16236,1.0,1
s16237,0.996,1
s16238,1.0,1
s16239,0.997,1
s16240,0.789,1
s16241,0.995,1
s16242,0.998,1
s16243,0.995,1
s16244,0.99,1
s16245,0.997,1
s16246,0.97,1
s16247,0.997,1
s16248,0.9940000000000001,1
s16249,0.8390000000000001,1
s16250,0.5329999999999999,1
s16251,1.0,1
s16252,0.9179999999999999,1
s16253,0.997,1
s16254,1.0,1
s16255,1.0,1
s16256,0.6559999999999999,1
s16257,0.799,1
s16258,0.995,1
s16259,1.0,1
s16260,0.992,1
s16261,1.0,1
s16262,1.0,1
s16263,1.0,1
s16264,0.5660000000000001,1
s16265,0.995,1
s16266,1.0,1
s16267,1.0,1
s16268,1.0,1
s16269,1.0,1
s16270,0.99,1
s16271,0.852,1
s16272,0.654,1
s16273,0.654,1
s16274,0.642,1
s16275,0.99,1
s16276,1.0,1
s16277,0.9940000000000001,1
s16278,0.7490000000000001,1
s16279,1.0,1
s16280,0.995,1
s16281,0.993,1
s16282,0.7340000000000001,1
s16283,0.96,1
s16284,0.7190000000000001,1
s16285,0.617,1
s16286,1.0,1
s16287,0.532,1
s16288,0.9940000000000001,1
s16289,0.9620000000000001,1
s16290,0.9179999999999999,1
s16291,0.987,1
s16292,1.0,1
s16293,1.0,1
s16294,1.0,1
s16295,1.0,1
s16296,0.9640000000000001,1
s16297,0.9940000000000001,1
s16298,1.0,1
s16299,0.973,1
s16300,0.995,1
s16301,0.987,1
s16302,1.0,1
s16303,1.0,1
s16304,0.997,1
s16305,1.0,1
s16306,1.0,1
s16307,1.0,1
s16308,1.0,1
s16309,0.708,1
s16310,0.6,1
s16311,0.992,1
s16312,1.0,1
s16313,1.0,1
s16314,1.0,1
s16315,0.995,1
s16316,0.795,1
s16317,0.821,1
s16318,0.997,1
s16319,0.997,1
s16320,0.997,1
s16321,0.997,1
s16322,0.997,1
s16323,0.997,1
s16324,0.997,1
s16325,0.925,1
s16326,0.991,1
s16327,0.5770000000000001,1
s16328,0.965,1
s16329,0.892,1
s16330,0.997,1
s16331,0.9390000000000001,1
s16332,0.9940000000000001,1
s16333,0.7659999999999999,1
s16334,0.868,1
s16335,1.0,1
s16336,0.865,1
s16337,0.745,1
s16338,0.998,1
s16339,1.0,1
s16340,1.0,1
s16341,0.978,1
s16342,0.995,1
s16343,0.99,1
s16344,0.985,1
s16345,0.649,1
s16346,0.521,1
s16347,0.985,1
s16348,0.7659999999999999,1
s16349,0.7659999999999999,1
s16350,0.773,1
s16351,0.784,1
s16352,0.696,1
s16353,1.0,1
s16354,0.833,1
s16355,0.995,1
s16356,0.9890000000000001,1
s16357,0.924,1
s16358,1.0,1
s16359,0.996,1
s16360,0.7659999999999999,1
s16361,1.0,1
s16362,0.997,1
s16363,1.0,1
s16364,0.986,1
s16365,1.0,1
s16366,1.0,1
s16367,0.992,1
s16368,0.976,1
s16369,0.9520000000000001,1
s16370,0.996,1
s16371,0.737,1
s16372,0.986,1
s16373,0.985,1
s16374,0.473,1
s16375,0.5670000000000001,1
s16376,0.987,1
s16377,1.0,1
s16378,0.993,1
s16379,0.777,1
s16380,0.752,1
s16381,1.0,1
s16382,0.9940000000000001,1
s16383,1.0,1
s16384,1.0,1
s16385,1.0,1
s16386,0.96,1
s16387,0.542,1
s16388,0.6679999999999999,1
s16389,0.993,1
s16390,1.0,1
s16391,0.971,1
s16392,0.919,1
s16393,0.635,1
s16394,0.903,1
s16395,1.0,1
s16396,1.0,1
s16397,0.69,1
s16398,0.835,1
s16399,0.919,1
s16400,0.762,1
s16401,1.0,1
s16402,0.991,1
s16403,0.9670000000000001,1
s16404,0.9940000000000001,1
s16405,0.996,1
s16406,0.821,1
s16407,1.0,1
s16408,0.997,1
s16409,0.997,1
s16410,0.9940000000000001,1
s16411,0.997,1
s16412,0.997,1
s16413,0.96,1
s16414,0.629,1
s16415,0.9109999999999999,1
s16416,0.995,1
s16417,0.99,1
s16418,0.894,1
s16419,0.8140000000000001,1
s16420,0.973,1
s16421,0.855,1
s16422,1.0,1
s16423,1.0,1
s16424,0.685,1
s16425,0.705,1
s16426,0.634,1
s16427,0.708,1
s16428,1.0,1
s16429,1.0,1
s16430,0.618,1
s16431,0.982,1
s16432,0.81,1
s16433,0.971,1
s16434,0.945,1
s16435,0.992,1
s16436,1.0,1
s16437,0.992,1
s16438,1.0,1
s16439,0.993,1
s16440,0.894,1
s16441,0.8590000000000001,1
s16442,1.0,1
s16443,0.919,1
s16444,0.632,1
s16445,0.992,1
s16446,1.0,1
s16447,0.868,1
s16448,1.0,1
s16449,1.0,1
s16450,1.0,1
s16451,0.997,1
s16452,0.998,1
s16453,0.998,1
s16454,1.0,1
s16455,0.971,1
s16456,0.978,1
s16457,1.0,1
s16458,1.0,1
s16459,0.938,1
s16460,0.603,1
s16461,0.93,1
s16462,0.995,1
s16463,0.9940000000000001,1
s16464,1.0,1
s16465,0.677,1
s16466,0.721,1
s16467,0.985,1
s16468,1.0,1
s16469,0.953,1
s16470,0.889,1
s16471,1.0,1
s16472,1.0,1
s16473,0.857,1
s16474,1.0,1
s16475,1.0,1
s16476,0.5770000000000001,1
s16477,0.9740000000000001,1
s16478,1.0,1
s16479,1.0,1
s16480,1.0,1
s16481,0.992,1
s16482,0.985,1
s16483,0.914,1
s16484,0.945,1
s16485,0.8370000000000001,1
s16486,0.8320000000000001,1
s16487,0.82,1
s16488,0.601,1
s16489,1.0,1
s16490,0.97,1
s16491,1.0,1
s16492,1.0,1
s16493,1.0,1
s16494,0.98,1
s16495,0.698,1
s16496,1.0,1
s16497,0.748,1
s16498,0.929,1
s16499,0.561,1
s16500,0.602,1
s16501,1.0,1
s16502,0.992,1
s16503,0.439,1
s16504,0.8029999999999999,1
s16505,0.9420000000000001,1
s16506,0.996,1
s16507,1.0,1
s16508,0.997,1
s16509,0.851,1
s16510,0.988,1
s16511,1.0,1
s16512,0.731,1
s16513,0.973,1
s16514,0.773,1
s16515,0.84,1
s16516,0.606,1
s16517,0.992,1
s16518,0.983,1
s16519,0.983,1
s16520,0.981,1
s16521,1.0,1
s16522,1.0,1
s16523,0.675,1
s16524,1.0,1
s16525,0.596,1
s16526,0.772,1
s16527,0.988,1
s16528,0.996,1
s16529,1.0,1
s16530,1.0,1
s16531,1.0,1
s16532,0.92,1
s16533,0.9690000000000001,1
s16534,0.9470000000000001,1
s16535,0.995,1
s16536,0.9940000000000001,1
s16537,0.992,1
s16538,0.996,1
s16539,0.985,1
s16540,1.0,1
s16541,0.99,1
s16542,0.99,1
s16543,0.958,1
s16544,0.919,1
s16545,1.0,1
s16546,1.0,1
s16547,0.986,1
s16548,1.0,1
s16549,0.992,1
s16550,0.992,1
s16551,0.992,1
s16552,0.992,1
s16553,0.992,1
s16554,0.612,1
s16555,0.772,1
s16556,0.986,1
s16557,0.738,1
s16558,1.0,1
s16559,1.0,1
s16560,1.0,1
s16561,1.0,1
s16562,1.0,1
s16563,0.585,1
s16564,0.996,1
s16565,0.9740000000000001,1
s16566,0.998,1
s16567,1.0,1
s16568,0.958,1
s16569,0.992,1
s16570,1.0,1
s16571,0.9890000000000001,1
s16572,0.9890000000000001,1
s16573,0.9890000000000001,1
s16574,1.0,1
s16575,0.963,1
s16576,1.0,1
s16577,1.0,1
s16578,0.978,1
s16579,1.0,1
s16580,0.995,1
s16581,1.0,1
s16582,0.894,1
s16583,0.733,1
s16584,0.958,1
s16585,1.0,1
s16586,0.977,1
s16587,0.975,1
s16588,0.977,1
s16589,0.996,1
s16590,0.9940000000000001,1
s16591,0.987,1
s16592,0.662,1
s16593,0.99,1
s16594,1.0,1
s16595,1.0,1
s16596,1.0,1
s16597,0.998,1
s16598,0.799,1
s16599,0.9470000000000001,1
s16600,0.8240000000000001,1
s16601,0.996,1
s16602,0.995,1
s16603,0.8859999999999999,1
s16604,0.47700000000000004,1
s16605,1.0,1
s16606,0.945,1
s16607,1.0,1
s16608,0.799,1
s16609,0.973,1
s16610,1.0,1
s16611,0.986,1
s16612,0.8490000000000001,1
s16613,1.0,1
s16614,1.0,1
s16615,0.573,1
s16616,0.998,1
s16617,0.991,1
s16618,1.0,1
s16619,1.0,1
s16620,0.826,1
s16621,1.0,1
s16622,1.0,1
s16623,1.0,1
s16624,1.0,1
s16625,1.0,1
s16626,1.0,1
s16627,1.0,1
s16628,0.674,1
s16629,0.9890000000000001,1
s16630,0.6609999999999999,1
s16631,0.998,1
s16632,0.988,1
s16633,0.998,1
s16634,1.0,1
s16635,0.998,1
s16636,1.0,1
s16637,0.9890000000000001,1
s16638,0.981,1
s16639,1.0,1
s16640,0.826,1
s16641,0.9940000000000001,1
s16642,0.997,1
s16643,1.0,1
s16644,1.0,1
s16645,0.948,1
s16646,0.9790000000000001,1
s16647,0.7290000000000001,1
s16648,0.995,1
s16649,0.993,1
s16650,0.765,1
s16651,0.988,1
s16652,0.988,1
s16653,0.988,1
s16654,0.9890000000000001,1
s16655,1.0,1
s16656,0.728,1
s16657,0.9209999999999999,1
s16658,1.0,1
s16659,0.996,1
s16660,0.996,1
s16661,0.8490000000000001,1
s16662,0.981,1
s16663,0.9209999999999999,1
s16664,0.695,1
s16665,1.0,1
s16666,0.809,1
s16667,0.653,1
s16668,0.537,1
s16669,0.8690000000000001,1
s16670,0.843,1
s16671,0.848,1
s16672,0.851,1
s16673,1.0,1
s16674,1.0,1
s16675,0.6579999999999999,1
s16676,1.0,1
s16677,0.996,1
s16678,0.9690000000000001,1
s16679,0.7290000000000001,1
s16680,0.996,1
s16681,0.996,1
s16682,0.996,1
s16683,0.917,1
s16684,0.847,1
s16685,1.0,1
s16686,1.0,1
s16687,0.9229999999999999,1
s16688,0.852,1
s16689,0.618,1
s16690,0.6509999999999999,1
s16691,0.593,1
s16692,0.9990000000000001,1
s16693,0.9890000000000001,1
s16694,1.0,1
s16695,0.747,1
s16696,1.0,1
s16697,1.0,1
s16698,0.997,1
s16699,0.998,1
s16700,0.997,1
s16701,0.679,1
s16702,0.945,1
s16703,1.0,1
s16704,1.0,1
s16705,1.0,1
s16706,0.782,1
s16707,1.0,1
s16708,0.988,1
s16709,1.0,1
s16710,0.628,1
s16711,0.89,1
s16712,0.973,1
s16713,1.0,1
s16714,1.0,1
s16715,1.0,1
s16716,0.998,1
s16717,0.993,1
s16718,1.0,1
s16719,0.703,1
s16720,0.728,1
s16721,0.977,1
s16722,1.0,1
s16723,1.0,1
s16724,0.9840000000000001,1
s16725,0.627,1
s16726,1.0,1
s16727,1.0,1
s16728,1.0,1
s16729,0.743,1
s16730,0.987,1
s16731,0.997,1
s16732,0.9890000000000001,1
s16733,1.0,1
s16734,0.664,1
s16735,1.0,1
s16736,0.998,1
s16737,0.636,1
s16738,0.7070000000000001,1
s16739,0.581,1
s16740,1.0,1
s16741,1.0,1
s16742,0.996,1
s16743,0.996,1
s16744,0.987,1
s16745,0.986,1
s16746,0.9490000000000001,1
s16747,0.777,1
s16748,0.7959999999999999,1
s16749,0.8640000000000001,1
s16750,0.9520000000000001,1
s16751,0.998,1
s16752,1.0,1
s16753,0.99,1
s16754,0.996,1
s16755,1.0,1
s16756,0.996,1
s16757,0.9940000000000001,1
s16758,0.633,1
s16759,0.657,1
s16760,0.7929999999999999,1
s16761,0.7979999999999999,1
s16762,1.0,1
s16763,0.736,1
s16764,0.997,1
s16765,0.733,1
s16766,0.983,1
s16767,1.0,1
s16768,0.993,1
s16769,0.618,1
s16770,1.0,1
s16771,1.0,1
s16772,1.0,1
s16773,0.713,1
s16774,0.64,1
s16775,0.647,1
s16776,0.647,1
s16777,0.997,1
s16778,0.992,1
s16779,1.0,1
s16780,0.919,1
s16781,0.91,1
s16782,1.0,1
s16783,0.8859999999999999,1
s16784,0.758,1
s16785,0.882,1
s16786,0.845,1
s16787,0.973,1
s16788,1.0,1
s16789,1.0,1
s16790,1.0,1
s16791,0.973,1
s16792,0.992,1
s16793,0.7879999999999999,1
s16794,1.0,1
s16795,0.998,1
s16796,0.873,1
s16797,0.878,1
s16798,0.978,1
s16799,0.669,1
s16800,0.946,1
s16801,0.904,1
s16802,1.0,1
s16803,0.997,1
s16804,0.9890000000000001,1
s16805,0.787,1
s16806,0.667,1
s16807,0.615,1
s16808,0.588,1
s16809,0.997,1
s16810,1.0,1
s16811,0.992,1
s16812,0.988,1
s16813,1.0,1
s16814,0.9890000000000001,1
s16815,1.0,1
s16816,0.509,1
s16817,0.586,1
s16818,0.992,1
s16819,0.997,1
s16820,0.998,1
s16821,1.0,1
s16822,0.966,1
s16823,0.96,1
s16824,0.995,1
s16825,0.961,1
s16826,0.958,1
s16827,1.0,1
s16828,1.0,1
s16829,0.593,1
s16830,1.0,1
s16831,0.718,1
s16832,0.752,1
s16833,1.0,1
s16834,0.997,1
s16835,1.0,1
s16836,0.991,1
s16837,1.0,1
s16838,0.639,1
s16839,1.0,1
s16840,0.973,1
s16841,0.966,1
s16842,1.0,1
s16843,0.983,1
s16844,0.997,1
s16845,0.9129999999999999,1
s16846,0.636,1
s16847,0.591,1
s16848,0.711,1
s16849,0.8,1
s16850,1.0,1
s16851,1.0,1
s16852,1.0,1
s16853,1.0,1
s16854,0.993,1
s16855,0.8490000000000001,1
s16856,1.0,1
s16857,0.998,1
s16858,1.0,1
s16859,0.998,1
s16860,0.998,1
s16861,0.997,1
s16862,1.0,1
s16863,1.0,1
s16864,0.995,1
s16865,0.603,1
s16866,0.997,1
s16867,0.992,1
s16868,1.0,1
s16869,0.992,1
s16870,0.99,1
s16871,0.995,1
s16872,1.0,1
s16873,1.0,1
s16874,0.965,1
s16875,1.0,1
s16876,1.0,1
s16877,0.995,1
s16878,1.0,1
s16879,0.723,1
s16880,0.92,1
s16881,0.541,1
s16882,0.741,1
s16883,1.0,1
s16884,0.7170000000000001,1
s16885,1.0,1
s16886,0.897,1
s16887,0.852,1
s16888,1.0,1
s16889,1.0,1
s16890,1.0,1
s16891,0.997,1
s16892,1.0,1
s16893,0.995,1
s16894,0.86,1
s16895,0.927,1
s16896,0.8140000000000001,1
s16897,0.8640000000000001,1
s16898,0.9840000000000001,1
s16899,0.7759999999999999,1
s16900,0.9940000000000001,1
s16901,0.992,1
s16902,0.7290000000000001,1
s16903,1.0,1
s16904,1.0,1
s16905,1.0,1
s16906,0.982,1
s16907,0.997,1
s16908,1.0,1
s16909,0.745,1
s16910,0.986,1
s16911,0.998,1
s16912,0.991,1
s16913,0.997,1
s16914,0.997,1
s16915,0.998,1
s16916,0.9940000000000001,1
s16917,0.963,1
s16918,0.6,1
s16919,1.0,1
s16920,1.0,1
s16921,0.986,1
s16922,0.995,1
s16923,0.998,1
s16924,0.998,1
s16925,0.983,1
s16926,0.9890000000000001,1
s16927,0.8370000000000001,1
s16928,1.0,1
s16929,0.9840000000000001,1
s16930,1.0,1
s16931,0.93,1
s16932,0.6890000000000001,1
s16933,0.987,1
s16934,0.993,1
s16935,0.987,1
s16936,1.0,1
s16937,1.0,1
s16938,0.919,1
s16939,1.0,1
s16940,0.943,1
s16941,0.953,1
s16942,0.845,1
s16943,1.0,1
s16944,0.672,1
s16945,0.851,1
s16946,0.5760000000000001,1
s16947,0.992,1
s16948,0.998,1
s16949,0.99,1
s16950,0.998,1
s16951,0.998,1
s16952,0.99,1
s16953,0.929,1
s16954,1.0,1
s16955,0.9390000000000001,1
s16956,1.0,1
s16957,1.0,1
s16958,0.997,1
s16959,0.625,1
s16960,1.0,1
s16961,1.0,1
s16962,1.0,1
s16963,1.0,1
s16964,0.9359999999999999,1
s16965,0.9490000000000001,1
s16966,0.9390000000000001,1
s16967,1.0,1
s16968,0.993,1
s16969,0.7979999999999999,1
s16970,0.978,1
s16971,1.0,1
s16972,0.9359999999999999,1
s16973,1.0,1
s16974,0.833,1
s16975,0.992,1
s16976,1.0,1
s16977,1.0,1
s16978,1.0,1
s16979,0.9990000000000001,1
s16980,0.792,1
s16981,0.99,1
s16982,0.7979999999999999,1
s16983,1.0,1
s16984,1.0,1
s16985,0.841,1
s16986,0.836,1
s16987,1.0,1
s16988,0.777,1
s16989,0.823,1
s16990,0.872,1
s16991,1.0,1
s16992,0.71,1
s16993,0.8140000000000001,1
s16994,0.647,1
s16995,0.614,1
s16996,0.742,1
s16997,0.6679999999999999,1
s16998,1.0,1
s16999,1.0,1
s17000,1.0,1
s17001,0.996,1
s17002,0.996,1
s17003,0.996,1
s17004,1.0,1
s17005,1.0,1
s17006,0.977,1
s17007,0.804,1
s17008,0.831,1
s17009,0.826,1
s17010,0.875,1
s17011,0.83,1
s17012,0.731,1
s17013,0.6809999999999999,1
s17014,1.0,1
s17015,0.997,1
s17016,0.993,1
s17017,0.99,1
s17018,1.0,1
s17019,0.992,1
s17020,1.0,1
s17021,0.6559999999999999,1
s17022,1.0,1
s17023,1.0,1
s17024,1.0,1
s17025,0.997,1
s17026,0.623,1
s17027,0.919,1
s17028,0.7120000000000001,1
s17029,0.919,1
s17030,1.0,1
s17031,0.948,1
s17032,0.956,1
s17033,0.996,1
s17034,0.945,1
s17035,0.9520000000000001,1
s17036,0.807,1
s17037,0.995,1
s17038,0.9490000000000001,1
s17039,1.0,1
s17040,1.0,1
s17041,1.0,1
s17042,1.0,1
s17043,0.976,1
s17044,1.0,1
s17045,0.9490000000000001,1
s17046,1.0,1
s17047,0.925,1
s17048,0.8370000000000001,1
s17049,0.9940000000000001,1
s17050,0.985,1
s17051,1.0,1
s17052,1.0,1
s17053,1.0,1
s17054,1.0,1
s17055,1.0,1
s17056,0.84,1
s17057,1.0,1
s17058,1.0,1
s17059,1.0,1
s17060,0.665,1
s17061,1.0,1
s17062,1.0,1
s17063,0.738,1
s17064,0.735,1
s17065,0.977,1
s17066,0.53,1
s17067,1.0,1
s17068,0.992,1
s17069,0.7170000000000001,1
s17070,0.993,1
s17071,0.919,1
s17072,0.9790000000000001,1
s17073,0.995,1
s17074,0.94,1
s17075,0.985,1
s17076,0.402,1
s17077,0.995,1
s17078,0.997,1
s17079,0.75,1
s17080,0.725,1
s17081,0.723,1
s17082,0.997,1
s17083,1.0,1
s17084,1.0,1
s17085,0.997,1
s17086,0.914,1
s17087,1.0,1
s17088,0.993,1
s17089,0.996,1
s17090,0.977,1
s17091,0.995,1
s17092,1.0,1
s17093,0.9890000000000001,1
s17094,0.992,1
s17095,0.721,1
s17096,0.995,1
s17097,0.993,1
s17098,0.889,1
s17099,0.498,1
s17100,0.7140000000000001,1
s17101,0.826,1
s17102,0.617,1
s17103,0.61,1
s17104,1.0,1
s17105,1.0,1
s17106,0.965,1
s17107,0.991,1
s17108,0.857,1
s17109,0.79,1
s17110,1.0,1
s17111,0.586,1
s17112,0.961,1
s17113,0.988,1
s17114,0.9940000000000001,1
s17115,0.8690000000000001,1
s17116,0.868,1
s17117,0.6759999999999999,1
s17118,0.677,1
s17119,1.0,1
s17120,1.0,1
s17121,0.6729999999999999,1
s17122,0.981,1
s17123,1.0,1
s17124,1.0,1
s17125,1.0,1
s17126,0.9540000000000001,1
s17127,0.7290000000000001,1
s17128,1.0,1
s17129,0.997,1
s17130,0.951,1
s17131,0.997,1
s17132,1.0,1
s17133,0.996,1
s17134,1.0,1
s17135,0.993,1
s17136,0.997,1
s17137,1.0,1
s17138,1.0,1
s17139,1.0,1
s17140,0.5660000000000001,1
s17141,0.64,1
s17142,0.996,1
s17143,0.995,1
s17144,0.991,1
s17145,0.8190000000000001,1
s17146,1.0,1
s17147,0.46,1
s17148,0.8809999999999999,1
s17149,0.871,1
s17150,1.0,1
s17151,0.605,1
s17152,1.0,1
s17153,1.0,1
s17154,0.986,1
s17155,0.6459999999999999,1
s17156,1.0,1
s17157,1.0,1
s17158,0.993,1
s17159,1.0,1
s17160,1.0,1
s17161,1.0,1
s17162,1.0,1
s17163,1.0,1
s17164,1.0,1
s17165,1.0,1
s17166,0.674,1
s17167,0.7959999999999999,1
s17168,1.0,1
s17169,0.725,1
s17170,0.601,1
s17171,1.0,1
s17172,0.652,1
s17173,1.0,1
s17174,0.9229999999999999,1
s17175,0.917,1
s17176,0.912,1
s17177,0.574,1
s17178,0.76,1
s17179,0.733,1
s17180,0.988,1
s17181,0.992,1
s17182,0.9359999999999999,1
s17183,0.976,1
s17184,0.9940000000000001,1
s17185,1.0,1
s17186,0.995,1
s17187,0.99,1
s17188,0.9420000000000001,1
s17189,1.0,1
s17190,0.915,1
s17191,0.713,1
s17192,1.0,1
s17193,0.873,1
s17194,0.716,1
s17195,0.98,1
s17196,1.0,1
s17197,1.0,1
s17198,0.9890000000000001,1
s17199,0.9840000000000001,1
s17200,0.752,1
s17201,0.73,1
s17202,0.996,1
s17203,0.977,1
s17204,0.763,1
s17205,1.0,1
s17206,0.997,1
s17207,1.0,1
s17208,1.0,1
s17209,1.0,1
s17210,0.889,1
s17211,0.971,1
s17212,0.997,1
s17213,0.96,1
s17214,1.0,1
s17215,1.0,1
s17216,0.996,1
s17217,1.0,1
s17218,0.996,1
s17219,1.0,1
s17220,0.995,1
s17221,0.9890000000000001,1
s17222,0.9890000000000001,1
s17223,0.636,1
s17224,0.993,1
s17225,0.978,1
s17226,0.958,1
s17227,0.958,1
s17228,0.9570000000000001,1
s17229,1.0,1
s17230,0.982,1
s17231,1.0,1
s17232,1.0,1
s17233,0.997,1
s17234,0.708,1
s17235,0.623,1
s17236,1.0,1
s17237,1.0,1
s17238,0.9940000000000001,1
s17239,0.9940000000000001,1
s17240,0.988,1
s17241,1.0,1
s17242,0.9640000000000001,1
s17243,0.971,1
s17244,0.971,1
s17245,0.971,1
s17246,0.976,1
s17247,0.518,1
s17248,1.0,1
s17249,0.995,1
s17250,1.0,1
s17251,1.0,1
s17252,1.0,1
s17253,0.6829999999999999,1
s17254,1.0,1
s17255,0.726,1
s17256,0.978,1
s17257,0.985,1
s17258,1.0,1
s17259,1.0,1
s17260,1.0,1
s17261,0.866,1
s17262,0.998,1
s17263,1.0,1
s17264,0.9620000000000001,1
s17265,0.986,1
s17266,0.982,1
s17267,0.998,1
s17268,0.41,1
s17269,0.6459999999999999,1
s17270,0.6579999999999999,1
s17271,0.995,1
s17272,0.687,1
s17273,0.845,1
s17274,0.996,1
s17275,0.653,1
s17276,0.982,1
s17277,0.7240000000000001,1
s17278,1.0,1
s17279,1.0,1
s17280,0.996,1
s17281,0.551,1
s17282,0.938,1
s17283,1.0,1
s17284,1.0,1
s17285,1.0,1
s17286,1.0,1
s17287,0.95,1
s17288,0.9229999999999999,1
s17289,1.0,1
s17290,0.9940000000000001,1
s17291,0.996,1
s17292,0.9009999999999999,1
s17293,0.894,1
s17294,0.998,1
s17295,1.0,1
s17296,0.995,1
s17297,1.0,1
s17298,0.7120000000000001,1
s17299,1.0,1
s17300,0.9940000000000001,1
s17301,0.784,1
s17302,0.873,1
s17303,1.0,1
s17304,1.0,1
s17305,1.0,1
s17306,1.0,1
s17307,1.0,1
s17308,0.9840000000000001,1
s17309,0.977,1
s17310,0.99,1
s17311,0.6970000000000001,1
s17312,0.988,1
s17313,0.988,1
s17314,0.988,1
s17315,1.0,1
s17316,1.0,1
s17317,1.0,1
s17318,0.905,1
s17319,1.0,1
s17320,0.977,1
s17321,0.91,1
s17322,1.0,1
s17323,0.995,1
s17324,0.998,1
s17325,0.977,1
s17326,0.687,1
s17327,1.0,1
s17328,0.9940000000000001,1
s17329,1.0,1
s17330,0.997,1
s17331,0.997,1
s17332,0.982,1
s17333,0.813,1
s17334,1.0,1
s17335,0.7609999999999999,1
s17336,0.998,1
s17337,0.5379999999999999,1
s17338,1.0,1
s17339,1.0,1
s17340,1.0,1
s17341,0.595,1
s17342,0.982,1
s17343,0.9940000000000001,1
s17344,0.746,1
s17345,0.8370000000000001,1
s17346,1.0,1
s17347,0.998,1
s17348,0.7859999999999999,1
s17349,0.995,1
s17350,1.0,1
s17351,0.652,1
s17352,0.97,1
s17353,0.938,1
s17354,0.971,1
s17355,0.5920000000000001,1
s17356,0.991,1
s17357,0.531,1
s17358,0.855,1
s17359,0.9940000000000001,1
s17360,0.99,1
s17361,0.992,1
s17362,0.997,1
s17363,1.0,1
s17364,1.0,1
s17365,0.997,1
s17366,0.9520000000000001,1
s17367,0.976,1
s17368,0.968,1
s17369,0.6629999999999999,1
s17370,0.6579999999999999,1
s17371,0.8109999999999999,1
s17372,1.0,1
s17373,1.0,1
s17374,0.996,1
s17375,0.995,1
s17376,0.995,1
s17377,0.998,1
s17378,1.0,1
s17379,1.0,1
s17380,1.0,1
s17381,0.997,1
s17382,1.0,1
s17383,0.997,1
s17384,0.997,1
s17385,0.986,1
s17386,1.0,1
s17387,0.986,1
s17388,0.767,1
s17389,0.63,1
s17390,0.997,1
s17391,0.519,1
s17392,0.9890000000000001,1
s17393,0.784,1
s17394,1.0,1
s17395,1.0,1
s17396,0.74,1
s17397,0.6990000000000001,1
s17398,0.993,1
s17399,0.8270000000000001,1
s17400,0.993,1
s17401,1.0,1
s17402,0.633,1
s17403,0.745,1
s17404,0.637,1
s17405,0.998,1
s17406,0.768,1
s17407,0.85,1
s17408,0.85,1
s17409,0.85,1
s17410,0.982,1
s17411,0.6709999999999999,1
s17412,0.99,1
s17413,0.95,1
s17414,0.898,1
s17415,1.0,1
s17416,0.996,1
s17417,0.9840000000000001,1
s17418,1.0,1
s17419,0.993,1
s17420,0.813,1
s17421,0.877,1
s17422,1.0,1
s17423,0.993,1
s17424,1.0,1
s17425,0.986,1
s17426,0.95,1
s17427,1.0,1
s17428,0.8,1
s17429,0.986,1
s17430,0.9840000000000001,1
s17431,0.986,1
s17432,0.9840000000000001,1
s17433,0.976,1
s17434,0.995,1
s17435,0.898,1
s17436,0.8190000000000001,1
s17437,0.828,1
s17438,1.0,1
s17439,1.0,1
s17440,0.74,1
s17441,1.0,1
s17442,1.0,1
s17443,0.9740000000000001,1
s17444,1.0,1
s17445,0.7959999999999999,1
s17446,1.0,1
s17447,0.64,1
s17448,0.8270000000000001,1
s17449,1.0,1
s17450,0.992,1
s17451,0.88,1
s17452,0.997,1
s17453,0.993,1
s17454,1.0,1
s17455,0.927,1
s17456,0.534,1
s17457,1.0,1
s17458,1.0,1
s17459,0.875,1
s17460,0.6629999999999999,1
s17461,0.655,1
s17462,1.0,1
s17463,1.0,1
s17464,1.0,1
s17465,1.0,1
s17466,0.991,1
s17467,0.698,1
s17468,1.0,1
s17469,0.997,1
s17470,0.675,1
s17471,0.96,1
s17472,0.9990000000000001,1
s17473,1.0,1
s17474,0.5670000000000001,1
s17475,0.6859999999999999,1
s17476,0.993,1
s17477,0.983,1
s17478,1.0,1
s17479,0.998,1
s17480,0.8220000000000001,1
s17481,0.715,1
s17482,1.0,1
s17483,0.976,1
s17484,0.705,1
s17485,0.924,1
s17486,0.6990000000000001,1
s17487,0.993,1
s17488,1.0,1
s17489,0.997,1
s17490,1.0,1
s17491,1.0,1
s17492,1.0,1
s17493,0.992,1
s17494,0.725,1
s17495,0.725,1
s17496,0.955,1
s17497,0.997,1
s17498,0.9940000000000001,1
s17499,0.992,1
s17500,0.647,1
s17501,0.599,1
s17502,0.982,1
s17503,1.0,1
s17504,0.9570000000000001,1
s17505,1.0,1
s17506,0.996,1
s17507,1.0,1
s17508,0.996,1
s17509,0.856,1
s17510,0.9279999999999999,1
s17511,0.985,1
s17512,0.7040000000000001,1
s17513,0.708,1
s17514,0.639,1
s17515,0.879,1
s17516,0.7829999999999999,1
s17517,0.847,1
s17518,0.8440000000000001,1
s17519,1.0,1
s17520,0.904,1
s17521,0.995,1
s17522,0.9109999999999999,1
s17523,0.541,1
s17524,0.987,1
s17525,0.992,1
s17526,1.0,1
s17527,0.996,1
s17528,1.0,1
s17529,1.0,1
s17530,1.0,1
s17531,1.0,1
s17532,0.856,1
s17533,0.991,1
s17534,0.96,1
s17535,0.74,1
s17536,0.644,1
s17537,0.991,1
s17538,0.8059999999999999,1
s17539,0.742,1
s17540,0.987,1
s17541,0.987,1
s17542,0.6459999999999999,1
s17543,0.998,1
s17544,0.633,1
s17545,0.8759999999999999,1
s17546,1.0,1
s17547,1.0,1
s17548,0.5589999999999999,1
s17549,0.97,1
s17550,1.0,1
s17551,1.0,1
s17552,0.9690000000000001,1
s17553,0.995,1
s17554,0.995,1
s17555,1.0,1
s17556,1.0,1
s17557,0.9690000000000001,1
s17558,0.966,1
s17559,0.966,1
s17560,1.0,1
s17561,1.0,1
s17562,1.0,1
s17563,0.585,1
s17564,0.638,1
s17565,1.0,1
s17566,1.0,1
s17567,0.645,1
s17568,1.0,1
s17569,0.659,1
s17570,0.972,1
s17571,0.71,1
s17572,1.0,1
s17573,0.6509999999999999,1
s17574,0.878,1
s17575,1.0,1
s17576,0.925,1
s17577,0.595,1
s17578,0.804,1
s17579,0.878,1
s17580,0.883,1
s17581,1.0,1
s17582,0.922,1
s17583,0.863,1
s17584,0.6940000000000001,1
s17585,0.742,1
s17586,0.993,1
s17587,0.998,1
s17588,0.915,1
s17589,1.0,1
s17590,0.996,1
s17591,0.925,1
s17592,0.524,1
s17593,0.9940000000000001,1
s17594,1.0,1
s17595,1.0,1
s17596,1.0,1
s17597,1.0,1
s17598,1.0,1
s17599,0.9840000000000001,1
s17600,0.8590000000000001,1
s17601,0.841,1
s17602,0.998,1
s17603,1.0,1
s17604,0.992,1
s17605,0.9840000000000001,1
s17606,1.0,1
s17607,0.992,1
s17608,1.0,1
s17609,1.0,1
s17610,1.0,1
s17611,0.986,1
s17612,0.991,1
s17613,0.992,1
s17614,0.996,1
s17615,1.0,1
s17616,1.0,1
s17617,0.995,1
s17618,0.769,1
s17619,0.9359999999999999,1
s17620,0.5760000000000001,1
s17621,0.5760000000000001,1
s17622,0.5870000000000001,1
s17623,1.0,1
s17624,0.9940000000000001,1
s17625,0.98,1
s17626,0.606,1
s17627,0.7879999999999999,1
s17628,1.0,1
s17629,0.877,1
s17630,0.997,1
s17631,1.0,1
s17632,0.993,1
s17633,0.826,1
s17634,1.0,1
s17635,0.794,1
s17636,0.795,1
s17637,0.9940000000000001,1
s17638,1.0,1
s17639,0.56,1
s17640,0.993,1
s17641,1.0,1
s17642,0.853,1
s17643,0.885,1
s17644,0.971,1
s17645,0.997,1
s17646,0.995,1
s17647,0.996,1
s17648,1.0,1
s17649,0.71,1
s17650,0.866,1
s17651,0.5770000000000001,1
s17652,0.807,1
s17653,0.9329999999999999,1
s17654,0.937,1
s17655,0.997,1
s17656,0.958,1
s17657,1.0,1
s17658,0.6459999999999999,1
s17659,1.0,1
s17660,0.996,1
s17661,1.0,1
s17662,1.0,1
s17663,0.996,1
s17664,0.998,1
s17665,0.997,1
s17666,0.996,1
s17667,0.998,1
s17668,0.997,1
s17669,1.0,1
s17670,0.8959999999999999,1
s17671,0.637,1
s17672,0.9890000000000001,1
s17673,1.0,1
s17674,1.0,1
s17675,1.0,1
s17676,0.8009999999999999,1
s17677,0.9890000000000001,1
s17678,1.0,1
s17679,0.995,1
s17680,0.698,1
s17681,0.645,1
s17682,1.0,1
s17683,0.948,1
s17684,1.0,1
s17685,0.997,1
s17686,0.518,1
s17687,0.518,1
s17688,0.525,1
s17689,1.0,1
s17690,0.9940000000000001,1
s17691,0.9940000000000001,1
s17692,0.9890000000000001,1
s17693,0.9940000000000001,1
s17694,1.0,1
s17695,0.705,1
s17696,0.958,1
s17697,1.0,1
s17698,0.988,1
s17699,1.0,1
s17700,1.0,1
s17701,0.987,1
s17702,0.993,1
s17703,0.8690000000000001,1
s17704,0.976,1
s17705,0.804,1
s17706,0.9890000000000001,1
s17707,0.8,1
s17708,0.8590000000000001,1
s17709,0.997,1
s17710,0.997,1
s17711,0.588,1
s17712,0.981,1
s17713,0.9940000000000001,1
s17714,0.998,1
s17715,0.762,1
s17716,0.609,1
s17717,1.0,1
s17718,0.965,1
s17719,1.0,1
s17720,0.794,1
s17721,0.6409999999999999,1
s17722,0.998,1
s17723,0.934,1
s17724,0.8240000000000001,1
s17725,0.872,1
s17726,1.0,1
s17727,0.995,1
s17728,0.9890000000000001,1
s17729,0.8640000000000001,1
s17730,1.0,1
s17731,0.878,1
s17732,0.9009999999999999,1
s17733,0.919,1
s17734,0.99,1
s17735,0.723,1
s17736,0.8220000000000001,1
s17737,0.72,1
s17738,1.0,1
s17739,0.857,1
s17740,0.75,1
s17741,0.613,1
s17742,0.7090000000000001,1
s17743,1.0,1
s17744,0.983,1
s17745,1.0,1
s17746,0.907,1
s17747,0.988,1
s17748,0.9940000000000001,1
s17749,0.767,1
s17750,0.612,1
s17751,0.624,1
s17752,0.995,1
s17753,1.0,1
s17754,1.0,1
s17755,0.868,1
s17756,0.991,1
s17757,0.993,1
s17758,1.0,1
s17759,0.975,1
s17760,1.0,1
s17761,1.0,1
s17762,0.996,1
s17763,0.769,1
s17764,0.8140000000000001,1
s17765,0.715,1
s17766,0.6709999999999999,1
s17767,0.655,1
s17768,0.998,1
s17769,0.872,1
s17770,0.996,1
s17771,0.996,1
s17772,0.997,1
s17773,0.8029999999999999,1
s17774,0.758,1
s17775,1.0,1
s17776,0.727,1
s17777,1.0,1
s17778,1.0,1
s17779,0.754,1
s17780,1.0,1
s17781,1.0,1
s17782,0.997,1
s17783,0.997,1
s17784,1.0,1
s17785,1.0,1
s17786,1.0,1
s17787,0.657,1
s17788,1.0,1
s17789,0.99,1
s17790,0.993,1
s17791,0.998,1
s17792,0.644,1
s17793,0.982,1
s17794,0.997,1
s17795,1.0,1
s17796,1.0,1
s17797,0.773,1
s17798,1.0,1
s17799,1.0,1
s17800,1.0,1
s17801,0.66,1
s17802,0.732,1
s17803,0.669,1
s17804,0.997,1
s17805,0.71,1
s17806,0.993,1
s17807,0.995,1
s17808,0.981,1
s17809,0.998,1
s17810,0.9990000000000001,1
s17811,1.0,1
s17812,0.752,1
s17813,0.927,1
s17814,0.996,1
s17815,0.757,1
s17816,0.9790000000000001,1
s17817,0.757,1
s17818,0.966,1
s17819,1.0,1
s17820,0.991,1
s17821,0.991,1
s17822,0.991,1
s17823,1.0,1
s17824,1.0,1
s17825,0.976,1
s17826,0.9540000000000001,1
s17827,0.9940000000000001,1
s17828,0.997,1
s17829,0.991,1
s17830,0.938,1
s17831,0.973,1
s17832,0.973,1
s17833,0.997,1
s17834,1.0,1
s17835,0.996,1
s17836,0.938,1
s17837,0.9390000000000001,1
s17838,0.9890000000000001,1
s17839,0.755,1
s17840,0.968,1
s17841,0.978,1
s17842,0.835,1
s17843,0.861,1
s17844,0.996,1
s17845,0.9940000000000001,1
s17846,0.998,1
s17847,0.998,1
s17848,1.0,1
s17849,0.99,1
s17850,1.0,1
s17851,0.997,1
s17852,0.996,1
s17853,0.997,1
s17854,0.997,1
s17855,1.0,1
s17856,0.856,1
s17857,0.621,1
s17858,0.8009999999999999,1
s17859,1.0,1
s17860,0.5710000000000001,1
s17861,1.0,1
s17862,1.0,1
s17863,1.0,1
s17864,1.0,1
s17865,1.0,1
s17866,1.0,1
s17867,1.0,1
s17868,0.6940000000000001,1
s17869,0.7879999999999999,1
s17870,0.992,1
s17871,1.0,1
s17872,1.0,1
s17873,0.818,1
s17874,1.0,1
s17875,0.995,1
s17876,1.0,1
s17877,1.0,1
s17878,0.879,1
s17879,0.693,1
s17880,0.611,1
s17881,1.0,1
s17882,1.0,1
s17883,0.998,1
s17884,0.645,1
s17885,0.743,1
s17886,0.998,1
s17887,1.0,1
s17888,1.0,1
s17889,0.9940000000000001,1
s17890,1.0,1
s17891,0.993,1
s17892,1.0,1
s17893,0.68,1
s17894,0.998,1
s17895,0.996,1
s17896,0.9890000000000001,1
s17897,0.998,1
s17898,0.583,1
s17899,0.996,1
s17900,0.7290000000000001,1
s17901,0.721,1
s17902,0.981,1
s17903,1.0,1
s17904,0.774,1
s17905,0.741,1
s17906,0.993,1
s17907,1.0,1
s17908,1.0,1
s17909,0.972,1
s17910,0.972,1
s17911,0.996,1
s17912,0.938,1
s17913,0.885,1
s17914,1.0,1
s17915,0.997,1
s17916,0.8059999999999999,1
s17917,1.0,1
s17918,1.0,1
s17919,0.992,1
s17920,0.992,1
s17921,0.9279999999999999,1
s17922,0.568,1
s17923,0.6609999999999999,1
s17924,0.758,1
s17925,0.99,1
s17926,0.6990000000000001,1
s17927,0.861,1
s17928,0.8590000000000001,1
s17929,0.861,1
s17930,0.993,1
s17931,0.993,1
s17932,0.565,1
s17933,1.0,1
s17934,1.0,1
s17935,0.6859999999999999,1
s17936,0.99,1
s17937,1.0,1
s17938,0.9890000000000001,1
s17939,1.0,1
s17940,1.0,1
s17941,0.996,1
s17942,0.997,1
s17943,1.0,1
s17944,0.8109999999999999,1
s17945,0.802,1
s17946,0.884,1
s17947,1.0,1
s17948,0.833,1
s17949,0.6559999999999999,1
s17950,1.0,1
s17951,1.0,1
s17952,0.8109999999999999,1
s17953,0.997,1
s17954,1.0,1
s17955,0.997,1
s17956,0.9940000000000001,1
s17957,0.639,1
s17958,1.0,1
s17959,1.0,1
s17960,0.9890000000000001,1
s17961,0.624,1
s17962,1.0,1
s17963,1.0,1
s17964,0.985,1
s17965,0.961,1
s17966,0.72,1
s17967,0.9940000000000001,1
s17968,1.0,1
s17969,0.9940000000000001,1
s17970,1.0,1
s17971,0.71,1
s17972,1.0,1
s17973,1.0,1
s17974,1.0,1
s17975,0.995,1
s17976,1.0,1
s17977,0.995,1
s17978,1.0,1
s17979,0.9940000000000001,1
s17980,0.733,1
s17981,1.0,1
s17982,0.993,1
s17983,0.919,1
s17984,1.0,1
s17985,0.89,1
s17986,0.993,1
s17987,0.997,1
s17988,1.0,1
s17989,0.996,1
s17990,1.0,1
s17991,0.997,1
s17992,0.877,1
s17993,0.997,1
s17994,0.972,1
s17995,1.0,1
s17996,1.0,1
s17997,1.0,1
s17998,0.997,1
s17999,0.993,1
s18000,0.701,1
s18001,0.987,1
s18002,1.0,1
s18003,0.855,1
s18004,0.983,1
s18005,1.0,1
s18006,0.997,1
s18007,1.0,1
s18008,0.789,1
s18009,0.693,1
s18010,1.0,1
s18011,1.0,1
s18012,0.998,1
s18013,0.961,1
s18014,0.892,1
s18015,1.0,1
s18016,0.997,1
s18017,1.0,1
s18018,1.0,1
s18019,1.0,1
s18020,1.0,1
s18021,0.927,1
s18022,0.995,1
s18023,1.0,1
s18024,0.738,1
s18025,0.986,1
s18026,0.991,1
s18027,0.9640000000000001,1
s18028,0.596,1
s18029,0.993,1
s18030,0.878,1
s18031,0.892,1
s18032,0.99,1
s18033,0.996,1
s18034,0.996,1
s18035,0.996,1
s18036,0.996,1
s18037,0.996,1
s18038,0.985,1
s18039,0.604,1
s18040,0.7709999999999999,1
s18041,0.76,1
s18042,0.8540000000000001,1
s18043,0.6729999999999999,1
s18044,0.897,1
s18045,1.0,1
s18046,0.9940000000000001,1
s18047,0.996,1
s18048,0.996,1
s18049,0.9940000000000001,1
s18050,0.606,1
s18051,0.606,1
s18052,1.0,1
s18053,0.841,1
s18054,0.9329999999999999,1
s18055,0.9940000000000001,1
s18056,0.836,1
s18057,0.9329999999999999,1
s18058,0.823,1
s18059,0.991,1
s18060,0.941,1
s18061,0.996,1
s18062,0.996,1
s18063,0.973,1
s18064,0.9590000000000001,1
s18065,0.773,1
s18066,0.773,1
s18067,0.991,1
s18068,1.0,1
s18069,0.9940000000000001,1
s18070,1.0,1
s18071,0.9940000000000001,1
s18072,0.991,1
s18073,1.0,1
s18074,0.9890000000000001,1
s18075,0.847,1
s18076,0.8029999999999999,1
s18077,0.988,1
s18078,0.986,1
s18079,0.937,1
s18080,0.645,1
s18081,0.703,1
s18082,0.997,1
s18083,0.992,1
s18084,0.7240000000000001,1
s18085,1.0,1
s18086,0.426,1
s18087,1.0,1
s18088,0.773,1
s18089,0.685,1
s18090,0.993,1
s18091,1.0,1
s18092,0.6759999999999999,1
s18093,0.919,1
s18094,1.0,1
s18095,0.998,1
s18096,0.7170000000000001,1
s18097,0.993,1
s18098,0.948,1
s18099,0.6579999999999999,1
s18100,0.991,1
s18101,0.636,1
s18102,1.0,1
s18103,1.0,1
s18104,1.0,1
s18105,0.995,1
s18106,0.9890000000000001,1
s18107,0.953,1
s18108,0.997,1
s18109,0.966,1
s18110,1.0,1
s18111,0.995,1
s18112,1.0,1
s18113,0.997,1
s18114,0.993,1
s18115,0.995,1
s18116,0.991,1
s18117,0.99,1
s18118,0.99,1
s18119,0.986,1
s18120,1.0,1
s18121,1.0,1
s18122,0.997,1
s18123,1.0,1
s18124,1.0,1
s18125,1.0,1
s18126,0.8859999999999999,1
s18127,0.62,1
s18128,0.647,1
s18129,0.976,1
s18130,0.7829999999999999,1
s18131,0.996,1
s18132,0.997,1
s18133,1.0,1
s18134,1.0,1
s18135,0.997,1
s18136,0.607,1
s18137,1.0,1
s18138,0.604,1
s18139,0.85,1
s18140,1.0,1
s18141,1.0,1
s18142,0.977,1
s18143,0.997,1
s18144,0.81,1
s18145,0.9470000000000001,1
s18146,0.77,1
s18147,1.0,1
s18148,0.99,1
s18149,1.0,1
s18150,0.611,1
s18151,0.638,1
s18152,0.618,1
s18153,0.995,1
s18154,1.0,1
s18155,0.782,1
s18156,1.0,1
s18157,0.907,1
s18158,0.7609999999999999,1
s18159,0.867,1
s18160,0.976,1
s18161,0.863,1
s18162,0.778,1
s18163,1.0,1
s18164,0.985,1
s18165,0.996,1
s18166,0.986,1
s18167,0.9670000000000001,1
s18168,1.0,1
s18169,0.6970000000000001,1
s18170,0.846,1
s18171,0.875,1
s18172,0.593,1
s18173,0.9590000000000001,1
s18174,0.9790000000000001,1
s18175,0.995,1
s18176,0.981,1
s18177,0.978,1
s18178,0.987,1
s18179,0.987,1
s18180,0.998,1
s18181,0.988,1
s18182,0.995,1
s18183,0.9690000000000001,1
s18184,1.0,1
s18185,0.996,1
s18186,0.986,1
s18187,1.0,1
s18188,0.667,1
s18189,0.6729999999999999,1
s18190,1.0,1
s18191,0.998,1
s18192,0.998,1
s18193,1.0,1
s18194,0.805,1
s18195,0.828,1
s18196,1.0,1
s18197,0.991,1
s18198,0.97,1
s18199,0.946,1
s18200,0.986,1
s18201,1.0,1
s18202,0.762,1
s18203,0.992,1
s18204,1.0,1
s18205,0.7140000000000001,1
s18206,1.0,1
s18207,0.997,1
s18208,0.669,1
s18209,1.0,1
s18210,1.0,1
s18211,0.98,1
s18212,0.794,1
s18213,1.0,1
s18214,1.0,1
s18215,0.986,1
s18216,0.6709999999999999,1
s18217,0.612,1
s18218,0.995,1
s18219,0.9940000000000001,1
s18220,1.0,1
s18221,0.55,1
s18222,0.8590000000000001,1
s18223,0.975,1
s18224,1.0,1
s18225,1.0,1
s18226,0.981,1
s18227,0.774,1
s18228,0.948,1
s18229,0.53,1
s18230,0.996,1
s18231,0.988,1
s18232,0.858,1
s18233,0.825,1
s18234,0.978,1
s18235,0.997,1
s18236,0.995,1
s18237,0.9890000000000001,1
s18238,0.995,1
s18239,1.0,1
s18240,1.0,1
s18241,1.0,1
s18242,0.997,1
s18243,0.665,1
s18244,0.655,1
s18245,0.64,1
s18246,0.662,1
s18247,1.0,1
s18248,0.98,1
s18249,0.985,1
s18250,0.574,1
s18251,1.0,1
s18252,0.91,1
s18253,0.87,1
s18254,0.996,1
s18255,1.0,1
s18256,1.0,1
s18257,1.0,1
s18258,1.0,1
s18259,1.0,1
s18260,1.0,1
s18261,0.632,1
s18262,1.0,1
s18263,0.998,1
s18264,0.9940000000000001,1
s18265,1.0,1
s18266,0.9940000000000001,1
s18267,0.7709999999999999,1
s18268,0.995,1
s18269,1.0,1
s18270,1.0,1
s18271,0.993,1
s18272,0.998,1
s18273,1.0,1
s18274,0.9940000000000001,1
s18275,1.0,1
s18276,0.753,1
s18277,1.0,1
s18278,0.963,1
s18279,0.7929999999999999,1
s18280,0.9690000000000001,1
s18281,1.0,1
s18282,1.0,1
s18283,0.998,1
s18284,0.998,1
s18285,0.634,1
s18286,0.986,1
s18287,0.993,1
s18288,1.0,1
s18289,0.768,1
s18290,0.997,1
s18291,1.0,1
s18292,0.963,1
s18293,0.997,1
s18294,1.0,1
s18295,0.95,1
s18296,0.552,1
s18297,1.0,1
s18298,1.0,1
s18299,1.0,1
s18300,1.0,1
s18301,0.97,1
s18302,0.9940000000000001,1
s18303,1.0,1
s18304,0.988,1
s18305,0.638,1
s18306,1.0,1
s18307,0.973,1
s18308,0.6659999999999999,1
s18309,0.99,1
s18310,1.0,1
s18311,0.89,1
s18312,0.996,1
s18313,1.0,1
s18314,1.0,1
s18315,0.684,1
s18316,0.997,1
s18317,0.8640000000000001,1
s18318,1.0,1
s18319,1.0,1
s18320,0.99,1
s18321,0.462,1
s18322,1.0,1
s18323,1.0,1
s18324,0.97,1
s18325,0.981,1
s18326,1.0,1
s18327,0.995,1
s18328,0.996,1
s18329,1.0,1
s18330,1.0,1
s18331,0.7390000000000001,1
s18332,0.789,1
s18333,0.882,1
s18334,1.0,1
s18335,0.8240000000000001,1
s18336,0.9940000000000001,1
s18337,0.613,1
s18338,0.9940000000000001,1
s18339,0.996,1
s18340,0.636,1
s18341,1.0,1
s18342,0.6,1
s18343,0.805,1
s18344,0.609,1
s18345,0.8009999999999999,1
s18346,0.885,1
s18347,0.971,1
s18348,0.825,1
s18349,1.0,1
s18350,0.919,1
s18351,0.605,1
s18352,0.81,1
s18353,0.9259999999999999,1
s18354,1.0,1
s18355,0.609,1
s18356,0.826,1
s18357,1.0,1
s18358,1.0,1
s18359,0.593,1
s18360,0.9790000000000001,1
s18361,0.976,1
s18362,0.992,1
s18363,0.665,1
s18364,1.0,1
s18365,0.725,1
s18366,0.5770000000000001,1
s18367,0.955,1
s18368,0.574,1
s18369,0.789,1
s18370,0.653,1
s18371,0.996,1
s18372,0.5760000000000001,1
s18373,1.0,1
s18374,1.0,1
s18375,0.7140000000000001,1
s18376,0.589,1
s18377,0.997,1
s18378,0.998,1
s18379,0.998,1
s18380,0.998,1
s18381,1.0,1
s18382,1.0,1
s18383,0.992,1
s18384,1.0,1
s18385,1.0,1
s18386,0.985,1
s18387,1.0,1
s18388,0.992,1
s18389,0.8809999999999999,1
s18390,0.675,1
s18391,1.0,1
s18392,0.9940000000000001,1
s18393,1.0,1
s18394,0.8079999999999999,1
s18395,0.8170000000000001,1
s18396,0.991,1
s18397,0.8170000000000001,1
s18398,0.63,1
s18399,0.77,1
s18400,0.9940000000000001,1
s18401,0.794,1
s18402,0.71,1
s18403,1.0,1
s18404,0.618,1
s18405,0.77,1
s18406,0.68,1
s18407,0.892,1
s18408,0.782,1
s18409,0.903,1
s18410,1.0,1
s18411,0.998,1
s18412,1.0,1
s18413,0.6829999999999999,1
s18414,1.0,1
s18415,0.9159999999999999,1
s18416,1.0,1
s18417,0.983,1
s18418,0.9940000000000001,1
s18419,0.759,1
s18420,0.643,1
s18421,0.941,1
s18422,1.0,1
s18423,1.0,1
s18424,0.997,1
s18425,0.9159999999999999,1
s18426,0.6990000000000001,1
s18427,0.998,1
s18428,0.841,1
s18429,0.998,1
s18430,0.6709999999999999,1
s18431,0.5920000000000001,1
s18432,0.996,1
s18433,0.917,1
s18434,0.878,1
s18435,0.7709999999999999,1
s18436,1.0,1
s18437,0.764,1
s18438,0.574,1
s18439,0.997,1
s18440,1.0,1
s18441,0.619,1
s18442,0.873,1
s18443,0.956,1
s18444,1.0,1
s18445,0.991,1
s18446,1.0,1
s18447,1.0,1
s18448,1.0,1
s18449,1.0,1
s18450,0.996,1
s18451,0.955,1
s18452,1.0,1
s18453,0.988,1
s18454,0.759,1
s18455,0.878,1
s18456,0.996,1
s18457,0.9590000000000001,1
s18458,1.0,1
s18459,0.997,1
s18460,0.938,1
s18461,1.0,1
s18462,0.973,1
s18463,1.0,1
s18464,0.6579999999999999,1
s18465,1.0,1
s18466,1.0,1
s18467,0.85,1
s18468,0.951,1
s18469,0.9440000000000001,1
s18470,0.968,1
s18471,0.992,1
s18472,0.8370000000000001,1
s18473,0.993,1
s18474,1.0,1
s18475,1.0,1
s18476,0.991,1
s18477,0.98,1
s18478,1.0,1
s18479,0.937,1
s18480,1.0,1
s18481,0.977,1
s18482,0.9890000000000001,1
s18483,0.995,1
s18484,1.0,1
s18485,1.0,1
s18486,1.0,1
s18487,1.0,1
s18488,0.5710000000000001,1
s18489,0.633,1
s18490,1.0,1
s18491,0.9840000000000001,1
s18492,0.998,1
s18493,0.732,1
s18494,0.7290000000000001,1
s18495,0.9570000000000001,1
s18496,0.993,1
s18497,1.0,1
s18498,1.0,1
s18499,0.9890000000000001,1
s18500,1.0,1
s18501,0.996,1
s18502,0.996,1
s18503,0.66,1
s18504,0.997,1
s18505,1.0,1
s18506,1.0,1
s18507,1.0,1
s18508,1.0,1
s18509,0.997,1
s18510,1.0,1
s18511,1.0,1
s18512,0.8370000000000001,1
s18513,0.893,1
s18514,0.998,1
s18515,0.998,1
s18516,0.998,1
s18517,1.0,1
s18518,0.935,1
s18519,0.995,1
s18520,0.679,1
s18521,0.68,1
s18522,0.755,1
s18523,1.0,1
s18524,0.684,1
s18525,0.7490000000000001,1
s18526,0.688,1
s18527,0.726,1
s18528,0.992,1
s18529,0.9940000000000001,1
s18530,0.721,1
s18531,0.655,1
s18532,0.6759999999999999,1
s18533,0.637,1
s18534,0.6579999999999999,1
s18535,0.655,1
s18536,0.6759999999999999,1
s18537,0.568,1
s18538,0.868,1
s18539,0.993,1
s18540,1.0,1
s18541,1.0,1
s18542,1.0,1
s18543,0.987,1
s18544,0.584,1
s18545,1.0,1
s18546,0.934,1
s18547,0.708,1
s18548,0.873,1
s18549,1.0,1
s18550,0.53,1
s18551,0.7809999999999999,1
s18552,0.794,1
s18553,0.998,1
s18554,1.0,1
s18555,1.0,1
s18556,1.0,1
s18557,0.972,1
s18558,0.997,1
s18559,0.7070000000000001,1
s18560,1.0,1
s18561,1.0,1
s18562,1.0,1
s18563,1.0,1
s18564,1.0,1
s18565,0.6859999999999999,1
s18566,1.0,1
s18567,1.0,1
s18568,0.8370000000000001,1
s18569,0.732,1
s18570,1.0,1
s18571,0.9329999999999999,1
s18572,0.929,1
s18573,0.9129999999999999,1
s18574,1.0,1
s18575,1.0,1
s18576,1.0,1
s18577,0.7340000000000001,1
s18578,1.0,1
s18579,0.614,1
s18580,0.765,1
s18581,1.0,1
s18582,0.596,1
s18583,1.0,1
s18584,0.614,1
s18585,1.0,1
s18586,0.997,1
s18587,0.612,1
s18588,1.0,1
s18589,0.89,1
s18590,0.932,1
s18591,1.0,1
s18592,1.0,1
s18593,0.53,1
s18594,1.0,1
s18595,0.682,1
s18596,0.687,1
s18597,0.6779999999999999,1
s18598,1.0,1
s18599,0.995,1
s18600,0.9940000000000001,1
s18601,0.9940000000000001,1
s18602,0.9640000000000001,1
s18603,1.0,1
s18604,1.0,1
s18605,1.0,1
s18606,1.0,1
s18607,0.9940000000000001,1
s18608,1.0,1
s18609,0.995,1
s18610,0.995,1
s18611,1.0,1
s18612,0.993,1
s18613,0.6970000000000001,1
s18614,0.596,1
s18615,0.8320000000000001,1
s18616,1.0,1
s18617,0.9840000000000001,1
s18618,1.0,1
s18619,0.981,1
s18620,1.0,1
s18621,0.96,1
s18622,0.998,1
s18623,1.0,1
s18624,0.687,1
s18625,0.99,1
s18626,0.956,1
s18627,0.992,1
s18628,1.0,1
s18629,0.6809999999999999,1
s18630,0.763,1
s18631,0.7390000000000001,1
s18632,0.997,1
s18633,1.0,1
s18634,0.753,1
s18635,0.75,1
s18636,0.996,1
s18637,1.0,1
s18638,1.0,1
s18639,0.682,1
s18640,0.985,1
s18641,0.96,1
s18642,0.983,1
s18643,0.9890000000000001,1
s18644,0.995,1
s18645,1.0,1
s18646,0.9740000000000001,1
s18647,1.0,1
s18648,0.9940000000000001,1
s18649,0.972,1
s18650,0.9620000000000001,1
s18651,0.611,1
s18652,1.0,1
s18653,1.0,1
s18654,0.599,1
s18655,1.0,1
s18656,0.731,1
s18657,1.0,1
s18658,0.997,1
s18659,0.584,1
s18660,0.998,1
s18661,1.0,1
s18662,0.6579999999999999,1
s18663,1.0,1
s18664,0.997,1
s18665,0.995,1
s18666,1.0,1
s18667,1.0,1
s18668,0.993,1
s18669,1.0,1
s18670,0.7490000000000001,1
s18671,0.833,1
s18672,1.0,1
s18673,1.0,1
s18674,0.998,1
s18675,0.919,1
s18676,0.6970000000000001,1
s18677,1.0,1
s18678,1.0,1
s18679,0.7490000000000001,1
s18680,0.867,1
s18681,1.0,1
s18682,1.0,1
s18683,1.0,1
s18684,0.929,1
s18685,0.8109999999999999,1
s18686,0.669,1
s18687,0.99,1
s18688,1.0,1
s18689,0.991,1
s18690,0.6659999999999999,1
s18691,0.935,1
s18692,0.995,1
s18693,0.752,1
s18694,0.991,1
s18695,1.0,1
s18696,0.65,1
s18697,1.0,1
s18698,0.7879999999999999,1
s18699,1.0,1
s18700,0.996,1
s18701,0.997,1
s18702,0.593,1
s18703,1.0,1
s18704,0.685,1
s18705,0.992,1
s18706,0.845,1
s18707,0.905,1
s18708,0.997,1
s18709,0.997,1
s18710,0.986,1
s18711,0.993,1
s18712,1.0,1
s18713,1.0,1
s18714,0.77,1
s18715,0.9520000000000001,1
s18716,1.0,1
s18717,0.997,1
s18718,0.9640000000000001,1
s18719,0.997,1
s18720,0.992,1
s18721,0.996,1
s18722,0.98,1
s18723,1.0,1
s18724,0.6829999999999999,1
s18725,0.773,1
s18726,0.934,1
s18727,0.639,1
s18728,0.75,1
s18729,0.833,1
s18730,0.7090000000000001,1
s18731,0.8590000000000001,1
s18732,0.747,1
s18733,0.7929999999999999,1
s18734,0.736,1
s18735,0.7979999999999999,1
s18736,0.856,1
s18737,0.8320000000000001,1
s18738,0.7240000000000001,1
s18739,0.7559999999999999,1
s18740,0.826,1
s18741,1.0,1
s18742,1.0,1
s18743,0.99,1
s18744,0.883,1
s18745,0.992,1
s18746,1.0,1
s18747,1.0,1
s18748,1.0,1
s18749,1.0,1
s18750,1.0,1
s18751,0.8959999999999999,1
s18752,1.0,1
s18753,1.0,1
s18754,0.988,1
s18755,1.0,1
s18756,0.5920000000000001,1
s18757,0.809,1
s18758,1.0,1
s18759,0.6409999999999999,1
s18760,1.0,1
s18761,0.8690000000000001,1
s18762,1.0,1
s18763,0.9890000000000001,1
s18764,0.99,1
s18765,0.915,1
s18766,0.8740000000000001,1
s18767,0.816,1
s18768,0.9890000000000001,1
s18769,1.0,1
s18770,0.878,1
s18771,0.9740000000000001,1
s18772,0.932,1
s18773,1.0,1
s18774,0.878,1
s18775,1.0,1
s18776,1.0,1
s18777,1.0,1
s18778,1.0,1
s18779,1.0,1
s18780,1.0,1
s18781,1.0,1
s18782,1.0,1
s18783,1.0,1
s18784,0.995,1
s18785,1.0,1
s18786,1.0,1
s18787,0.76,1
s18788,0.986,1
s18789,0.995,1
s18790,1.0,1
s18791,1.0,1
s18792,1.0,1
s18793,1.0,1
s18794,1.0,1
s18795,1.0,1
s18796,1.0,1
s18797,1.0,1
s18798,1.0,1
s18799,1.0,1
s18800,1.0,1
s18801,1.0,1
s18802,1.0,1
s18803,1.0,1
s18804,1.0,1
s18805,1.0,1
s18806,1.0,1
s18807,0.99,1
s18808,0.997,1
s18809,0.746,1
s18810,0.996,1
s18811,1.0,1
s18812,0.997,1
s18813,0.997,1
s18814,1.0,1
s18815,0.64,1
s18816,0.941,1
s18817,0.743,1
s18818,1.0,1
s18819,0.961,1
s18820,1.0,1
s18821,0.732,1
s18822,0.746,1
s18823,0.6859999999999999,1
s18824,0.532,1
s18825,0.804,1
s18826,0.96,1
s18827,0.8540000000000001,1
s18828,0.903,1
s18829,0.9840000000000001,1
s18830,0.721,1
s18831,1.0,1
s18832,0.777,1
s18833,1.0,1
s18834,0.9940000000000001,1
s18835,0.996,1
s18836,0.988,1
s18837,0.9229999999999999,1
s18838,0.909,1
s18839,0.966,1
s18840,0.7879999999999999,1
s18841,0.818,1
s18842,1.0,1
s18843,1.0,1
s18844,1.0,1
s18845,1.0,1
s18846,1.0,1
s18847,1.0,1
s18848,0.993,1
s18849,1.0,1
s18850,0.9940000000000001,1
s18851,0.96,1
s18852,0.998,1
s18853,1.0,1
s18854,1.0,1
s18855,0.556,1
s18856,0.95,1
s18857,0.941,1
s18858,1.0,1
s18859,1.0,1
s18860,0.991,1
s18861,1.0,1
s18862,0.991,1
s18863,1.0,1
s18864,1.0,1
s18865,0.897,1
s18866,1.0,1
s18867,1.0,1
s18868,1.0,1
s18869,1.0,1
s18870,0.639,1
s18871,1.0,1
s18872,1.0,1
s18873,0.9390000000000001,1
s18874,0.9390000000000001,1
s18875,0.9009999999999999,1
s18876,0.618,1
s18877,0.773,1
s18878,0.789,1
s18879,0.934,1
s18880,0.99,1
s18881,1.0,1
s18882,1.0,1
s18883,1.0,1
s18884,0.748,1
s18885,0.932,1
s18886,1.0,1
s18887,0.998,1
s18888,0.993,1
s18889,1.0,1
s18890,1.0,1
s18891,1.0,1
s18892,1.0,1
s18893,1.0,1
s18894,0.8740000000000001,1
s18895,1.0,1
s18896,0.996,1
s18897,0.902,1
s18898,1.0,1
s18899,1.0,1
s18900,1.0,1
s18901,0.996,1
s18902,1.0,1
s18903,0.998,1
s18904,0.8490000000000001,1
s18905,1.0,1
s18906,1.0,1
s18907,0.742,1
s18908,1.0,1
s18909,0.763,1
s18910,0.7,1
s18911,0.763,1
s18912,0.9470000000000001,1
s18913,0.9470000000000001,1
s18914,0.9470000000000001,1
s18915,0.9940000000000001,1
s18916,0.9940000000000001,1
s18917,0.935,1
s18918,0.892,1
s18919,1.0,1
s18920,0.89,1
s18921,0.997,1
s18922,0.998,1
s18923,1.0,1
s18924,0.862,1
s18925,0.997,1
s18926,1.0,1
s18927,1.0,1
s18928,0.997,1
s18929,0.887,1
s18930,0.685,1
s18931,0.632,1
s18932,0.9840000000000001,1
s18933,0.855,1
s18934,1.0,1
s18935,0.706,1
s18936,0.669,1
s18937,0.899,1
s18938,1.0,1
s18939,1.0,1
s18940,0.995,1
s18941,1.0,1
s18942,0.963,1
s18943,0.775,1
s18944,0.963,1
s18945,1.0,1
s18946,0.555,1
s18947,0.995,1
s18948,0.613,1
s18949,1.0,1
s18950,1.0,1
s18951,0.9840000000000001,1
s18952,0.978,1
s18953,1.0,1
s18954,1.0,1
s18955,1.0,1
s18956,1.0,1
s18957,1.0,1
s18958,0.997,1
s18959,0.532,1
s18960,1.0,1
s18961,1.0,1
s18962,0.988,1
s18963,0.9940000000000001,1
s18964,1.0,1
s18965,1.0,1
s18966,1.0,1
s18967,0.951,1
s18968,0.998,1
s18969,0.927,1
s18970,0.925,1
s18971,1.0,1
s18972,0.927,1
s18973,0.927,1
s18974,0.927,1
s18975,0.9229999999999999,1
s18976,0.996,1
s18977,0.6729999999999999,1
s18978,0.731,1
s18979,0.485,1
s18980,0.9940000000000001,1
s18981,0.993,1
s18982,0.941,1
s18983,0.634,1
s18984,0.634,1
s18985,0.9990000000000001,1
s18986,0.6509999999999999,1
s18987,0.9740000000000001,1
s18988,1.0,1
s18989,0.997,1
s18990,0.84,1
s18991,0.544,1
s18992,0.7959999999999999,1
s18993,1.0,1
s18994,1.0,1
s18995,1.0,1
s18996,0.595,1
s18997,1.0,1
s18998,1.0,1
s18999,1.0,1
s19000,0.845,1
s19001,0.968,1
s19002,1.0,1
s19003,0.9690000000000001,1
s19004,1.0,1
s19005,1.0,1
s19006,0.9940000000000001,1
s19007,0.9940000000000001,1
s19008,0.9940000000000001,1
s19009,0.7290000000000001,1
s19010,0.907,1
s19011,0.6829999999999999,1
s19012,0.677,1
s19013,1.0,1
s19014,1.0,1
s19015,0.5820000000000001,1
s19016,1.0,1
s19017,0.753,1
s19018,1.0,1
s19019,1.0,1
s19020,1.0,1
s19021,0.8170000000000001,1
s19022,0.995,1
s19023,0.7190000000000001,1
s19024,0.5479999999999999,1
s19025,1.0,1
s19026,1.0,1
s19027,0.998,1
s19028,0.7859999999999999,1
s19029,0.983,1
s19030,0.997,1
s19031,0.998,1
s19032,1.0,1
s19033,0.863,1
s19034,0.866,1
s19035,0.997,1
s19036,0.9940000000000001,1
s19037,0.563,1
s19038,0.9940000000000001,1
s19039,0.9890000000000001,1
s19040,0.938,1
s19041,0.975,1
s19042,0.8909999999999999,1
s19043,1.0,1
s19044,1.0,1
s19045,1.0,1
s19046,0.997,1
s19047,1.0,1
s19048,1.0,1
s19049,0.976,1
s19050,1.0,1
s19051,1.0,1
s19052,0.789,1
s19053,1.0,1
s19054,1.0,1
s19055,0.985,1
s19056,0.995,1
s19057,0.7829999999999999,1
s19058,0.95,1
s19059,1.0,1
s19060,1.0,1
s19061,0.838,1
s19062,1.0,1
s19063,0.9620000000000001,1
s19064,1.0,1
s19065,0.799,1
s19066,1.0,1
s19067,0.846,1
s19068,0.997,1
s19069,1.0,1
s19070,0.902,1
s19071,0.975,1
s19072,0.92,1
s19073,0.998,1
s19074,0.998,1
s19075,0.998,1
s19076,0.622,1
s19077,0.638,1
s19078,1.0,1
s19079,1.0,1
s19080,0.993,1
s19081,1.0,1
s19082,0.9890000000000001,1
s19083,0.995,1
s19084,0.6659999999999999,1
s19085,0.843,1
s19086,0.643,1
s19087,1.0,1
s19088,0.943,1
s19089,0.943,1
s19090,0.809,1
s19091,0.991,1
s19092,0.983,1
s19093,1.0,1
s19094,0.616,1
s19095,0.748,1
s19096,0.687,1
s19097,0.9309999999999999,1
s19098,1.0,1
s19099,0.9420000000000001,1
s19100,0.8440000000000001,1
s19101,0.73,1
s19102,1.0,1
s19103,0.608,1
s19104,1.0,1
s19105,0.912,1
s19106,1.0,1
s19107,0.9940000000000001,1
s19108,0.96,1
s19109,0.89,1
s19110,1.0,1
s19111,1.0,1
s19112,0.526,1
s19113,0.993,1
s19114,0.998,1
s19115,1.0,1
s19116,0.996,1
s19117,0.992,1
s19118,0.9940000000000001,1
s19119,0.996,1
s19120,0.988,1
s19121,0.997,1
s19122,0.9940000000000001,1
s19123,1.0,1
s19124,0.965,1
s19125,0.605,1
s19126,0.659,1
s19127,0.9890000000000001,1
s19128,0.99,1
s19129,0.8059999999999999,1
s19130,0.996,1
s19131,0.996,1
s19132,0.986,1
s19133,0.9840000000000001,1
s19134,0.99,1
s19135,0.583,1
s19136,0.951,1
s19137,0.6559999999999999,1
s19138,0.938,1
s19139,0.955,1
s19140,0.966,1
s19141,1.0,1
s19142,0.705,1
s19143,0.7240000000000001,1
s19144,1.0,1
s19145,0.991,1
s19146,0.612,1
s19147,0.9790000000000001,1
s19148,0.995,1
s19149,1.0,1
s19150,1.0,1
s19151,1.0,1
s19152,0.826,1
s19153,0.99,1
s19154,0.9940000000000001,1
s19155,1.0,1
s19156,1.0,1
s19157,1.0,1
s19158,1.0,1
s19159,0.643,1
s19160,1.0,1
s19161,1.0,1
s19162,0.991,1
s19163,0.8590000000000001,1
s19164,0.996,1
s19165,0.993,1
s19166,0.991,1
s19167,0.578,1
s19168,0.985,1
s19169,0.985,1
s19170,0.971,1
s19171,1.0,1
s19172,0.998,1
s19173,0.991,1
s19174,0.998,1
s19175,0.995,1
s19176,0.997,1
s19177,1.0,1
s19178,0.632,1
s19179,0.993,1
s19180,0.898,1
s19181,0.904,1
s19182,0.6970000000000001,1
s19183,0.799,1
s19184,0.618,1
s19185,0.636,1
s19186,0.992,1
s19187,0.997,1
s19188,1.0,1
s19189,1.0,1
s19190,0.68,1
s19191,0.93,1
s19192,0.583,1
s19193,1.0,1
s19194,0.583,1
s19195,1.0,1
s19196,0.652,1
s19197,0.99,1
s19198,1.0,1
s19199,0.643,1
s19200,0.996,1
s19201,0.9940000000000001,1
s19202,0.878,1
s19203,0.871,1
s19204,1.0,1
s19205,1.0,1
s19206,0.768,1
s19207,1.0,1
s19208,0.675,1
s19209,1.0,1
s19210,0.97,1
s19211,0.97,1
s19212,1.0,1
s19213,0.9940000000000001,1
s19214,1.0,1
s19215,0.596,1
s19216,0.995,1
s19217,0.995,1
s19218,0.987,1
s19219,0.8290000000000001,1
s19220,1.0,1
s19221,0.8290000000000001,1
s19222,0.9790000000000001,1
s19223,0.982,1
s19224,0.9940000000000001,1
s19225,0.9940000000000001,1
s19226,0.958,1
s19227,0.993,1
s19228,1.0,1
s19229,0.866,1
s19230,0.993,1
s19231,0.7170000000000001,1
s19232,1.0,1
s19233,0.785,1
s19234,1.0,1
s19235,1.0,1
s19236,0.8909999999999999,1
s19237,0.993,1
s19238,1.0,1
s19239,0.961,1
s19240,1.0,1
s19241,1.0,1
s19242,0.996,1
s19243,0.474,1
s19244,0.857,1
s19245,0.902,1
s19246,0.992,1
s19247,0.992,1
s19248,0.883,1
s19249,1.0,1
s19250,0.58,1
s19251,1.0,1
s19252,0.92,1
s19253,1.0,1
s19254,1.0,1
s19255,0.998,1
s19256,0.998,1
s19257,0.998,1
s19258,0.889,1
s19259,0.9940000000000001,1
s19260,1.0,1
s19261,0.9890000000000001,1
s19262,0.78,1
s19263,1.0,1
s19264,1.0,1
s19265,1.0,1
s19266,0.6729999999999999,1
s19267,0.951,1
s19268,0.992,1
s19269,0.987,1
s19270,0.986,1
s19271,0.996,1
s19272,1.0,1
s19273,1.0,1
s19274,0.825,1
s19275,0.818,1
s19276,0.88,1
s19277,0.904,1
s19278,0.818,1
s19279,0.836,1
s19280,0.8390000000000001,1
s19281,1.0,1
s19282,1.0,1
s19283,1.0,1
s19284,1.0,1
s19285,0.9490000000000001,1
s19286,0.825,1
s19287,1.0,1
s19288,0.9890000000000001,1
s19289,0.981,1
s19290,0.517,1
s19291,0.675,1
s19292,0.992,1
s19293,0.996,1
s19294,1.0,1
s19295,0.816,1
s19296,1.0,1
s19297,0.7290000000000001,1
s19298,0.893,1
s19299,0.887,1
s19300,0.745,1
s19301,0.997,1
s19302,0.997,1
s19303,0.997,1
s19304,0.997,1
s19305,1.0,1
s19306,0.9940000000000001,1
s19307,0.772,1
s19308,0.971,1
s19309,0.87,1
s19310,0.995,1
s19311,1.0,1
s19312,1.0,1
s19313,0.8390000000000001,1
s19314,0.9940000000000001,1
s19315,1.0,1
s19316,1.0,1
s19317,1.0,1
s19318,0.8240000000000001,1
s19319,0.5870000000000001,1
s19320,1.0,1
s19321,0.997,1
s19322,0.809,1
s19323,0.997,1
s19324,0.99,1
s19325,0.9940000000000001,1
s19326,1.0,1
s19327,0.8390000000000001,1
s19328,0.861,1
s19329,1.0,1
s19330,0.802,1
s19331,0.867,1
s19332,0.594,1
s19333,0.963,1
s19334,0.996,1
s19335,0.988,1
s19336,0.995,1
s19337,0.598,1
s19338,1.0,1
s19339,0.997,1
s19340,0.738,1
s19341,1.0,1
s19342,0.951,1
s19343,1.0,1
s19344,0.7,1
s19345,1.0,1
s19346,1.0,1
s19347,0.77,1
s19348,1.0,1
s19349,1.0,1
s19350,0.998,1
s19351,0.996,1
s19352,0.985,1
s19353,1.0,1
s19354,0.758,1
s19355,1.0,1
s19356,1.0,1
s19357,1.0,1
s19358,0.996,1
s19359,0.997,1
s19360,0.988,1
s19361,0.904,1
s19362,0.768,1
s19363,0.768,1
s19364,0.898,1
s19365,1.0,1
s19366,0.9940000000000001,1
s19367,0.9940000000000001,1
s19368,0.9940000000000001,1
s19369,0.888,1
s19370,0.938,1
s19371,0.995,1
s19372,1.0,1
s19373,1.0,1
s19374,0.9420000000000001,1
s19375,0.758,1
s19376,0.718,1
s19377,1.0,1
s19378,0.624,1
s19379,1.0,1
s19380,0.6829999999999999,1
s19381,1.0,1
s19382,1.0,1
s19383,1.0,1
s19384,0.695,1
s19385,0.93,1
s19386,0.977,1
s19387,0.599,1
s19388,1.0,1
s19389,0.73,1
s19390,1.0,1
s19391,0.59,1
s19392,1.0,1
s19393,1.0,1
s19394,0.696,1
s19395,0.654,1
s19396,0.833,1
s19397,0.7090000000000001,1
s19398,1.0,1
s19399,0.922,1
s19400,0.861,1
s19401,0.8290000000000001,1
s19402,0.6859999999999999,1
s19403,0.747,1
s19404,1.0,1
s19405,0.8590000000000001,1
s19406,1.0,1
s19407,1.0,1
s19408,0.852,1
s19409,0.929,1
s19410,1.0,1
s19411,0.987,1
s19412,1.0,1
s19413,1.0,1
s19414,0.996,1
s19415,0.7959999999999999,1
s19416,0.941,1
s19417,0.9440000000000001,1
s19418,0.8420000000000001,1
s19419,0.995,1
s19420,0.857,1
s19421,0.991,1
s19422,0.996,1
s19423,0.99,1
s19424,0.941,1
s19425,1.0,1
s19426,1.0,1
s19427,0.995,1
s19428,0.779,1
s19429,0.997,1
s19430,1.0,1
s19431,0.8590000000000001,1
s19432,1.0,1
s19433,1.0,1
s19434,0.8440000000000001,1
s19435,0.997,1
s19436,0.997,1
s19437,0.997,1
s19438,0.997,1
s19439,1.0,1
s19440,0.993,1
s19441,1.0,1
s19442,0.873,1
s19443,1.0,1
s19444,1.0,1
s19445,0.973,1
s19446,1.0,1
s19447,0.927,1
s19448,0.988,1
s19449,0.737,1
s19450,1.0,1
s19451,0.5710000000000001,1
s19452,0.674,1
s19453,1.0,1
s19454,0.976,1
s19455,0.976,1
s19456,0.7390000000000001,1
s19457,0.75,1
s19458,0.991,1
s19459,0.7929999999999999,1
s19460,0.73,1
s19461,0.716,1
s19462,1.0,1
s19463,0.716,1
s19464,0.99,1
s19465,0.987,1
s19466,0.6890000000000001,1
s19467,0.993,1
s19468,1.0,1
s19469,0.922,1
s19470,1.0,1
s19471,0.732,1
s19472,0.6579999999999999,1
s19473,0.721,1
s19474,0.653,1
s19475,0.6609999999999999,1
s19476,1.0,1
s19477,0.9890000000000001,1
s19478,0.9129999999999999,1
s19479,0.992,1
s19480,0.624,1
s19481,1.0,1
s19482,1.0,1
s19483,0.996,1
s19484,0.732,1
s19485,0.993,1
s19486,1.0,1
s19487,0.995,1
s19488,1.0,1
s19489,1.0,1
s19490,0.747,1
s19491,0.81,1
s19492,0.997,1
s19493,0.556,1
s19494,1.0,1
s19495,1.0,1
s19496,1.0,1
s19497,0.985,1
s19498,1.0,1
s19499,0.996,1
s19500,0.9940000000000001,1
s19501,0.991,1
s19502,0.996,1
s19503,0.996,1
s19504,0.991,1
s19505,0.996,1
s19506,0.996,1
s19507,0.841,1
s19508,1.0,1
s19509,0.97,1
s19510,0.993,1
s19511,1.0,1
s19512,1.0,1
s19513,0.975,1
s19514,0.991,1
s19515,0.991,1
s19516,0.982,1
s19517,0.991,1
s19518,0.9840000000000001,1
s19519,0.991,1
s19520,0.991,1
s19521,0.991,1
s19522,0.991,1
s19523,0.997,1
s19524,0.99,1
s19525,0.987,1
s19526,0.713,1
s19527,0.6940000000000001,1
s19528,0.799,1
s19529,0.997,1
s19530,0.565,1
s19531,1.0,1
s19532,0.598,1
s19533,1.0,1
s19534,1.0,1
s19535,1.0,1
s19536,1.0,1
s19537,1.0,1
s19538,0.7070000000000001,1
s19539,0.993,1
s19540,0.998,1
s19541,0.998,1
s19542,0.993,1
s19543,0.684,1
s19544,0.995,1
s19545,1.0,1
s19546,1.0,1
s19547,0.5920000000000001,1
s19548,0.998,1
s19549,0.7090000000000001,1
s19550,0.722,1
s19551,0.996,1
s19552,1.0,1
s19553,0.647,1
s19554,1.0,1
s19555,0.99,1
s19556,0.996,1
s19557,1.0,1
s19558,1.0,1
s19559,0.607,1
s19560,0.991,1
s19561,0.991,1
s19562,1.0,1
s19563,1.0,1
s19564,1.0,1
s19565,1.0,1
s19566,1.0,1
s19567,1.0,1
s19568,0.9440000000000001,1
s19569,0.564,1
s19570,0.5920000000000001,1
s19571,0.9059999999999999,1
s19572,0.743,1
s19573,0.995,1
s19574,0.7809999999999999,1
s19575,0.614,1
s19576,0.98,1
s19577,0.997,1
s19578,0.805,1
s19579,0.857,1
s19580,0.998,1
s19581,1.0,1
s19582,1.0,1
s19583,0.998,1
s19584,1.0,1
s19585,0.985,1
s19586,0.8440000000000001,1
s19587,0.9309999999999999,1
s19588,0.934,1
s19589,0.706,1
s19590,0.9259999999999999,1
s19591,1.0,1
s19592,0.5329999999999999,1
s19593,1.0,1
s19594,0.7290000000000001,1
s19595,1.0,1
s19596,1.0,1
s19597,0.932,1
s19598,0.958,1
s19599,0.9940000000000001,1
s19600,0.997,1
s19601,0.652,1
s19602,0.8270000000000001,1
s19603,0.5720000000000001,1
s19604,0.498,1
s19605,0.998,1
s19606,0.963,1
s19607,0.6759999999999999,1
s19608,0.9940000000000001,1
s19609,0.735,1
s19610,0.732,1
s19611,0.732,1
s19612,1.0,1
s19613,1.0,1
s19614,0.971,1
s19615,0.9990000000000001,1
s19616,0.654,1
s19617,1.0,1
s19618,0.985,1
s19619,0.758,1
s19620,0.987,1
s19621,0.991,1
s19622,0.988,1
s19623,0.9990000000000001,1
s19624,0.997,1
s19625,0.627,1
s19626,0.993,1
s19627,0.9640000000000001,1
s19628,0.7090000000000001,1
s19629,1.0,1
s19630,0.831,1
s19631,0.677,1
s19632,1.0,1
s19633,0.963,1
s19634,1.0,1
s19635,0.624,1
s19636,1.0,1
s19637,0.963,1
s19638,0.909,1
s19639,0.915,1
s19640,0.909,1
s19641,0.91,1
s19642,1.0,1
s19643,0.764,1
s19644,0.998,1
s19645,0.996,1
s19646,0.787,1
s19647,0.81,1
s19648,0.773,1
s19649,0.611,1
s19650,0.723,1
s19651,0.595,1
s19652,1.0,1
s19653,1.0,1
s19654,0.998,1
s19655,0.927,1
s19656,0.995,1
s19657,0.5539999999999999,1
s19658,1.0,1
s19659,0.64,1
s19660,0.995,1
s19661,1.0,1
s19662,1.0,1
s19663,1.0,1
s19664,1.0,1
s19665,0.7070000000000001,1
s19666,0.987,1
s19667,0.9540000000000001,1
s19668,0.987,1
s19669,1.0,1
s19670,0.9470000000000001,1
s19671,0.82,1
s19672,0.98,1
s19673,0.986,1
s19674,0.996,1
s19675,0.996,1
s19676,1.0,1
s19677,0.779,1
s19678,0.935,1
s19679,0.998,1
s19680,0.76,1
s19681,0.991,1
s19682,0.991,1
s19683,0.767,1
s19684,1.0,1
s19685,1.0,1
s19686,1.0,1
s19687,1.0,1
s19688,1.0,1
s19689,0.948,1
s19690,0.992,1
s19691,0.584,1
s19692,1.0,1
s19693,0.8540000000000001,1
s19694,0.993,1
s19695,1.0,1
s19696,0.596,1
s19697,0.83,1
s19698,0.6729999999999999,1
s19699,0.631,1
s19700,1.0,1
s19701,0.715,1
s19702,1.0,1
s19703,0.82,1
s19704,0.919,1
s19705,0.998,1
s19706,0.987,1
s19707,0.995,1
s19708,0.669,1
s19709,1.0,1
s19710,0.768,1
s19711,1.0,1
s19712,0.997,1
s19713,0.8490000000000001,1
s19714,0.983,1
s19715,0.6679999999999999,1
s19716,1.0,1
s19717,0.769,1
s19718,0.968,1
s19719,0.9890000000000001,1
s19720,0.961,1
s19721,0.996,1
s19722,0.996,1
s19723,0.988,1
s19724,0.9990000000000001,1
s19725,1.0,1
s19726,0.997,1
s19727,0.997,1
s19728,0.991,1
s19729,0.769,1
s19730,1.0,1
s19731,0.75,1
s19732,1.0,1
s19733,0.8340000000000001,1
s19734,0.618,1
s19735,0.696,1
s19736,0.759,1
s19737,0.713,1
s19738,1.0,1
s19739,0.993,1
s19740,0.674,1
s19741,0.767,1
s19742,0.99,1
s19743,0.98,1
s19744,0.9390000000000001,1
s19745,1.0,1
s19746,1.0,1
s19747,1.0,1
s19748,0.932,1
s19749,1.0,1
s19750,0.996,1
s19751,0.955,1
s19752,0.784,1
s19753,0.852,1
s19754,0.9840000000000001,1
s19755,0.982,1
s19756,0.784,1
s19757,0.784,1
s19758,0.7759999999999999,1
s19759,0.852,1
s19760,0.6509999999999999,1
s19761,0.83,1
s19762,0.83,1
s19763,0.9109999999999999,1
s19764,0.7959999999999999,1
s19765,1.0,1
s19766,0.6679999999999999,1
s19767,1.0,1
s19768,1.0,1
s19769,0.7090000000000001,1
s19770,0.992,1
s19771,1.0,1
s19772,0.616,1
s19773,1.0,1
s19774,0.943,1
s19775,0.987,1
s19776,0.49200000000000005,1
s19777,0.997,1
s19778,0.997,1
s19779,0.6890000000000001,1
s19780,0.992,1
s19781,0.599,1
s19782,0.9940000000000001,1
s19783,0.987,1
s19784,0.981,1
s19785,0.815,1
s19786,0.987,1
s19787,0.992,1
s19788,0.958,1
s19789,0.958,1
s19790,0.961,1
s19791,0.8270000000000001,1
s19792,0.7490000000000001,1
s19793,0.997,1
s19794,1.0,1
s19795,1.0,1
s19796,0.998,1
s19797,0.909,1
s19798,0.892,1
s19799,1.0,1
s19800,0.996,1
s19801,0.996,1
s19802,1.0,1
s19803,0.997,1
s19804,0.997,1
s19805,0.907,1
s19806,0.871,1
s19807,0.616,1
s19808,0.836,1
s19809,1.0,1
s19810,1.0,1
s19811,1.0,1
s19812,0.998,1
s19813,0.997,1
s19814,1.0,1
s19815,1.0,1
s19816,0.977,1
s19817,0.91,1
s19818,1.0,1
s19819,1.0,1
s19820,1.0,1
s19821,1.0,1
s19822,0.8290000000000001,1
s19823,0.99,1
s19824,0.99,1
s19825,0.998,1
s19826,0.802,1
s19827,0.846,1
s19828,0.998,1
s19829,0.992,1
s19830,0.826,1
s19831,0.995,1
s19832,1.0,1
s19833,0.838,1
s19834,0.741,1
s19835,0.8029999999999999,1
s19836,0.9490000000000001,1
s19837,1.0,1
s19838,1.0,1
s19839,1.0,1
s19840,0.981,1
s19841,0.993,1
s19842,0.653,1
s19843,0.982,1
s19844,0.929,1
s19845,0.564,1
s19846,1.0,1
s19847,0.885,1
s19848,0.8109999999999999,1
s19849,0.872,1
s19850,1.0,1
s19851,0.72,1
s19852,1.0,1
s19853,1.0,1
s19854,0.996,1
s19855,0.99,1
s19856,0.998,1
s19857,1.0,1
s19858,0.998,1
s19859,0.7340000000000001,1
s19860,0.977,1
s19861,0.997,1
s19862,0.992,1
s19863,0.617,1
s19864,1.0,1
s19865,1.0,1
s19866,1.0,1
s19867,0.996,1
s19868,1.0,1
s19869,0.852,1
s19870,0.991,1
s19871,0.985,1
s19872,0.903,1
s19873,1.0,1
s19874,0.977,1
s19875,0.648,1
s19876,0.721,1
s19877,0.6459999999999999,1
s19878,0.763,1
s19879,0.609,1
s19880,1.0,1
s19881,0.573,1
s19882,0.696,1
s19883,0.992,1
s19884,0.992,1
s19885,0.667,1
s19886,0.701,1
s19887,0.752,1
s19888,0.855,1
s19889,0.99,1
s19890,0.622,1
s19891,1.0,1
s19892,0.6629999999999999,1
s19893,0.7490000000000001,1
s19894,0.993,1
s19895,1.0,1
s19896,0.588,1
s19897,0.987,1
s19898,0.643,1
s19899,1.0,1
s19900,1.0,1
s19901,0.998,1
s19902,0.7440000000000001,1
s19903,1.0,1
s19904,1.0,1
s19905,1.0,1
s19906,1.0,1
s19907,0.9840000000000001,1
s19908,1.0,1
s19909,1.0,1
s19910,1.0,1
s19911,0.919,1
s19912,0.997,1
s19913,0.993,1
s19914,1.0,1
s19915,0.8340000000000001,1
s19916,1.0,1
s19917,1.0,1
s19918,0.993,1
s19919,1.0,1
s19920,0.958,1
s19921,1.0,1
s19922,0.9640000000000001,1
s19923,0.9640000000000001,1
s19924,0.9640000000000001,1
s19925,0.997,1
s19926,1.0,1
s19927,0.7879999999999999,1
s19928,0.992,1
s19929,0.988,1
s19930,0.752,1
s19931,0.89,1
s19932,1.0,1
s19933,0.953,1
s19934,0.595,1
s19935,0.97,1
s19936,0.82,1
s19937,0.684,1
s19938,1.0,1
s19939,1.0,1
s19940,0.985,1
s19941,0.866,1
s19942,1.0,1
s19943,0.997,1
s19944,0.997,1
s19945,0.997,1
s19946,0.997,1
s19947,0.998,1
s19948,1.0,1
s19949,0.919,1
s19950,0.992,1
s19951,0.7440000000000001,1
s19952,1.0,1
s19953,0.919,1
s19954,0.856,1
s19955,0.996,1
s19956,0.669,1
s19957,0.976,1
s19958,0.9940000000000001,1
s19959,0.938,1
s19960,1.0,1
s19961,0.98,1
s19962,0.902,1
s19963,0.996,1
s19964,0.64,1
s19965,0.664,1
s19966,0.6609999999999999,1
s19967,1.0,1
s19968,0.9940000000000001,1
s19969,0.7759999999999999,1
s19970,0.659,1
s19971,0.659,1
s19972,1.0,1
s19973,1.0,1
s19974,1.0,1
s19975,1.0,1
s19976,1.0,1
s19977,1.0,1
s19978,0.8590000000000001,1
s19979,0.997,1
s19980,0.568,1
s19981,0.998,1
s19982,0.9840000000000001,1
s19983,0.992,1
s19984,0.993,1
s19985,0.9890000000000001,1
s19986,0.996,1
s19987,0.9840000000000001,1
s19988,0.998,1
s19989,0.588,1
s19990,1.0,1
s19991,0.7120000000000001,1
s19992,1.0,1
s19993,0.986,1
s19994,0.992,1
s19995,0.977,1
s19996,0.983,1
s19997,0.7,1
s19998,0.7659999999999999,1
s19999,0.752,1
s20000,0.752,1
s20001,0.757,1
s20002,0.884,1
s20003,0.821,1
s20004,0.8640000000000001,1
s20005,0.823,1
s20006,0.866,1
s20007,0.649,1
s20008,1.0,1
s20009,1.0,1
s20010,1.0,1
s20011,0.997,1
s20012,0.812,1
s20013,0.976,1
s20014,0.997,1
s20015,0.8370000000000001,1
s20016,0.657,1
s20017,1.0,1
s20018,0.998,1
s20019,0.988,1
s20020,0.628,1
s20021,0.9570000000000001,1
s20022,0.943,1
s20023,1.0,1
s20024,1.0,1
s20025,1.0,1
s20026,1.0,1
s20027,0.88,1
s20028,0.741,1
s20029,0.56,1
s20030,0.7,1
s20031,0.998,1
s20032,0.996,1
s20033,1.0,1
s20034,1.0,1
s20035,1.0,1
s20036,0.638,1
s20037,0.997,1
s20038,1.0,1
s20039,0.997,1
s20040,0.997,1
s20041,1.0,1
s20042,1.0,1
s20043,1.0,1
s20044,1.0,1
s20045,0.992,1
s20046,0.981,1
s20047,0.5429999999999999,1
s20048,1.0,1
s20049,0.657,1
s20050,0.9940000000000001,1
s20051,0.7559999999999999,1
s20052,1.0,1
s20053,0.987,1
s20054,0.996,1
s20055,1.0,1
s20056,0.9840000000000001,1
s20057,0.997,1
s20058,1.0,1
s20059,0.6609999999999999,1
s20060,0.9209999999999999,1
s20061,0.927,1
s20062,0.9940000000000001,1
s20063,0.649,1
s20064,0.6859999999999999,1
s20065,0.573,1
s20066,0.765,1
s20067,1.0,1
s20068,0.997,1
s20069,0.996,1
s20070,0.574,1
s20071,0.478,1
s20072,1.0,1
s20073,0.7240000000000001,1
s20074,1.0,1
s20075,0.998,1
s20076,0.934,1
s20077,0.748,1
s20078,0.655,1
s20079,0.991,1
s20080,1.0,1
s20081,0.96,1
s20082,0.9890000000000001,1
s20083,1.0,1
s20084,0.975,1
s20085,0.6709999999999999,1
s20086,1.0,1
s20087,0.9570000000000001,1
s20088,0.807,1
s20089,0.789,1
s20090,0.848,1
s20091,0.5760000000000001,1
s20092,0.983,1
s20093,0.98,1
s20094,1.0,1
s20095,0.961,1
s20096,0.961,1
s20097,0.736,1
s20098,1.0,1
s20099,0.982,1
s20100,1.0,1
s20101,0.6809999999999999,1
s20102,0.919,1
s20103,0.57,1
s20104,1.0,1
s20105,1.0,1
s20106,1.0,1
s20107,1.0,1
s20108,0.795,1
s20109,0.795,1
s20110,0.996,1
s20111,0.845,1
s20112,0.993,1
s20113,1.0,1
s20114,1.0,1
s20115,1.0,1
s20116,1.0,1
s20117,0.995,1
s20118,1.0,1
s20119,1.0,1
s20120,0.997,1
s20121,0.995,1
s20122,0.919,1
s20123,0.89,1
s20124,1.0,1
s20125,0.762,1
s20126,0.759,1
s20127,0.997,1
s20128,0.997,1
s20129,1.0,1
s20130,0.693,1
s20131,0.765,1
s20132,0.763,1
s20133,0.708,1
s20134,0.731,1
s20135,0.993,1
s20136,0.993,1
s20137,1.0,1
s20138,0.8909999999999999,1
s20139,0.703,1
s20140,0.765,1
s20141,0.9840000000000001,1
s20142,0.992,1
s20143,1.0,1
s20144,1.0,1
s20145,0.997,1
s20146,0.919,1
s20147,1.0,1
s20148,0.619,1
s20149,0.63,1
s20150,0.997,1
s20151,0.753,1
s20152,1.0,1
s20153,1.0,1
s20154,0.828,1
s20155,0.615,1
s20156,0.997,1
s20157,0.991,1
s20158,0.997,1
s20159,0.997,1
s20160,0.982,1
s20161,0.574,1
s20162,0.7170000000000001,1
s20163,0.87,1
s20164,0.996,1
s20165,1.0,1
s20166,1.0,1
s20167,0.893,1
s20168,0.9940000000000001,1
s20169,0.997,1
s20170,0.9940000000000001,1
s20171,0.9940000000000001,1
s20172,0.9940000000000001,1
s20173,0.991,1
s20174,0.991,1
s20175,1.0,1
s20176,0.693,1
s20177,1.0,1
s20178,0.992,1
s20179,0.6509999999999999,1
s20180,0.684,1
s20181,0.684,1
s20182,0.684,1
s20183,0.684,1
s20184,1.0,1
s20185,0.9209999999999999,1
s20186,0.9570000000000001,1
s20187,0.996,1
s20188,1.0,1
s20189,0.9940000000000001,1
s20190,0.997,1
s20191,1.0,1
s20192,0.9079999999999999,1
s20193,0.9940000000000001,1
s20194,0.882,1
s20195,0.701,1
s20196,1.0,1
s20197,0.614,1
s20198,1.0,1
s20199,1.0,1
s20200,1.0,1
s20201,0.552,1
s20202,0.84,1
s20203,1.0,1
s20204,1.0,1
s20205,0.986,1
s20206,1.0,1
s20207,0.991,1
s20208,0.759,1
s20209,0.992,1
s20210,1.0,1
s20211,1.0,1
s20212,0.802,1
s20213,0.9890000000000001,1
s20214,0.993,1
s20215,0.985,1
s20216,0.61,1
s20217,0.8170000000000001,1
s20218,1.0,1
s20219,1.0,1
s20220,0.997,1
s20221,0.997,1
s20222,0.6729999999999999,1
s20223,1.0,1
s20224,0.7170000000000001,1
s20225,0.953,1
s20226,1.0,1
s20227,1.0,1
s20228,0.997,1
s20229,1.0,1
s20230,0.884,1
s20231,0.993,1
s20232,0.945,1
s20233,0.9840000000000001,1
s20234,0.565,1
s20235,0.885,1
s20236,0.991,1
s20237,0.912,1
s20238,0.9620000000000001,1
s20239,1.0,1
s20240,1.0,1
s20241,0.737,1
s20242,0.937,1
s20243,0.9990000000000001,1
s20244,0.99,1
s20245,0.696,1
s20246,0.993,1
s20247,1.0,1
s20248,0.8640000000000001,1
s20249,0.99,1
s20250,0.976,1
s20251,0.6809999999999999,1
s20252,0.74,1
s20253,0.7509999999999999,1
s20254,0.9279999999999999,1
s20255,0.76,1
s20256,0.7559999999999999,1
s20257,0.7559999999999999,1
s20258,0.85,1
s20259,1.0,1
s20260,1.0,1
s20261,1.0,1
s20262,0.996,1
s20263,1.0,1
s20264,0.7859999999999999,1
s20265,1.0,1
s20266,0.9940000000000001,1
s20267,0.996,1
s20268,0.99,1
s20269,0.996,1
s20270,1.0,1
s20271,1.0,1
s20272,0.976,1
s20273,0.998,1
s20274,0.998,1
s20275,0.934,1
s20276,1.0,1
s20277,0.632,1
s20278,0.99,1
s20279,0.9640000000000001,1
s20280,0.8140000000000001,1
s20281,0.575,1
s20282,0.526,1
s20283,0.602,1
s20284,1.0,1
s20285,1.0,1
s20286,0.89,1
s20287,0.89,1
s20288,1.0,1
s20289,0.685,1
s20290,1.0,1
s20291,0.7090000000000001,1
s20292,0.996,1
s20293,1.0,1
s20294,1.0,1
s20295,0.9940000000000001,1
s20296,1.0,1
s20297,0.986,1
s20298,1.0,1
s20299,0.722,1
s20300,1.0,1
s20301,0.605,1
s20302,1.0,1
s20303,0.94,1
s20304,1.0,1
s20305,1.0,1
s20306,0.991,1
s20307,0.96,1
s20308,0.884,1
s20309,0.581,1
s20310,0.542,1
s20311,0.563,1
s20312,0.542,1
s20313,1.0,1
s20314,0.79,1
s20315,0.836,1
s20316,0.997,1
s20317,0.823,1
s20318,1.0,1
s20319,0.865,1
s20320,0.636,1
s20321,0.991,1
s20322,1.0,1
s20323,0.997,1
s20324,0.6890000000000001,1
s20325,1.0,1
s20326,0.995,1
s20327,1.0,1
s20328,1.0,1
s20329,0.893,1
s20330,0.797,1
s20331,0.9129999999999999,1
s20332,0.7440000000000001,1
s20333,0.995,1
s20334,1.0,1
s20335,0.8,1
s20336,0.981,1
s20337,1.0,1
s20338,1.0,1
s20339,0.639,1
s20340,0.615,1
s20341,0.8640000000000001,1
s20342,0.674,1
s20343,1.0,1
s20344,0.9079999999999999,1
s20345,0.602,1
s20346,0.61,1
s20347,0.598,1
s20348,0.47600000000000003,1
s20349,0.602,1
s20350,0.598,1
s20351,0.598,1
s20352,0.998,1
s20353,0.701,1
s20354,0.998,1
s20355,0.991,1
s20356,1.0,1
s20357,0.919,1
s20358,0.9940000000000001,1
s20359,0.9890000000000001,1
s20360,1.0,1
s20361,1.0,1
s20362,0.9890000000000001,1
s20363,0.7120000000000001,1
s20364,1.0,1
s20365,0.7120000000000001,1
s20366,0.968,1
s20367,1.0,1
s20368,0.938,1
s20369,0.981,1
s20370,0.993,1
s20371,0.996,1
s20372,1.0,1
s20373,0.996,1
s20374,0.996,1
s20375,0.71,1
s20376,0.9109999999999999,1
s20377,0.904,1
s20378,0.998,1
s20379,0.9420000000000001,1
s20380,0.991,1
s20381,0.628,1
s20382,0.7979999999999999,1
s20383,1.0,1
s20384,1.0,1
s20385,0.478,1
s20386,0.579,1
s20387,0.971,1
s20388,0.8079999999999999,1
s20389,1.0,1
s20390,0.986,1
s20391,1.0,1
s20392,1.0,1
s20393,1.0,1
s20394,0.996,1
s20395,0.782,1
s20396,0.778,1
s20397,0.778,1
s20398,0.778,1
s20399,0.778,1
s20400,1.0,1
s20401,0.919,1
s20402,0.996,1
s20403,0.882,1
s20404,0.613,1
s20405,0.9940000000000001,1
s20406,0.938,1
s20407,0.934,1
s20408,0.9259999999999999,1
s20409,0.93,1
s20410,0.977,1
s20411,0.919,1
s20412,1.0,1
s20413,0.919,1
s20414,0.972,1
s20415,1.0,1
s20416,0.919,1
s20417,0.919,1
s20418,1.0,1
s20419,0.879,1
s20420,0.982,1
s20421,0.8640000000000001,1
s20422,0.8640000000000001,1
s20423,0.92,1
s20424,1.0,1
s20425,0.935,1
s20426,1.0,1
s20427,0.7709999999999999,1
s20428,1.0,1
s20429,1.0,1
s20430,0.716,1
s20431,0.6679999999999999,1
s20432,1.0,1
s20433,1.0,1
s20434,0.993,1
s20435,1.0,1
s20436,1.0,1
s20437,0.9940000000000001,1
s20438,1.0,1
s20439,0.998,1
s20440,1.0,1
s20441,0.998,1
s20442,0.7290000000000001,1
s20443,1.0,1
s20444,0.953,1
s20445,0.8270000000000001,1
s20446,0.988,1
s20447,0.723,1
s20448,0.991,1
s20449,0.9670000000000001,1
s20450,0.725,1
s20451,0.833,1
s20452,0.885,1
s20453,0.727,1
s20454,1.0,1
s20455,1.0,1
s20456,1.0,1
s20457,0.8320000000000001,1
s20458,0.997,1
s20459,1.0,1
s20460,0.995,1
s20461,0.8590000000000001,1
s20462,1.0,1
s20463,1.0,1
s20464,0.799,1
s20465,0.997,1
s20466,1.0,1
s20467,1.0,1
s20468,1.0,1
s20469,0.784,1
s20470,0.9840000000000001,1
s20471,0.7340000000000001,1
s20472,0.6679999999999999,1
s20473,0.987,1
s20474,0.581,1
s20475,0.992,1
s20476,1.0,1
s20477,0.858,1
s20478,0.92,1
s20479,0.995,1
s20480,1.0,1
s20481,0.9890000000000001,1
s20482,1.0,1
s20483,0.993,1
s20484,0.998,1
s20485,0.998,1
s20486,0.998,1
s20487,0.92,1
s20488,1.0,1
s20489,0.9109999999999999,1
s20490,0.8420000000000001,1
s20491,0.746,1
s20492,0.9309999999999999,1
s20493,0.903,1
s20494,1.0,1
s20495,1.0,1
s20496,0.895,1
s20497,0.889,1
s20498,1.0,1
s20499,0.986,1
s20500,1.0,1
s20501,0.6679999999999999,1
s20502,0.995,1
s20503,0.995,1
s20504,0.809,1
s20505,0.919,1
s20506,1.0,1
s20507,1.0,1
s20508,0.6920000000000001,1
s20509,0.997,1
s20510,1.0,1
s20511,0.996,1
s20512,0.996,1
s20513,0.9520000000000001,1
s20514,0.993,1
s20515,0.9840000000000001,1
s20516,0.763,1
s20517,0.679,1
s20518,0.789,1
s20519,0.856,1
s20520,0.9279999999999999,1
s20521,0.982,1
s20522,0.743,1
s20523,0.657,1
s20524,1.0,1
s20525,1.0,1
s20526,0.706,1
s20527,0.7340000000000001,1
s20528,0.993,1
s20529,0.67,1
s20530,0.8270000000000001,1
s20531,0.8759999999999999,1
s20532,0.97,1
s20533,0.855,1
s20534,1.0,1
s20535,0.995,1
s20536,0.9940000000000001,1
s20537,1.0,1
s20538,0.992,1
s20539,1.0,1
s20540,1.0,1
s20541,0.93,1
s20542,0.746,1
s20543,0.991,1
s20544,0.7979999999999999,1
s20545,0.992,1
s20546,0.9840000000000001,1
s20547,1.0,1
s20548,0.998,1
s20549,1.0,1
s20550,1.0,1
s20551,0.79,1
s20552,0.91,1
s20553,1.0,1
s20554,0.997,1
s20555,0.7120000000000001,1
s20556,1.0,1
s20557,0.995,1
s20558,1.0,1
s20559,1.0,1
s20560,0.7709999999999999,1
s20561,0.8440000000000001,1
s20562,0.85,1
s20563,0.997,1
s20564,1.0,1
s20565,1.0,1
s20566,0.742,1
s20567,0.996,1
s20568,1.0,1
s20569,1.0,1
s20570,0.998,1
s20571,0.998,1
s20572,0.7609999999999999,1
s20573,0.687,1
s20574,1.0,1
s20575,0.988,1
s20576,1.0,1
s20577,1.0,1
s20578,0.997,1
s20579,1.0,1
s20580,0.838,1
s20581,1.0,1
s20582,1.0,1
s20583,0.6829999999999999,1
s20584,1.0,1
s20585,1.0,1
s20586,1.0,1
s20587,0.992,1
s20588,0.894,1
s20589,0.603,1
s20590,0.945,1
s20591,0.973,1
s20592,0.995,1
s20593,1.0,1
s20594,0.645,1
s20595,0.99,1
s20596,1.0,1
s20597,0.912,1
s20598,0.9890000000000001,1
s20599,0.691,1
s20600,0.745,1
s20601,0.649,1
s20602,0.7759999999999999,1
s20603,0.995,1
s20604,1.0,1
s20605,0.909,1
s20606,1.0,1
s20607,0.599,1
s20608,0.9740000000000001,1
s20609,0.721,1
s20610,0.992,1
s20611,1.0,1
s20612,1.0,1
s20613,0.802,1
s20614,0.9129999999999999,1
s20615,1.0,1
s20616,0.973,1
s20617,0.972,1
s20618,0.966,1
s20619,1.0,1
s20620,1.0,1
s20621,1.0,1
s20622,0.996,1
s20623,0.596,1
s20624,0.991,1
s20625,1.0,1
s20626,0.736,1
s20627,0.9790000000000001,1
s20628,1.0,1
s20629,0.89,1
s20630,0.885,1
s20631,1.0,1
s20632,0.8340000000000001,1
s20633,1.0,1
s20634,0.882,1
s20635,0.597,1
s20636,0.997,1
s20637,1.0,1
s20638,0.664,1
s20639,1.0,1
s20640,0.596,1
s20641,1.0,1
s20642,1.0,1
s20643,0.9670000000000001,1
s20644,1.0,1
s20645,0.7559999999999999,1
s20646,0.91,1
s20647,0.7490000000000001,1
s20648,1.0,1
s20649,0.5329999999999999,1
s20650,0.6679999999999999,1
s20651,1.0,1
s20652,1.0,1
s20653,1.0,1
s20654,0.499,1
s20655,0.99,1
s20656,0.7090000000000001,1
s20657,0.81,1
s20658,0.898,1
s20659,1.0,1
s20660,0.9159999999999999,1
s20661,0.938,1
s20662,0.938,1
s20663,1.0,1
s20664,0.9940000000000001,1
s20665,0.976,1
s20666,0.992,1
s20667,1.0,1
s20668,0.997,1
s20669,0.7120000000000001,1
s20670,1.0,1
s20671,1.0,1
s20672,0.488,1
s20673,1.0,1
s20674,1.0,1
s20675,0.997,1
s20676,0.997,1
s20677,0.998,1
s20678,0.996,1
s20679,1.0,1
s20680,0.993,1
s20681,0.993,1
s20682,1.0,1
s20683,0.993,1
s20684,0.998,1
s20685,0.997,1
s20686,0.998,1
s20687,0.703,1
s20688,0.993,1
s20689,1.0,1
s20690,0.905,1
s20691,0.996,1
s20692,0.9890000000000001,1
s20693,1.0,1
s20694,0.996,1
s20695,0.8029999999999999,1
s20696,1.0,1
s20697,0.8220000000000001,1
s20698,0.976,1
s20699,0.7140000000000001,1
s20700,0.998,1
s20701,0.976,1
s20702,0.7240000000000001,1
s20703,0.995,1
s20704,0.935,1
s20705,0.99,1
s20706,0.91,1
s20707,0.74,1
s20708,0.998,1
s20709,0.998,1
s20710,0.997,1
s20711,0.763,1
s20712,0.8270000000000001,1
s20713,0.7609999999999999,1
s20714,1.0,1
s20715,1.0,1
s20716,0.67,1
s20717,1.0,1
s20718,0.589,1
s20719,1.0,1
s20720,0.997,1
s20721,0.976,1
s20722,0.853,1
s20723,1.0,1
s20724,0.993,1
s20725,1.0,1
s20726,1.0,1
s20727,0.725,1
s20728,0.612,1
s20729,0.664,1
s20730,1.0,1
s20731,1.0,1
s20732,0.596,1
s20733,0.642,1
s20734,0.992,1
s20735,0.945,1
s20736,1.0,1
s20737,0.998,1
s20738,1.0,1
s20739,0.992,1
s20740,1.0,1
s20741,1.0,1
s20742,0.595,1
s20743,0.8009999999999999,1
s20744,1.0,1
s20745,0.802,1
s20746,1.0,1
s20747,0.7809999999999999,1
s20748,1.0,1
s20749,1.0,1
s20750,1.0,1
s20751,0.9890000000000001,1
s20752,1.0,1
s20753,1.0,1
s20754,0.997,1
s20755,0.998,1
s20756,0.992,1
s20757,0.992,1
s20758,0.992,1
s20759,0.992,1
s20760,0.754,1
s20761,0.821,1
s20762,1.0,1
s20763,0.754,1
s20764,0.754,1
s20765,0.754,1
s20766,0.754,1
s20767,0.78,1
s20768,0.6779999999999999,1
s20769,0.9940000000000001,1
s20770,0.763,1
s20771,0.821,1
s20772,0.612,1
s20773,1.0,1
s20774,1.0,1
s20775,1.0,1
s20776,0.5770000000000001,1
s20777,1.0,1
s20778,1.0,1
s20779,0.7020000000000001,1
s20780,0.562,1
s20781,1.0,1
s20782,1.0,1
s20783,0.741,1
s20784,0.732,1
s20785,0.65,1
s20786,0.997,1
s20787,0.992,1
s20788,0.997,1
s20789,1.0,1
s20790,0.912,1
s20791,1.0,1
s20792,1.0,1
s20793,0.621,1
s20794,0.654,1
s20795,0.955,1
s20796,0.578,1
s20797,0.7120000000000001,1
s20798,0.61,1
s20799,1.0,1
s20800,0.997,1
s20801,0.99,1
s20802,0.9670000000000001,1
s20803,0.693,1
s20804,1.0,1
s20805,0.993,1
s20806,0.993,1
s20807,0.7120000000000001,1
s20808,1.0,1
s20809,0.996,1
s20810,0.996,1
s20811,0.64,1
s20812,0.7120000000000001,1
s20813,1.0,1
s20814,1.0,1
s20815,0.991,1
s20816,0.8859999999999999,1
s20817,0.96,1
s20818,0.895,1
s20819,0.852,1
s20820,0.96,1
s20821,1.0,1
s20822,0.746,1
s20823,0.835,1
s20824,0.996,1
s20825,0.915,1
s20826,0.8340000000000001,1
s20827,0.996,1
s20828,0.932,1
s20829,0.981,1
s20830,1.0,1
s20831,0.6729999999999999,1
s20832,1.0,1
s20833,0.997,1
s20834,0.997,1
s20835,0.599,1
s20836,0.581,1
s20837,0.873,1
s20838,0.997,1
s20839,1.0,1
s20840,0.992,1
s20841,1.0,1
s20842,1.0,1
s20843,0.9840000000000001,1
s20844,0.919,1
s20845,0.649,1
s20846,0.9670000000000001,1
s20847,0.7559999999999999,1
s20848,0.6709999999999999,1
s20849,0.8320000000000001,1
s20850,1.0,1
s20851,1.0,1
s20852,0.985,1
s20853,1.0,1
s20854,0.998,1
s20855,0.687,1
s20856,1.0,1
s20857,1.0,1
s20858,1.0,1
s20859,0.995,1
s20860,1.0,1
s20861,1.0,1
s20862,0.997,1
s20863,0.995,1
s20864,0.991,1
s20865,1.0,1
s20866,1.0,1
s20867,0.988,1
s20868,0.995,1
s20869,1.0,1
s20870,0.985,1
s20871,1.0,1
s20872,0.997,1
s20873,0.976,1
s20874,0.884,1
s20875,1.0,1
s20876,1.0,1
s20877,0.995,1
s20878,1.0,1
s20879,0.805,1
s20880,1.0,1
s20881,0.772,1
s20882,1.0,1
s20883,0.919,1
s20884,0.998,1
s20885,1.0,1
s20886,0.639,1
s20887,0.9620000000000001,1
s20888,0.9620000000000001,1
s20889,0.996,1
s20890,0.9620000000000001,1
s20891,0.927,1
s20892,0.997,1
s20893,0.997,1
s20894,0.996,1
s20895,0.748,1
s20896,0.927,1
s20897,0.927,1
s20898,0.5429999999999999,1
s20899,0.857,1
s20900,1.0,1
s20901,1.0,1
s20902,1.0,1
s20903,0.799,1
s20904,0.5760000000000001,1
s20905,1.0,1
s20906,1.0,1
s20907,0.654,1
s20908,0.997,1
s20909,1.0,1
s20910,0.993,1
s20911,0.97,1
s20912,1.0,1
s20913,1.0,1
s20914,0.961,1
s20915,0.965,1
s20916,1.0,1
s20917,0.951,1
s20918,1.0,1
s20919,1.0,1
s20920,0.902,1
s20921,0.992,1
s20922,0.865,1
s20923,0.922,1
s20924,0.7,1
s20925,0.995,1
s20926,0.998,1
s20927,1.0,1
s20928,0.708,1
s20929,1.0,1
s20930,0.655,1
s20931,0.905,1
s20932,0.937,1
s20933,0.9129999999999999,1
s20934,1.0,1
s20935,1.0,1
s20936,0.748,1
s20937,0.9620000000000001,1
s20938,1.0,1
s20939,1.0,1
s20940,0.9520000000000001,1
s20941,1.0,1
s20942,0.777,1
s20943,0.691,1
s20944,0.98,1
s20945,1.0,1
s20946,0.718,1
s20947,0.997,1
s20948,0.9940000000000001,1
s20949,1.0,1
s20950,0.99,1
s20951,0.7440000000000001,1
s20952,1.0,1
s20953,0.818,1
s20954,0.93,1
s20955,0.93,1
s20956,0.9229999999999999,1
s20957,0.792,1
s20958,0.996,1
s20959,0.993,1
s20960,0.998,1
s20961,1.0,1
s20962,0.985,1
s20963,0.8340000000000001,1
s20964,0.993,1
s20965,0.8220000000000001,1
s20966,1.0,1
s20967,0.905,1
s20968,1.0,1
s20969,1.0,1
s20970,0.575,1
s20971,0.992,1
s20972,1.0,1
s20973,0.853,1
s20974,0.853,1
s20975,0.98,1
s20976,0.868,1
s20977,1.0,1
s20978,0.9790000000000001,1
s20979,0.9790000000000001,1
s20980,0.868,1
s20981,0.991,1
s20982,0.991,1
s20983,0.991,1
s20984,0.991,1
s20985,0.899,1
s20986,0.895,1
s20987,0.997,1
s20988,1.0,1
s20989,0.9309999999999999,1
s20990,1.0,1
s20991,0.895,1
s20992,0.9109999999999999,1
s20993,1.0,1
s20994,1.0,1
s20995,1.0,1
s20996,0.966,1
s20997,0.9420000000000001,1
s20998,1.0,1
s20999,0.899,1
s21000,0.895,1
s21001,0.899,1
s21002,0.8759999999999999,1
s21003,0.9890000000000001,1
s21004,0.899,1
s21005,0.899,1
s21006,0.9890000000000001,1
s21007,0.997,1
s21008,0.985,1
s21009,0.992,1
s21010,0.996,1
s21011,1.0,1
s21012,0.915,1
s21013,0.986,1
s21014,0.856,1
s21015,0.7959999999999999,1
s21016,1.0,1
s21017,0.9990000000000001,1
s21018,0.996,1
s21019,0.9990000000000001,1
s21020,0.9990000000000001,1
s21021,0.995,1
s21022,0.581,1
s21023,0.99,1
s21024,0.65,1
s21025,0.616,1
s21026,0.672,1
s21027,0.99,1
s21028,0.993,1
s21029,0.982,1
s21030,1.0,1
s21031,1.0,1
s21032,0.997,1
s21033,1.0,1
s21034,0.607,1
s21035,0.611,1
s21036,0.794,1
s21037,1.0,1
s21038,0.934,1
s21039,1.0,1
s21040,0.67,1
s21041,0.996,1
s21042,0.945,1
s21043,0.8140000000000001,1
s21044,0.81,1
s21045,0.58,1
s21046,0.644,1
s21047,0.735,1
s21048,1.0,1
s21049,1.0,1
s21050,0.995,1
s21051,0.997,1
s21052,1.0,1
s21053,0.996,1
s21054,0.6559999999999999,1
s21055,0.652,1
s21056,0.91,1
s21057,0.775,1
s21058,1.0,1
s21059,1.0,1
s21060,0.976,1
s21061,0.894,1
s21062,0.997,1
s21063,0.8029999999999999,1
s21064,0.985,1
s21065,0.9940000000000001,1
s21066,1.0,1
s21067,0.747,1
s21068,1.0,1
s21069,0.993,1
s21070,1.0,1
s21071,1.0,1
s21072,0.872,1
s21073,0.996,1
s21074,0.7040000000000001,1
s21075,0.685,1
s21076,1.0,1
s21077,1.0,1
s21078,1.0,1
s21079,1.0,1
s21080,0.932,1
s21081,0.83,1
s21082,0.993,1
s21083,1.0,1
s21084,0.997,1
s21085,1.0,1
s21086,1.0,1
s21087,0.83,1
s21088,0.851,1
s21089,0.914,1
s21090,1.0,1
s21091,1.0,1
s21092,0.784,1
s21093,0.792,1
s21094,0.966,1
s21095,0.982,1
s21096,0.96,1
s21097,1.0,1
s21098,1.0,1
s21099,1.0,1
s21100,0.992,1
s21101,0.851,1
s21102,0.9229999999999999,1
s21103,0.955,1
s21104,1.0,1
s21105,1.0,1
s21106,1.0,1
s21107,1.0,1
s21108,0.601,1
s21109,0.997,1
s21110,0.552,1
s21111,0.924,1
s21112,0.924,1
s21113,1.0,1
s21114,1.0,1
s21115,0.7340000000000001,1
s21116,0.9590000000000001,1
s21117,0.995,1
s21118,0.8029999999999999,1
s21119,0.8009999999999999,1
s21120,0.997,1
s21121,1.0,1
s21122,0.982,1
s21123,0.988,1
s21124,1.0,1
s21125,1.0,1
s21126,0.721,1
s21127,0.919,1
s21128,0.998,1
s21129,1.0,1
s21130,0.993,1
s21131,1.0,1
s21132,0.972,1
s21133,1.0,1
s21134,0.8690000000000001,1
s21135,1.0,1
s21136,1.0,1
s21137,0.997,1
s21138,0.784,1
s21139,0.997,1
s21140,1.0,1
s21141,1.0,1
s21142,0.7240000000000001,1
s21143,1.0,1
s21144,1.0,1
s21145,1.0,1
s21146,1.0,1
s21147,1.0,1
s21148,1.0,1
s21149,1.0,1
s21150,0.83,1
s21151,0.862,1
s21152,0.503,1
s21153,0.995,1
s21154,0.996,1
s21155,0.996,1
s21156,0.996,1
s21157,0.996,1
s21158,1.0,1
s21159,0.853,1
s21160,0.731,1
s21161,0.765,1
s21162,0.993,1
s21163,1.0,1
s21164,1.0,1
s21165,0.691,1
s21166,0.688,1
s21167,1.0,1
s21168,1.0,1
s21169,1.0,1
s21170,1.0,1
s21171,0.7809999999999999,1
s21172,1.0,1
s21173,1.0,1
s21174,0.99,1
s21175,1.0,1
s21176,1.0,1
s21177,0.6729999999999999,1
s21178,0.9890000000000001,1
s21179,0.997,1
s21180,1.0,1
s21181,1.0,1
s21182,0.995,1
s21183,0.992,1
s21184,0.992,1
s21185,0.99,1
s21186,0.975,1
s21187,0.9990000000000001,1
s21188,0.997,1
s21189,0.987,1
s21190,0.996,1
s21191,1.0,1
s21192,0.997,1
s21193,1.0,1
s21194,0.9009999999999999,1
s21195,1.0,1
s21196,1.0,1
s21197,0.759,1
s21198,1.0,1
s21199,1.0,1
s21200,1.0,1
s21201,0.997,1
s21202,0.588,1
s21203,0.9990000000000001,1
s21204,1.0,1
s21205,0.795,1
s21206,0.7929999999999999,1
s21207,0.8140000000000001,1
s21208,0.7909999999999999,1
s21209,1.0,1
s21210,1.0,1
s21211,1.0,1
s21212,0.98,1
s21213,1.0,1
s21214,1.0,1
s21215,0.992,1
s21216,1.0,1
s21217,0.845,1
s21218,1.0,1
s21219,1.0,1
s21220,1.0,1
s21221,1.0,1
s21222,1.0,1
s21223,0.992,1
s21224,0.9890000000000001,1
s21225,0.996,1
s21226,0.9109999999999999,1
s21227,0.998,1
s21228,0.998,1
s21229,0.9159999999999999,1
s21230,0.61,1
s21231,0.996,1
s21232,0.996,1
s21233,0.97,1
s21234,1.0,1
s21235,0.948,1
s21236,0.866,1
s21237,1.0,1
s21238,0.965,1
s21239,0.643,1
s21240,0.9840000000000001,1
s21241,0.997,1
s21242,1.0,1
s21243,0.997,1
s21244,1.0,1
s21245,0.956,1
s21246,0.98,1
s21247,0.965,1
s21248,1.0,1
s21249,1.0,1
s21250,0.748,1
s21251,0.7859999999999999,1
s21252,1.0,1
s21253,0.9990000000000001,1
s21254,1.0,1
s21255,1.0,1
s21256,1.0,1
s21257,0.7809999999999999,1
s21258,0.975,1
s21259,1.0,1
s21260,0.983,1
s21261,1.0,1
s21262,1.0,1
s21263,1.0,1
s21264,0.9440000000000001,1
s21265,1.0,1
s21266,0.86,1
s21267,0.905,1
s21268,0.9940000000000001,1
s21269,0.99,1
s21270,0.927,1
s21271,1.0,1
s21272,0.763,1
s21273,1.0,1
s21274,0.615,1
s21275,0.664,1
s21276,1.0,1
s21277,0.8109999999999999,1
s21278,1.0,1
s21279,0.971,1
s21280,1.0,1
s21281,0.628,1
s21282,1.0,1
s21283,0.5,1
s21284,0.997,1
s21285,1.0,1
s21286,0.9490000000000001,1
s21287,1.0,1
s21288,0.986,1
s21289,0.993,1
s21290,1.0,1
s21291,0.938,1
s21292,0.992,1
s21293,0.992,1
s21294,0.872,1
s21295,0.9940000000000001,1
s21296,0.705,1
s21297,0.785,1
s21298,0.7809999999999999,1
s21299,0.7909999999999999,1
s21300,0.743,1
s21301,1.0,1
s21302,0.996,1
s21303,0.768,1
s21304,1.0,1
s21305,1.0,1
s21306,0.985,1
s21307,0.995,1
s21308,1.0,1
s21309,0.9940000000000001,1
s21310,1.0,1
s21311,0.958,1
s21312,1.0,1
s21313,1.0,1
s21314,1.0,1
s21315,0.988,1
s21316,0.644,1
s21317,0.691,1
s21318,1.0,1
s21319,1.0,1
s21320,1.0,1
s21321,0.8109999999999999,1
s21322,1.0,1
s21323,0.997,1
s21324,0.7659999999999999,1
s21325,0.995,1
s21326,0.9690000000000001,1
s21327,0.736,1
s21328,0.6629999999999999,1
s21329,0.523,1
s21330,0.996,1
s21331,0.966,1
s21332,0.9129999999999999,1
s21333,1.0,1
s21334,1.0,1
s21335,0.9670000000000001,1
s21336,0.92,1
s21337,0.98,1
s21338,1.0,1
s21339,1.0,1
s21340,1.0,1
s21341,0.992,1
s21342,1.0,1
s21343,0.9940000000000001,1
s21344,0.996,1
s21345,1.0,1
s21346,0.779,1
s21347,0.8490000000000001,1
s21348,1.0,1
s21349,1.0,1
s21350,0.996,1
s21351,0.99,1
s21352,0.742,1
s21353,0.903,1
s21354,0.851,1
s21355,0.75,1
s21356,0.597,1
s21357,1.0,1
s21358,0.977,1
s21359,0.759,1
s21360,0.987,1
s21361,0.997,1
s21362,0.997,1
s21363,0.997,1
s21364,1.0,1
s21365,1.0,1
s21366,1.0,1
s21367,0.997,1
s21368,0.833,1
s21369,0.898,1
s21370,0.823,1
s21371,0.855,1
s21372,0.981,1
s21373,0.937,1
s21374,0.937,1
s21375,0.997,1
s21376,0.973,1
s21377,0.977,1
s21378,0.757,1
s21379,0.8540000000000001,1
s21380,0.75,1
s21381,1.0,1
s21382,0.9940000000000001,1
s21383,1.0,1
s21384,0.996,1
s21385,0.981,1
s21386,0.995,1
s21387,1.0,1
s21388,1.0,1
s21389,1.0,1
s21390,1.0,1
s21391,0.998,1
s21392,0.982,1
s21393,0.98,1
s21394,0.693,1
s21395,0.89,1
s21396,0.997,1
s21397,0.662,1
s21398,0.5579999999999999,1
s21399,0.748,1
s21400,1.0,1
s21401,0.758,1
s21402,0.8420000000000001,1
s21403,0.987,1
s21404,0.9890000000000001,1
s21405,0.755,1
s21406,0.726,1
s21407,0.755,1
s21408,0.762,1
s21409,0.935,1
s21410,0.998,1
s21411,0.998,1
s21412,0.998,1
s21413,1.0,1
s21414,1.0,1
s21415,0.8690000000000001,1
s21416,0.75,1
s21417,0.997,1
s21418,1.0,1
s21419,1.0,1
s21420,0.8140000000000001,1
s21421,0.892,1
s21422,0.815,1
s21423,0.7859999999999999,1
s21424,0.816,1
s21425,0.961,1
s21426,0.998,1
s21427,0.998,1
s21428,1.0,1
s21429,0.813,1
s21430,0.7859999999999999,1
s21431,0.8,1
s21432,0.961,1
s21433,0.753,1
s21434,0.991,1
s21435,0.997,1
s21436,0.996,1
s21437,0.961,1
s21438,1.0,1
s21439,0.815,1
s21440,0.892,1
s21441,0.982,1
s21442,0.9890000000000001,1
s21443,0.988,1
s21444,0.599,1
s21445,0.995,1
s21446,0.997,1
s21447,1.0,1
s21448,0.7390000000000001,1
s21449,0.981,1
s21450,0.976,1
s21451,0.77,1
s21452,0.993,1
s21453,0.915,1
s21454,0.763,1
s21455,0.885,1
s21456,0.652,1
s21457,0.897,1
s21458,0.645,1
s21459,0.992,1
s21460,0.8759999999999999,1
s21461,0.9520000000000001,1
s21462,0.748,1
s21463,1.0,1
s21464,0.6509999999999999,1
s21465,0.6509999999999999,1
s21466,1.0,1
s21467,0.9620000000000001,1
s21468,0.654,1
s21469,0.992,1
s21470,0.963,1
s21471,0.96,1
s21472,1.0,1
s21473,0.61,1
s21474,0.996,1
s21475,1.0,1
s21476,0.7959999999999999,1
s21477,0.664,1
s21478,0.919,1
s21479,0.997,1
s21480,0.919,1
s21481,0.6679999999999999,1
s21482,1.0,1
s21483,0.52,1
s21484,1.0,1
s21485,0.596,1
s21486,0.588,1
s21487,0.49700000000000005,1
s21488,0.893,1
s21489,0.636,1
s21490,1.0,1
s21491,0.9940000000000001,1
s21492,1.0,1
s21493,0.5760000000000001,1
s21494,0.995,1
s21495,0.95,1
s21496,0.851,1
s21497,0.715,1
s21498,0.986,1
s21499,0.818,1
s21500,0.867,1
s21501,0.725,1
s21502,0.725,1
s21503,0.725,1
s21504,0.72,1
s21505,0.785,1
s21506,0.98,1
s21507,0.977,1
s21508,1.0,1
s21509,0.862,1
s21510,0.775,1
s21511,0.9940000000000001,1
s21512,0.6679999999999999,1
s21513,1.0,1
s21514,1.0,1
s21515,0.982,1
s21516,0.8590000000000001,1
s21517,0.637,1
s21518,0.998,1
s21519,0.9329999999999999,1
s21520,0.956,1
s21521,1.0,1
s21522,0.8390000000000001,1
s21523,0.996,1
s21524,1.0,1
s21525,1.0,1
s21526,0.8859999999999999,1
s21527,0.762,1
s21528,0.898,1
s21529,0.998,1
s21530,0.998,1
s21531,0.996,1
s21532,0.7090000000000001,1
s21533,1.0,1
s21534,0.528,1
s21535,0.528,1
s21536,0.701,1
s21537,0.988,1
s21538,1.0,1
s21539,0.647,1
s21540,1.0,1
s21541,0.996,1
s21542,0.996,1
s21543,0.996,1
s21544,0.996,1
s21545,0.996,1
s21546,0.594,1
s21547,0.596,1
s21548,0.795,1
s21549,0.833,1
s21550,0.653,1
s21551,0.7759999999999999,1
s21552,0.95,1
s21553,0.759,1
s21554,0.986,1
s21555,1.0,1
s21556,0.825,1
s21557,0.8190000000000001,1
s21558,0.5670000000000001,1
s21559,0.662,1
s21560,1.0,1
s21561,0.973,1
s21562,0.997,1
s21563,0.997,1
s21564,0.887,1
s21565,0.997,1
s21566,1.0,1
s21567,0.815,1
s21568,1.0,1
s21569,0.971,1
s21570,0.679,1
s21571,1.0,1
s21572,1.0,1
s21573,1.0,1
s21574,1.0,1
s21575,0.995,1
s21576,0.981,1
s21577,0.868,1
s21578,1.0,1
s21579,0.987,1
s21580,1.0,1
s21581,0.997,1
s21582,0.96,1
s21583,1.0,1
s21584,0.9940000000000001,1
s21585,0.9,1
s21586,1.0,1
s21587,0.992,1
s21588,1.0,1
s21589,0.868,1
s21590,1.0,1
s21591,0.669,1
s21592,0.878,1
s21593,0.863,1
s21594,0.863,1
s21595,0.932,1
s21596,1.0,1
s21597,0.8759999999999999,1
s21598,0.907,1
s21599,0.868,1
s21600,0.7609999999999999,1
s21601,0.976,1
s21602,1.0,1
s21603,0.863,1
s21604,1.0,1
s21605,1.0,1
s21606,0.968,1
s21607,1.0,1
s21608,0.75,1
s21609,0.601,1
s21610,0.6679999999999999,1
s21611,1.0,1
s21612,0.9890000000000001,1
s21613,0.988,1
s21614,0.785,1
s21615,0.645,1
s21616,1.0,1
s21617,1.0,1
s21618,0.579,1
s21619,0.986,1
s21620,1.0,1
s21621,0.991,1
s21622,0.9890000000000001,1
s21623,1.0,1
s21624,0.868,1
s21625,0.885,1
s21626,1.0,1
s21627,0.929,1
s21628,0.619,1
s21629,0.8220000000000001,1
s21630,0.74,1
s21631,0.8440000000000001,1
s21632,0.847,1
s21633,0.677,1
s21634,0.838,1
s21635,0.6579999999999999,1
s21636,1.0,1
s21637,0.9790000000000001,1
s21638,0.988,1
s21639,1.0,1
s21640,0.852,1
s21641,0.993,1
s21642,0.993,1
s21643,0.993,1
s21644,0.726,1
s21645,0.993,1
s21646,0.993,1
s21647,0.993,1
s21648,0.993,1
s21649,0.977,1
s21650,0.773,1
s21651,0.861,1
s21652,1.0,1
s21653,1.0,1
s21654,0.932,1
s21655,1.0,1
s21656,0.997,1
s21657,0.997,1
s21658,0.601,1
s21659,0.792,1
s21660,1.0,1
s21661,0.40299999999999997,1
s21662,0.835,1
s21663,0.63,1
s21664,0.619,1
s21665,1.0,1
s21666,0.99,1
s21667,1.0,1
s21668,1.0,1
s21669,1.0,1
s21670,0.992,1
s21671,0.992,1
s21672,0.998,1
s21673,0.659,1
s21674,0.86,1
s21675,0.855,1
s21676,1.0,1
s21677,0.84,1
s21678,0.703,1
s21679,0.889,1
s21680,1.0,1
s21681,1.0,1
s21682,1.0,1
s21683,1.0,1
s21684,1.0,1
s21685,0.7759999999999999,1
s21686,0.8859999999999999,1
s21687,1.0,1
s21688,1.0,1
s21689,0.97,1
s21690,1.0,1
s21691,0.9890000000000001,1
s21692,0.706,1
s21693,0.682,1
s21694,1.0,1
s21695,1.0,1
s21696,1.0,1
s21697,1.0,1
s21698,0.758,1
s21699,1.0,1
s21700,0.746,1
s21701,0.996,1
s21702,0.629,1
s21703,0.578,1
s21704,0.81,1
s21705,0.8059999999999999,1
s21706,0.8079999999999999,1
s21707,0.696,1
s21708,0.621,1
s21709,1.0,1
s21710,0.9540000000000001,1
s21711,1.0,1
s21712,1.0,1
s21713,0.991,1
s21714,1.0,1
s21715,0.892,1
s21716,0.879,1
s21717,1.0,1
s21718,0.754,1
s21719,0.725,1
s21720,0.862,1
s21721,0.996,1
s21722,0.988,1
s21723,1.0,1
s21724,0.9940000000000001,1
s21725,0.9470000000000001,1
s21726,0.5920000000000001,1
s21727,1.0,1
s21728,0.706,1
s21729,1.0,1
s21730,1.0,1
s21731,0.696,1
s21732,1.0,1
s21733,0.909,1
s21734,0.997,1
s21735,0.805,1
s21736,0.925,1
s21737,0.753,1
s21738,0.88,1
s21739,0.7020000000000001,1
s21740,0.672,1
s21741,0.8270000000000001,1
s21742,0.92,1
s21743,0.718,1
s21744,0.8640000000000001,1
s21745,1.0,1
s21746,1.0,1
s21747,0.7140000000000001,1
s21748,0.99,1
s21749,0.966,1
s21750,0.767,1
s21751,0.852,1
s21752,0.997,1
s21753,0.8540000000000001,1
s21754,1.0,1
s21755,0.7290000000000001,1
s21756,1.0,1
s21757,0.997,1
s21758,0.877,1
s21759,0.8420000000000001,1
s21760,0.7040000000000001,1
s21761,0.8809999999999999,1
s21762,1.0,1
s21763,0.996,1
s21764,1.0,1
s21765,0.7979999999999999,1
s21766,1.0,1
s21767,0.996,1
s21768,0.996,1
s21769,1.0,1
s21770,0.996,1
s21771,1.0,1
s21772,0.996,1
s21773,1.0,1
s21774,0.998,1
s21775,0.998,1
s21776,1.0,1
s21777,0.9940000000000001,1
s21778,0.992,1
s21779,0.978,1
s21780,0.993,1
s21781,0.99,1
s21782,1.0,1
s21783,1.0,1
s21784,0.992,1
s21785,1.0,1
s21786,0.88,1
s21787,0.715,1
s21788,1.0,1
s21789,1.0,1
s21790,0.638,1
s21791,0.833,1
s21792,0.998,1
s21793,0.996,1
s21794,0.998,1
s21795,0.998,1
s21796,1.0,1
s21797,1.0,1
s21798,0.506,1
s21799,0.998,1
s21800,1.0,1
s21801,1.0,1
s21802,1.0,1
s21803,0.87,1
s21804,0.9890000000000001,1
s21805,1.0,1
s21806,1.0,1
s21807,0.593,1
s21808,0.996,1
s21809,1.0,1
s21810,0.9940000000000001,1
s21811,0.862,1
s21812,1.0,1
s21813,1.0,1
s21814,1.0,1
s21815,0.79,1
s21816,1.0,1
s21817,0.996,1
s21818,0.993,1
s21819,1.0,1
s21820,0.649,1
s21821,0.825,1
s21822,1.0,1
s21823,1.0,1
s21824,0.905,1
s21825,1.0,1
s21826,0.5379999999999999,1
s21827,0.997,1
s21828,0.544,1
s21829,0.973,1
s21830,1.0,1
s21831,0.977,1
s21832,1.0,1
s21833,1.0,1
s21834,0.988,1
s21835,1.0,1
s21836,0.998,1
s21837,1.0,1
s21838,1.0,1
s21839,1.0,1
s21840,0.9740000000000001,1
s21841,1.0,1
s21842,0.767,1
s21843,1.0,1
s21844,0.9690000000000001,1
s21845,1.0,1
s21846,0.997,1
s21847,0.997,1
s21848,0.997,1
s21849,0.996,1
s21850,0.993,1
s21851,0.997,1
s21852,1.0,1
s21853,1.0,1
s21854,0.996,1
s21855,1.0,1
s21856,1.0,1
s21857,0.818,1
s21858,1.0,1
s21859,1.0,1
s21860,1.0,1
s21861,1.0,1
s21862,1.0,1
s21863,0.992,1
s21864,0.996,1
s21865,1.0,1
s21866,0.688,1
s21867,0.682,1
s21868,0.682,1
s21869,0.682,1
s21870,0.682,1
s21871,0.919,1
s21872,0.684,1
s21873,0.682,1
s21874,0.682,1
s21875,1.0,1
s21876,0.981,1
s21877,0.687,1
s21878,0.983,1
s21879,0.99,1
s21880,1.0,1
s21881,1.0,1
s21882,1.0,1
s21883,1.0,1
s21884,0.821,1
s21885,0.996,1
s21886,0.7240000000000001,1
s21887,1.0,1
s21888,1.0,1
s21889,0.961,1
s21890,0.8540000000000001,1
s21891,0.852,1
s21892,0.9670000000000001,1
s21893,0.9590000000000001,1
s21894,0.885,1
s21895,0.836,1
s21896,0.993,1
s21897,1.0,1
s21898,0.755,1
s21899,1.0,1
s21900,0.9940000000000001,1
s21901,0.835,1
s21902,0.742,1
s21903,0.6679999999999999,1
s21904,0.893,1
s21905,1.0,1
s21906,1.0,1
s21907,1.0,1
s21908,0.59,1
s21909,0.978,1
s21910,1.0,1
s21911,0.835,1
s21912,0.855,1
s21913,1.0,1
s21914,1.0,1
s21915,0.997,1
s21916,0.885,1
s21917,0.863,1
s21918,0.992,1
s21919,0.988,1
s21920,0.995,1
s21921,0.636,1
s21922,1.0,1
s21923,0.996,1
s21924,0.828,1
s21925,0.9840000000000001,1
s21926,0.995,1
s21927,0.992,1
s21928,0.516,1
s21929,0.976,1
s21930,0.996,1
s21931,1.0,1
s21932,0.996,1
s21933,1.0,1
s21934,1.0,1
s21935,1.0,1
s21936,1.0,1
s21937,0.997,1
s21938,0.785,1
s21939,0.782,1
s21940,0.772,1
s21941,0.919,1
s21942,0.993,1
s21943,0.626,1
s21944,0.9840000000000001,1
s21945,0.9840000000000001,1
s21946,0.9840000000000001,1
s21947,0.9840000000000001,1
s21948,1.0,1
s21949,0.8759999999999999,1
s21950,0.909,1
s21951,1.0,1
s21952,0.665,1
s21953,1.0,1
s21954,1.0,1
s21955,1.0,1
s21956,0.8759999999999999,1
s21957,0.5870000000000001,1
s21958,0.752,1
s21959,0.9940000000000001,1
s21960,0.9940000000000001,1
s21961,0.9670000000000001,1
s21962,0.9940000000000001,1
s21963,1.0,1
s21964,0.992,1
s21965,1.0,1
s21966,0.757,1
s21967,1.0,1
s21968,0.647,1
s21969,1.0,1
s21970,0.9940000000000001,1
s21971,0.996,1
s21972,1.0,1
s21973,1.0,1
s21974,0.665,1
s21975,0.835,1
s21976,0.9840000000000001,1
s21977,0.995,1
s21978,0.998,1
s21979,0.703,1
s21980,0.826,1
s21981,0.997,1
s21982,0.995,1
s21983,1.0,1
s21984,1.0,1
s21985,0.9470000000000001,1
s21986,0.977,1
s21987,0.9570000000000001,1
s21988,0.996,1
s21989,1.0,1
s21990,0.992,1
s21991,0.992,1
s21992,0.992,1
s21993,0.8640000000000001,1
s21994,0.748,1
s21995,1.0,1
s21996,0.6990000000000001,1
s21997,1.0,1
s21998,1.0,1
s21999,1.0,1
s22000,0.996,1
s22001,0.998,1
s22002,1.0,1
s22003,0.831,1
s22004,1.0,1
s22005,1.0,1
s22006,0.638,1
s22007,0.493,1
s22008,1.0,1
s22009,1.0,1
s22010,0.542,1
s22011,0.973,1
s22012,0.997,1
s22013,1.0,1
s22014,0.6940000000000001,1
s22015,0.634,1
s22016,0.993,1
s22017,1.0,1
s22018,1.0,1
s22019,0.9890000000000001,1
s22020,0.995,1
s22021,0.757,1
s22022,1.0,1
s22023,0.747,1
s22024,1.0,1
s22025,1.0,1
s22026,0.9359999999999999,1
s22027,0.977,1
s22028,1.0,1
s22029,1.0,1
s22030,0.556,1
s22031,0.606,1
s22032,0.9129999999999999,1
s22033,1.0,1
s22034,0.767,1
s22035,0.58,1
s22036,0.727,1
s22037,1.0,1
s22038,1.0,1
s22039,1.0,1
s22040,1.0,1
s22041,0.584,1
s22042,0.586,1
s22043,0.628,1
s22044,0.8320000000000001,1
s22045,0.752,1
s22046,0.89,1
s22047,0.998,1
s22048,1.0,1
s22049,0.993,1
s22050,1.0,1
s22051,1.0,1
s22052,1.0,1
s22053,0.996,1
s22054,0.586,1
s22055,0.9620000000000001,1
s22056,0.8959999999999999,1
s22057,0.8290000000000001,1
s22058,0.9690000000000001,1
s22059,0.9990000000000001,1
s22060,0.996,1
s22061,1.0,1
s22062,0.998,1
s22063,0.977,1
s22064,0.998,1
s22065,0.997,1
s22066,1.0,1
s22067,0.998,1
s22068,1.0,1
s22069,0.9209999999999999,1
s22070,1.0,1
s22071,0.6509999999999999,1
s22072,1.0,1
s22073,0.8759999999999999,1
s22074,0.982,1
s22075,1.0,1
s22076,0.993,1
s22077,1.0,1
s22078,1.0,1
s22079,0.627,1
s22080,0.919,1
s22081,1.0,1
s22082,0.995,1
s22083,0.995,1
s22084,0.995,1
s22085,0.998,1
s22086,0.9740000000000001,1
s22087,1.0,1
s22088,0.963,1
s22089,0.951,1
s22090,0.963,1
s22091,0.963,1
s22092,0.963,1
s22093,0.995,1
s22094,0.9940000000000001,1
s22095,0.841,1
s22096,1.0,1
s22097,1.0,1
s22098,1.0,1
s22099,0.9840000000000001,1
s22100,1.0,1
s22101,1.0,1
s22102,0.872,1
s22103,0.9259999999999999,1
s22104,0.818,1
s22105,0.99,1
s22106,0.99,1
s22107,0.99,1
s22108,0.988,1
s22109,0.988,1
s22110,0.7190000000000001,1
s22111,1.0,1
s22112,1.0,1
s22113,0.603,1
s22114,0.79,1
s22115,1.0,1
s22116,0.7490000000000001,1
s22117,0.892,1
s22118,0.892,1
s22119,0.9940000000000001,1
s22120,1.0,1
s22121,0.998,1
s22122,0.9940000000000001,1
s22123,0.992,1
s22124,0.958,1
s22125,0.9,1
s22126,1.0,1
s22127,0.993,1
s22128,0.698,1
s22129,0.9840000000000001,1
s22130,1.0,1
s22131,0.736,1
s22132,1.0,1
s22133,0.785,1
s22134,1.0,1
s22135,0.7140000000000001,1
s22136,0.653,1
s22137,1.0,1
s22138,1.0,1
s22139,0.9790000000000001,1
s22140,0.9940000000000001,1
s22141,0.917,1
s22142,0.9129999999999999,1
s22143,1.0,1
s22144,0.997,1
s22145,0.993,1
s22146,1.0,1
s22147,0.9940000000000001,1
s22148,1.0,1
s22149,1.0,1
s22150,0.996,1
s22151,0.645,1
s22152,1.0,1
s22153,0.679,1
s22154,0.7040000000000001,1
s22155,0.5870000000000001,1
s22156,0.996,1
s22157,0.995,1
s22158,0.649,1
s22159,0.995,1
s22160,0.973,1
s22161,0.648,1
s22162,0.737,1
s22163,0.857,1
s22164,0.757,1
s22165,0.934,1
s22166,1.0,1
s22167,0.9129999999999999,1
s22168,0.919,1
s22169,0.8859999999999999,1
s22170,1.0,1
s22171,0.8740000000000001,1
s22172,0.94,1
s22173,0.953,1
s22174,0.6859999999999999,1
s22175,0.997,1
s22176,0.971,1
s22177,0.9890000000000001,1
s22178,1.0,1
s22179,0.9940000000000001,1
s22180,0.826,1
s22181,0.996,1
s22182,0.777,1
s22183,0.973,1
s22184,0.996,1
s22185,0.99,1
s22186,1.0,1
s22187,1.0,1
s22188,1.0,1
s22189,1.0,1
s22190,1.0,1
s22191,1.0,1
s22192,0.998,1
s22193,0.9890000000000001,1
s22194,0.805,1
s22195,0.9440000000000001,1
s22196,0.621,1
s22197,0.894,1
s22198,0.8640000000000001,1
s22199,0.882,1
s22200,0.654,1
s22201,1.0,1
s22202,0.988,1
s22203,1.0,1
s22204,0.7240000000000001,1
s22205,1.0,1
s22206,1.0,1
s22207,1.0,1
s22208,1.0,1
s22209,1.0,1
s22210,1.0,1
s22211,0.996,1
s22212,0.996,1
s22213,0.998,1
s22214,0.996,1
s22215,0.998,1
s22216,0.9740000000000001,1
s22217,0.535,1
s22218,1.0,1
s22219,0.603,1
s22220,0.634,1
s22221,1.0,1
s22222,0.919,1
s22223,0.677,1
s22224,1.0,1
s22225,1.0,1
s22226,1.0,1
s22227,0.9590000000000001,1
s22228,0.929,1
s22229,1.0,1
s22230,1.0,1
s22231,0.996,1
s22232,0.5870000000000001,1
s22233,1.0,1
s22234,0.998,1
s22235,0.815,1
s22236,0.731,1
s22237,1.0,1
s22238,0.731,1
s22239,0.731,1
s22240,0.72,1
s22241,0.743,1
s22242,1.0,1
s22243,1.0,1
s22244,0.895,1
s22245,0.716,1
s22246,0.7120000000000001,1
s22247,0.716,1
s22248,0.987,1
s22249,0.934,1
s22250,1.0,1
s22251,0.903,1
s22252,0.995,1
s22253,0.8420000000000001,1
s22254,0.652,1
s22255,1.0,1
s22256,0.759,1
s22257,0.996,1
s22258,0.77,1
s22259,0.995,1
s22260,1.0,1
s22261,0.996,1
s22262,0.644,1
s22263,0.987,1
s22264,0.59,1
s22265,1.0,1
s22266,1.0,1
s22267,0.993,1
s22268,0.998,1
s22269,0.993,1
s22270,0.99,1
s22271,0.9129999999999999,1
s22272,0.998,1
s22273,0.5760000000000001,1
s22274,0.9540000000000001,1
s22275,0.8079999999999999,1
s22276,1.0,1
s22277,1.0,1
s22278,0.7509999999999999,1
s22279,0.9390000000000001,1
s22280,0.998,1
s22281,1.0,1
s22282,0.75,1
s22283,1.0,1
s22284,0.6829999999999999,1
s22285,0.9990000000000001,1
s22286,0.998,1
s22287,1.0,1
s22288,1.0,1
s22289,0.997,1
s22290,0.998,1
s22291,0.998,1
s22292,1.0,1
s22293,0.9940000000000001,1
s22294,0.997,1
s22295,0.997,1
s22296,0.696,1
s22297,1.0,1
s22298,0.716,1
s22299,0.953,1
s22300,0.997,1
s22301,0.938,1
s22302,0.9740000000000001,1
s22303,1.0,1
s22304,0.5589999999999999,1
s22305,0.58,1
s22306,0.722,1
s22307,0.58,1
s22308,0.809,1
s22309,0.863,1
s22310,0.998,1
s22311,0.935,1
s22312,0.8170000000000001,1
s22313,1.0,1
s22314,0.978,1
s22315,0.838,1
s22316,0.992,1
s22317,0.992,1
s22318,0.992,1
s22319,0.992,1
s22320,0.773,1
s22321,0.992,1
s22322,1.0,1
s22323,0.899,1
s22324,0.996,1
s22325,0.953,1
s22326,0.937,1
s22327,0.836,1
s22328,0.919,1
s22329,0.91,1
s22330,1.0,1
s22331,0.718,1
s22332,0.799,1
s22333,0.991,1
s22334,1.0,1
s22335,1.0,1
s22336,1.0,1
s22337,0.919,1
s22338,1.0,1
s22339,0.677,1
s22340,1.0,1
s22341,0.973,1
s22342,1.0,1
s22343,1.0,1
s22344,1.0,1
s22345,0.99,1
s22346,0.705,1
s22347,0.992,1
s22348,0.998,1
s22349,1.0,1
s22350,0.997,1
s22351,1.0,1
s22352,1.0,1
s22353,0.975,1
s22354,0.997,1
s22355,1.0,1
s22356,1.0,1
s22357,0.6809999999999999,1
s22358,0.847,1
s22359,0.602,1
s22360,1.0,1
s22361,1.0,1
s22362,1.0,1
s22363,0.679,1
s22364,1.0,1
s22365,1.0,1
s22366,1.0,1
s22367,0.985,1
s22368,0.998,1
s22369,0.6920000000000001,1
s22370,0.976,1
s22371,1.0,1
s22372,1.0,1
s22373,1.0,1
s22374,0.988,1
s22375,0.9470000000000001,1
s22376,0.667,1
s22377,0.89,1
s22378,1.0,1
s22379,1.0,1
s22380,0.664,1
s22381,0.993,1
s22382,0.667,1
s22383,1.0,1
s22384,1.0,1
s22385,1.0,1
s22386,0.61,1
s22387,1.0,1
s22388,0.905,1
s22389,0.993,1
s22390,0.75,1
s22391,0.634,1
s22392,0.996,1
s22393,1.0,1
s22394,0.6940000000000001,1
s22395,0.9990000000000001,1
s22396,0.573,1
s22397,1.0,1
s22398,1.0,1
s22399,0.6679999999999999,1
s22400,0.997,1
s22401,0.9520000000000001,1
s22402,1.0,1
s22403,0.943,1
s22404,0.935,1
s22405,0.728,1
s22406,1.0,1
s22407,0.971,1
s22408,0.797,1
s22409,0.8440000000000001,1
s22410,0.998,1
s22411,0.62,1
s22412,0.75,1
s22413,0.732,1
s22414,0.987,1
s22415,0.986,1
s22416,0.614,1
s22417,0.948,1
s22418,0.975,1
s22419,1.0,1
s22420,0.652,1
s22421,0.652,1
s22422,1.0,1
s22423,0.91,1
s22424,0.526,1
s22425,1.0,1
s22426,0.606,1
s22427,0.9940000000000001,1
s22428,1.0,1
s22429,0.96,1
s22430,1.0,1
s22431,0.998,1
s22432,0.95,1
s22433,0.7979999999999999,1
s22434,0.569,1
s22435,0.569,1
s22436,0.569,1
s22437,1.0,1
s22438,0.9790000000000001,1
s22439,0.736,1
s22440,0.816,1
s22441,0.605,1
s22442,1.0,1
s22443,0.995,1
s22444,1.0,1
s22445,1.0,1
s22446,1.0,1
s22447,0.774,1
s22448,0.996,1
s22449,0.992,1
s22450,1.0,1
s22451,1.0,1
s22452,1.0,1
s22453,1.0,1
s22454,1.0,1
s22455,1.0,1
s22456,1.0,1
s22457,0.787,1
s22458,0.853,1
s22459,0.991,1
s22460,1.0,1
s22461,0.721,1
s22462,1.0,1
s22463,1.0,1
s22464,1.0,1
s22465,0.9890000000000001,1
s22466,0.812,1
s22467,0.856,1
s22468,0.995,1
s22469,0.996,1
s22470,1.0,1
s22471,0.62,1
s22472,0.975,1
s22473,0.795,1
s22474,0.853,1
s22475,0.971,1
s22476,0.9790000000000001,1
s22477,0.736,1
s22478,1.0,1
s22479,0.971,1
s22480,0.5670000000000001,1
s22481,1.0,1
s22482,0.995,1
s22483,0.992,1
s22484,0.6559999999999999,1
s22485,1.0,1
s22486,0.853,1
s22487,1.0,1
s22488,0.789,1
s22489,1.0,1
s22490,0.795,1
s22491,0.53,1
s22492,1.0,1
s22493,1.0,1
s22494,0.991,1
s22495,0.997,1
s22496,0.753,1
s22497,1.0,1
s22498,0.996,1
s22499,0.645,1
s22500,0.853,1
s22501,0.87,1
s22502,1.0,1
s22503,0.9940000000000001,1
s22504,0.991,1
s22505,0.922,1
s22506,1.0,1
s22507,0.998,1
s22508,0.706,1
s22509,1.0,1
s22510,1.0,1
s22511,0.99,1
s22512,1.0,1
s22513,0.985,1
s22514,0.991,1
s22515,0.99,1
s22516,0.99,1
s22517,1.0,1
s22518,0.893,1
s22519,0.746,1
s22520,0.924,1
s22521,0.599,1
s22522,0.596,1
s22523,0.596,1
s22524,0.596,1
s22525,0.718,1
s22526,0.5920000000000001,1
s22527,0.851,1
s22528,1.0,1
s22529,0.848,1
s22530,0.858,1
s22531,0.998,1
s22532,0.912,1
s22533,0.987,1
s22534,0.8690000000000001,1
s22535,0.9890000000000001,1
s22536,0.9690000000000001,1
s22537,1.0,1
s22538,0.996,1
s22539,1.0,1
s22540,0.996,1
s22541,0.9590000000000001,1
s22542,0.831,1
s22543,0.919,1
s22544,1.0,1
s22545,0.632,1
s22546,0.9590000000000001,1
s22547,0.684,1
s22548,0.757,1
s22549,0.8859999999999999,1
s22550,0.9129999999999999,1
s22551,0.919,1
s22552,0.919,1
s22553,0.547,1
s22554,0.993,1
s22555,0.743,1
s22556,0.998,1
s22557,1.0,1
s22558,0.7020000000000001,1
s22559,0.995,1
s22560,0.9790000000000001,1
s22561,0.996,1
s22562,0.768,1
s22563,1.0,1
s22564,1.0,1
s22565,0.631,1
s22566,1.0,1
s22567,0.667,1
s22568,0.997,1
s22569,1.0,1
s22570,1.0,1
s22571,1.0,1
s22572,1.0,1
s22573,1.0,1
s22574,1.0,1
s22575,1.0,1
s22576,1.0,1
s22577,0.585,1
s22578,0.6709999999999999,1
s22579,0.8370000000000001,1
s22580,1.0,1
s22581,1.0,1
s22582,1.0,1
s22583,1.0,1
s22584,1.0,1
s22585,1.0,1
s22586,0.6679999999999999,1
s22587,0.634,1
s22588,1.0,1
s22589,1.0,1
s22590,1.0,1
s22591,1.0,1
s22592,0.9890000000000001,1
s22593,1.0,1
s22594,1.0,1
s22595,0.49,1
s22596,0.991,1
s22597,0.853,1
s22598,0.691,1
s22599,0.99,1
s22600,0.58,1
s22601,0.997,1
s22602,0.7929999999999999,1
s22603,0.665,1
s22604,0.993,1
s22605,1.0,1
s22606,1.0,1
s22607,1.0,1
s22608,0.9740000000000001,1
s22609,0.9740000000000001,1
s22610,0.996,1
s22611,0.828,1
s22612,0.6,1
s22613,0.997,1
s22614,0.992,1
s22615,0.721,1
s22616,0.601,1
s22617,1.0,1
s22618,1.0,1
s22619,0.985,1
s22620,0.618,1
s22621,0.997,1
s22622,1.0,1
s22623,0.997,1
s22624,0.703,1
s22625,0.9990000000000001,1
s22626,0.997,1
s22627,0.997,1
s22628,0.9990000000000001,1
s22629,0.9990000000000001,1
s22630,0.9940000000000001,1
s22631,0.618,1
s22632,1.0,1
s22633,1.0,1
s22634,0.9940000000000001,1
s22635,0.855,1
s22636,0.615,1
s22637,1.0,1
s22638,0.667,1
s22639,0.953,1
s22640,1.0,1
s22641,1.0,1
s22642,1.0,1
s22643,0.996,1
s22644,0.992,1
s22645,1.0,1
s22646,0.9640000000000001,1
s22647,1.0,1
s22648,0.8690000000000001,1
s22649,0.9420000000000001,1
s22650,0.769,1
s22651,0.8320000000000001,1
s22652,0.993,1
s22653,1.0,1
s22654,0.983,1
s22655,0.997,1
s22656,0.682,1
s22657,1.0,1
s22658,1.0,1
s22659,0.6920000000000001,1
s22660,1.0,1
s22661,0.784,1
s22662,0.992,1
s22663,1.0,1
s22664,1.0,1
s22665,0.6990000000000001,1
s22666,1.0,1
s22667,0.917,1
s22668,0.804,1
s22669,0.612,1
s22670,1.0,1
s22671,0.997,1
s22672,0.789,1
s22673,0.8690000000000001,1
s22674,1.0,1
s22675,1.0,1
s22676,1.0,1
s22677,0.745,1
s22678,0.993,1
s22679,0.701,1
s22680,1.0,1
s22681,0.68,1
s22682,1.0,1
s22683,0.996,1
s22684,0.8809999999999999,1
s22685,0.997,1
s22686,0.8690000000000001,1
s22687,0.998,1
s22688,0.9940000000000001,1
s22689,1.0,1
s22690,1.0,1
s22691,0.9890000000000001,1
s22692,0.9940000000000001,1
s22693,0.759,1
s22694,0.836,1
s22695,0.599,1
s22696,0.835,1
s22697,0.74,1
s22698,0.7240000000000001,1
s22699,1.0,1
s22700,1.0,1
s22701,1.0,1
s22702,0.9890000000000001,1
s22703,0.838,1
s22704,0.774,1
s22705,0.787,1
s22706,0.898,1
s22707,0.995,1
s22708,0.995,1
s22709,0.995,1
s22710,1.0,1
s22711,0.9540000000000001,1
s22712,0.9440000000000001,1
s22713,0.68,1
s22714,0.758,1
s22715,0.998,1
s22716,1.0,1
s22717,0.789,1
s22718,0.722,1
s22719,0.544,1
s22720,1.0,1
s22721,1.0,1
s22722,0.7979999999999999,1
s22723,1.0,1
s22724,0.8909999999999999,1
s22725,1.0,1
s22726,1.0,1
s22727,0.922,1
s22728,0.8740000000000001,1
s22729,1.0,1
s22730,0.789,1
s22731,1.0,1
s22732,1.0,1
s22733,0.996,1
s22734,1.0,1
s22735,0.993,1
s22736,0.993,1
s22737,0.99,1
s22738,0.5920000000000001,1
s22739,0.996,1
s22740,0.7979999999999999,1
s22741,0.82,1
s22742,0.996,1
s22743,0.6940000000000001,1
s22744,1.0,1
s22745,0.693,1
s22746,0.8909999999999999,1
s22747,0.753,1
s22748,0.826,1
s22749,0.73,1
s22750,0.787,1
s22751,1.0,1
s22752,0.998,1
s22753,1.0,1
s22754,0.757,1
s22755,0.932,1
s22756,1.0,1
s22757,1.0,1
s22758,1.0,1
s22759,0.943,1
s22760,0.779,1
s22761,0.956,1
s22762,0.993,1
s22763,0.995,1
s22764,1.0,1
s22765,1.0,1
s22766,0.693,1
s22767,0.97,1
s22768,0.9440000000000001,1
s22769,0.968,1
s22770,0.9159999999999999,1
s22771,1.0,1
s22772,1.0,1
s22773,0.642,1
s22774,0.541,1
s22775,0.61,1
s22776,0.988,1
s22777,1.0,1
s22778,1.0,1
s22779,1.0,1
s22780,0.919,1
s22781,0.993,1
s22782,0.6709999999999999,1
s22783,0.6459999999999999,1
s22784,1.0,1
s22785,0.953,1
s22786,0.9940000000000001,1
s22787,0.6709999999999999,1
s22788,0.616,1
s22789,0.727,1
s22790,0.685,1
s22791,0.998,1
s22792,1.0,1
s22793,0.9520000000000001,1
s22794,1.0,1
s22795,0.61,1
s22796,0.996,1
s22797,1.0,1
s22798,1.0,1
s22799,0.993,1
s22800,0.993,1
s22801,1.0,1
s22802,0.695,1
s22803,1.0,1
s22804,0.6459999999999999,1
s22805,0.996,1
s22806,0.6920000000000001,1
s22807,0.617,1
s22808,1.0,1
s22809,0.903,1
s22810,0.9940000000000001,1
s22811,1.0,1
s22812,0.9840000000000001,1
s22813,1.0,1
s22814,1.0,1
s22815,0.5710000000000001,1
s22816,0.8370000000000001,1
s22817,0.715,1
s22818,1.0,1
s22819,0.893,1
s22820,0.975,1
s22821,0.6,1
s22822,0.98,1
s22823,0.991,1
s22824,1.0,1
s22825,0.813,1
s22826,0.982,1
s22827,1.0,1
s22828,0.998,1
s22829,0.555,1
s22830,0.6609999999999999,1
s22831,1.0,1
s22832,1.0,1
s22833,0.8420000000000001,1
s22834,1.0,1
s22835,1.0,1
s22836,0.998,1
s22837,1.0,1
s22838,0.6609999999999999,1
s22839,0.997,1
s22840,1.0,1
s22841,1.0,1
s22842,0.529,1
s22843,1.0,1
s22844,0.953,1
s22845,1.0,1
s22846,0.62,1
s22847,1.0,1
s22848,0.98,1
s22849,0.943,1
s22850,0.747,1
s22851,1.0,1
s22852,1.0,1
s22853,0.997,1
s22854,1.0,1
s22855,0.978,1
s22856,0.642,1
s22857,0.996,1
s22858,0.996,1
s22859,0.986,1
s22860,0.9940000000000001,1
s22861,1.0,1
s22862,1.0,1
s22863,0.7559999999999999,1
s22864,0.805,1
s22865,0.779,1
s22866,0.765,1
s22867,0.983,1
s22868,0.7909999999999999,1
s22869,0.608,1
s22870,0.995,1
s22871,0.773,1
s22872,0.644,1
s22873,0.775,1
s22874,1.0,1
s22875,1.0,1
s22876,1.0,1
s22877,1.0,1
s22878,0.787,1
s22879,0.998,1
s22880,1.0,1
s22881,1.0,1
s22882,0.998,1
s22883,0.998,1
s22884,1.0,1
s22885,0.9840000000000001,1
s22886,1.0,1
s22887,0.9840000000000001,1
s22888,0.9840000000000001,1
s22889,0.993,1
s22890,0.976,1
s22891,0.8109999999999999,1
s22892,0.872,1
s22893,1.0,1
s22894,0.816,1
s22895,0.7190000000000001,1
s22896,0.574,1
s22897,0.621,1
s22898,1.0,1
s22899,1.0,1
s22900,1.0,1
s22901,0.593,1
s22902,0.995,1
s22903,0.9940000000000001,1
s22904,0.669,1
s22905,0.998,1
s22906,0.657,1
s22907,0.799,1
s22908,0.799,1
s22909,0.991,1
s22910,0.992,1
s22911,1.0,1
s22912,0.995,1
s22913,0.7170000000000001,1
s22914,0.6990000000000001,1
s22915,0.5670000000000001,1
s22916,1.0,1
s22917,0.615,1
s22918,1.0,1
s22919,1.0,1
s22920,0.968,1
s22921,0.958,1
s22922,0.6759999999999999,1
s22923,0.7809999999999999,1
s22924,0.988,1
s22925,0.924,1
s22926,0.7809999999999999,1
s22927,0.991,1
s22928,0.988,1
s22929,0.9259999999999999,1
s22930,0.988,1
s22931,1.0,1
s22932,0.997,1
s22933,1.0,1
s22934,1.0,1
s22935,0.982,1
s22936,0.9940000000000001,1
s22937,0.914,1
s22938,0.995,1
s22939,0.995,1
s22940,0.985,1
s22941,0.687,1
s22942,1.0,1
s22943,0.977,1
s22944,1.0,1
s22945,1.0,1
s22946,1.0,1
s22947,0.7340000000000001,1
s22948,0.9179999999999999,1
s22949,0.922,1
s22950,1.0,1
s22951,0.973,1
s22952,0.83,1
s22953,1.0,1
s22954,0.9940000000000001,1
s22955,1.0,1
s22956,0.996,1
s22957,0.862,1
s22958,0.9390000000000001,1
s22959,0.861,1
s22960,0.9390000000000001,1
s22961,0.85,1
s22962,0.816,1
s22963,1.0,1
s22964,1.0,1
s22965,1.0,1
s22966,1.0,1
s22967,1.0,1
s22968,1.0,1
s22969,1.0,1
s22970,0.706,1
s22971,1.0,1
s22972,0.8490000000000001,1
s22973,0.996,1
s22974,0.987,1
s22975,1.0,1
s22976,0.991,1
s22977,1.0,1
s22978,0.55,1
s22979,0.591,1
s22980,0.728,1
s22981,0.961,1
s22982,0.9990000000000001,1
s22983,1.0,1
s22984,0.782,1
s22985,1.0,1
s22986,0.982,1
s22987,1.0,1
s22988,0.985,1
s22989,1.0,1
s22990,0.706,1
s22991,0.785,1
s22992,0.927,1
s22993,0.9229999999999999,1
s22994,0.895,1
s22995,1.0,1
s22996,1.0,1
s22997,0.997,1
s22998,0.9620000000000001,1
s22999,0.667,1
s23000,0.991,1
s23001,0.9620000000000001,1
s23002,0.991,1
s23003,0.986,1
s23004,0.7120000000000001,1
s23005,0.985,1
s23006,0.993,1
s23007,1.0,1
s23008,0.9620000000000001,1
s23009,1.0,1
s23010,1.0,1
s23011,0.981,1
s23012,0.997,1
s23013,0.924,1
s23014,0.757,1
s23015,0.763,1
s23016,0.743,1
s23017,0.9940000000000001,1
s23018,0.9940000000000001,1
s23019,0.9940000000000001,1
s23020,0.9790000000000001,1
s23021,0.997,1
s23022,0.997,1
s23023,0.868,1
s23024,0.66,1
s23025,0.868,1
s23026,1.0,1
s23027,1.0,1
s23028,0.997,1
s23029,0.64,1
s23030,0.636,1
s23031,0.937,1
s23032,1.0,1
s23033,0.995,1
s23034,1.0,1
s23035,1.0,1
s23036,0.597,1
s23037,1.0,1
s23038,0.6409999999999999,1
s23039,0.9129999999999999,1
s23040,1.0,1
s23041,0.743,1
s23042,0.6659999999999999,1
s23043,1.0,1
s23044,0.982,1
s23045,0.997,1
s23046,0.657,1
s23047,0.985,1
s23048,0.985,1
s23049,0.981,1
s23050,0.981,1
s23051,0.973,1
s23052,0.996,1
s23053,1.0,1
s23054,0.997,1
s23055,0.993,1
s23056,0.72,1
s23057,0.963,1
s23058,1.0,1
s23059,1.0,1
s23060,1.0,1
s23061,0.9940000000000001,1
s23062,1.0,1
s23063,0.6459999999999999,1
s23064,1.0,1
s23065,0.655,1
s23066,0.9940000000000001,1
s23067,0.9790000000000001,1
s23068,0.615,1
s23069,0.995,1
s23070,1.0,1
s23071,0.968,1
s23072,1.0,1
s23073,0.955,1
s23074,0.81,1
s23075,0.992,1
s23076,0.888,1
s23077,0.718,1
s23078,0.7490000000000001,1
s23079,0.9840000000000001,1
s23080,0.695,1
s23081,0.596,1
s23082,1.0,1
s23083,0.996,1
s23084,0.996,1
s23085,1.0,1
s23086,0.677,1
s23087,0.59,1
s23088,0.943,1
s23089,0.975,1
s23090,0.899,1
s23091,1.0,1
s23092,0.76,1
s23093,0.628,1
s23094,0.973,1
s23095,1.0,1
s23096,1.0,1
s23097,1.0,1
s23098,1.0,1
s23099,1.0,1
s23100,0.61,1
s23101,0.991,1
s23102,0.9740000000000001,1
s23103,0.9740000000000001,1
s23104,0.873,1
s23105,1.0,1
s23106,0.9890000000000001,1
s23107,1.0,1
s23108,0.925,1
s23109,0.922,1
s23110,0.978,1
s23111,1.0,1
s23112,0.978,1
s23113,0.929,1
s23114,0.9990000000000001,1
s23115,1.0,1
s23116,0.998,1
s23117,0.998,1
s23118,0.9940000000000001,1
s23119,0.655,1
s23120,0.762,1
s23121,1.0,1
s23122,0.9129999999999999,1
s23123,1.0,1
s23124,0.8590000000000001,1
s23125,1.0,1
s23126,1.0,1
s23127,0.998,1
s23128,0.9259999999999999,1
s23129,0.9229999999999999,1
s23130,0.9259999999999999,1
s23131,1.0,1
s23132,0.8009999999999999,1
s23133,0.754,1
s23134,1.0,1
s23135,1.0,1
s23136,1.0,1
s23137,0.802,1
s23138,0.925,1
s23139,0.88,1
s23140,0.873,1
s23141,0.873,1
s23142,0.873,1
s23143,0.873,1
s23144,0.873,1
s23145,1.0,1
s23146,0.922,1
s23147,0.669,1
s23148,0.996,1
s23149,0.91,1
s23150,1.0,1
s23151,0.899,1
s23152,1.0,1
s23153,0.985,1
s23154,0.677,1
s23155,1.0,1
s23156,0.742,1
s23157,0.608,1
s23158,1.0,1
s23159,0.996,1
s23160,0.607,1
s23161,0.607,1
s23162,0.607,1
s23163,0.607,1
s23164,0.607,1
s23165,1.0,1
s23166,1.0,1
s23167,0.998,1
s23168,0.998,1
s23169,0.9990000000000001,1
s23170,0.998,1
s23171,0.998,1
s23172,0.997,1
s23173,0.611,1
s23174,0.597,1
s23175,0.99,1
s23176,0.92,1
s23177,0.92,1
s23178,0.92,1
s23179,0.92,1
s23180,1.0,1
s23181,0.677,1
s23182,0.9329999999999999,1
s23183,0.612,1
s23184,0.795,1
s23185,0.795,1
s23186,0.795,1
s23187,0.795,1
s23188,1.0,1
s23189,0.9440000000000001,1
s23190,0.9940000000000001,1
s23191,0.787,1
s23192,0.794,1
s23193,1.0,1
s23194,1.0,1
s23195,0.986,1
s23196,0.995,1
s23197,0.996,1
s23198,0.992,1
s23199,0.995,1
s23200,1.0,1
s23201,0.998,1
s23202,0.998,1
s23203,0.7809999999999999,1
s23204,1.0,1
s23205,0.991,1
s23206,0.997,1
s23207,1.0,1
s23208,0.997,1
s23209,0.713,1
s23210,0.865,1
s23211,0.985,1
s23212,1.0,1
s23213,0.6890000000000001,1
s23214,0.6759999999999999,1
s23215,0.9990000000000001,1
s23216,0.9990000000000001,1
s23217,0.996,1
s23218,0.856,1
s23219,1.0,1
s23220,0.847,1
s23221,0.997,1
s23222,0.581,1
s23223,1.0,1
s23224,0.6970000000000001,1
s23225,0.6890000000000001,1
s23226,0.9940000000000001,1
s23227,0.955,1
s23228,0.9940000000000001,1
s23229,1.0,1
s23230,0.997,1
s23231,1.0,1
s23232,0.639,1
s23233,0.759,1
s23234,0.764,1
s23235,0.613,1
s23236,0.613,1
s23237,0.998,1
s23238,0.6629999999999999,1
s23239,0.521,1
s23240,0.902,1
s23241,0.883,1
s23242,1.0,1
s23243,0.993,1
s23244,1.0,1
s23245,0.8170000000000001,1
s23246,0.715,1
s23247,0.713,1
s23248,1.0,1
s23249,0.998,1
s23250,0.9690000000000001,1
s23251,1.0,1
s23252,0.934,1
s23253,0.8290000000000001,1
s23254,1.0,1
s23255,0.992,1
s23256,1.0,1
s23257,0.9890000000000001,1
s23258,1.0,1
s23259,0.996,1
s23260,0.996,1
s23261,0.996,1
s23262,0.955,1
s23263,0.706,1
s23264,1.0,1
s23265,0.802,1
s23266,0.768,1
s23267,1.0,1
s23268,1.0,1
s23269,1.0,1
s23270,1.0,1
s23271,0.601,1
s23272,1.0,1
s23273,0.924,1
s23274,0.998,1
s23275,1.0,1
s23276,0.998,1
s23277,0.997,1
s23278,1.0,1
s23279,0.9840000000000001,1
s23280,0.772,1
s23281,0.69,1
s23282,0.992,1
s23283,1.0,1
s23284,1.0,1
s23285,1.0,1
s23286,1.0,1
s23287,1.0,1
s23288,0.519,1
s23289,0.998,1
s23290,0.546,1
s23291,0.688,1
s23292,0.688,1
s23293,0.9990000000000001,1
s23294,1.0,1
s23295,0.991,1
s23296,0.655,1
s23297,1.0,1
s23298,1.0,1
s23299,0.988,1
s23300,0.5760000000000001,1
s23301,0.847,1
s23302,0.695,1
s23303,0.6920000000000001,1
s23304,1.0,1
s23305,0.995,1
s23306,0.784,1
s23307,0.759,1
s23308,0.995,1
s23309,1.0,1
s23310,1.0,1
s23311,0.895,1
s23312,0.895,1
s23313,0.895,1
s23314,1.0,1
s23315,0.893,1
s23316,0.893,1
s23317,0.893,1
s23318,0.996,1
s23319,1.0,1
s23320,1.0,1
s23321,0.722,1
s23322,0.996,1
s23323,0.997,1
s23324,1.0,1
s23325,0.993,1
s23326,0.9159999999999999,1
s23327,0.902,1
s23328,0.961,1
s23329,0.812,1
s23330,0.774,1
s23331,0.815,1
s23332,0.848,1
s23333,0.782,1
s23334,0.996,1
s23335,0.995,1
s23336,0.966,1
s23337,1.0,1
s23338,1.0,1
s23339,0.996,1
s23340,1.0,1
s23341,0.517,1
s23342,0.618,1
s23343,0.616,1
s23344,0.616,1
s23345,1.0,1
s23346,0.996,1
s23347,0.996,1
s23348,1.0,1
s23349,0.731,1
s23350,1.0,1
s23351,0.927,1
s23352,1.0,1
s23353,0.9109999999999999,1
s23354,0.9109999999999999,1
s23355,0.636,1
s23356,0.9159999999999999,1
s23357,0.991,1
s23358,0.997,1
s23359,0.997,1
s23360,1.0,1
s23361,0.961,1
s23362,0.958,1
s23363,0.958,1
s23364,1.0,1
s23365,0.664,1
s23366,1.0,1
s23367,1.0,1
s23368,1.0,1
s23369,1.0,1
s23370,0.996,1
s23371,1.0,1
s23372,0.995,1
s23373,0.72,1
s23374,0.92,1
s23375,0.726,1
s23376,1.0,1
s23377,0.6859999999999999,1
s23378,0.851,1
s23379,0.9129999999999999,1
s23380,0.59,1
s23381,0.998,1
s23382,1.0,1
s23383,1.0,1
s23384,1.0,1
s23385,0.5589999999999999,1
s23386,0.9279999999999999,1
s23387,0.598,1
s23388,0.9390000000000001,1
s23389,0.992,1
s23390,0.925,1
s23391,0.9179999999999999,1
s23392,0.9179999999999999,1
s23393,1.0,1
s23394,0.995,1
s23395,0.941,1
s23396,1.0,1
s23397,1.0,1
s23398,1.0,1
s23399,1.0,1
s23400,1.0,1
s23401,0.997,1
s23402,0.9079999999999999,1
s23403,0.598,1
s23404,1.0,1
s23405,1.0,1
s23406,0.9990000000000001,1
s23407,0.9990000000000001,1
s23408,1.0,1
s23409,0.97,1
s23410,1.0,1
s23411,0.9940000000000001,1
s23412,0.995,1
s23413,0.863,1
s23414,1.0,1
s23415,0.996,1
s23416,0.7909999999999999,1
s23417,0.963,1
s23418,0.992,1
s23419,1.0,1
s23420,1.0,1
s23421,0.6579999999999999,1
s23422,1.0,1
s23423,1.0,1
s23424,0.9790000000000001,1
s23425,1.0,1
s23426,1.0,1
s23427,0.992,1
s23428,1.0,1
s23429,1.0,1
s23430,0.708,1
s23431,0.9940000000000001,1
s23432,0.6559999999999999,1
s23433,0.996,1
s23434,0.894,1
s23435,0.996,1
s23436,0.665,1
s23437,0.584,1
s23438,0.58,1
s23439,1.0,1
s23440,0.8140000000000001,1
s23441,0.654,1
s23442,0.988,1
s23443,0.991,1
s23444,0.982,1
s23445,0.987,1
s23446,0.728,1
s23447,1.0,1
s23448,0.845,1
s23449,0.922,1
s23450,0.7,1
s23451,0.797,1
s23452,0.636,1
s23453,0.541,1
s23454,0.987,1
s23455,0.5529999999999999,1
s23456,1.0,1
s23457,1.0,1
s23458,1.0,1
s23459,0.997,1
s23460,0.997,1
s23461,0.966,1
s23462,0.843,1
s23463,0.7340000000000001,1
s23464,0.667,1
s23465,1.0,1
s23466,1.0,1
s23467,0.997,1
s23468,0.997,1
s23469,0.997,1
s23470,1.0,1
s23471,1.0,1
s23472,0.961,1
s23473,0.905,1
s23474,1.0,1
s23475,0.998,1
s23476,1.0,1
s23477,0.7340000000000001,1
s23478,0.667,1
s23479,1.0,1
s23480,0.7020000000000001,1
s23481,1.0,1
s23482,0.795,1
s23483,0.9990000000000001,1
s23484,1.0,1
s23485,0.9329999999999999,1
s23486,1.0,1
s23487,0.9940000000000001,1
s23488,1.0,1
s23489,1.0,1
s23490,0.633,1
s23491,0.9940000000000001,1
s23492,0.991,1
s23493,0.995,1
s23494,0.884,1
s23495,0.594,1
s23496,0.727,1
s23497,1.0,1
s23498,1.0,1
s23499,0.978,1
s23500,1.0,1
s23501,0.9790000000000001,1
s23502,1.0,1
s23503,0.94,1
s23504,0.9740000000000001,1
s23505,0.997,1
s23506,0.867,1
s23507,0.8640000000000001,1
s23508,1.0,1
s23509,0.8,1
s23510,0.624,1
s23511,0.8,1
s23512,0.997,1
s23513,0.556,1
s23514,0.883,1
s23515,0.995,1
s23516,0.995,1
s23517,0.753,1
s23518,0.941,1
s23519,1.0,1
s23520,0.993,1
s23521,0.557,1
s23522,0.8220000000000001,1
s23523,1.0,1
s23524,0.97,1
s23525,0.9640000000000001,1
s23526,0.97,1
s23527,0.9640000000000001,1
s23528,0.97,1
s23529,0.991,1
s23530,1.0,1
s23531,1.0,1
s23532,0.97,1
s23533,1.0,1
s23534,0.995,1
s23535,1.0,1
s23536,0.9940000000000001,1
s23537,0.696,1
s23538,0.6,1
s23539,0.0,0
s23540,0.9390000000000001,1
s23541,0.9440000000000001,1
s23542,0.997,1
s23543,1.0,1
s23544,0.95,1
s23545,0.5820000000000001,1
s23546,1.0,1
s23547,0.91,1
s23548,0.91,1
s23549,0.9129999999999999,1
s23550,0.652,1
s23551,0.655,1
s23552,0.652,1
s23553,0.9940000000000001,1
s23554,0.997,1
s23555,0.7240000000000001,1
s23556,0.721,1
s23557,0.722,1
s23558,0.669,1
s23559,1.0,1
s23560,0.997,1
s23561,0.778,1
s23562,1.0,1
s23563,0.773,1
s23564,0.773,1
s23565,0.9059999999999999,1
s23566,0.611,1
s23567,0.7559999999999999,1
s23568,0.993,1
s23569,0.613,1
s23570,0.995,1
s23571,0.961,1
s23572,0.9570000000000001,1
s23573,0.9790000000000001,1
s23574,0.866,1
s23575,0.9990000000000001,1
s23576,0.9940000000000001,1
s23577,0.9890000000000001,1
s23578,0.9940000000000001,1
s23579,0.758,1
s23580,0.7959999999999999,1
s23581,1.0,1
s23582,1.0,1
s23583,1.0,1
s23584,0.995,1
s23585,0.688,1
s23586,0.8140000000000001,1
s23587,0.551,1
s23588,0.9990000000000001,1
s23589,1.0,1
s23590,0.7040000000000001,1
s23591,0.961,1
s23592,0.9690000000000001,1
s23593,0.9640000000000001,1
s23594,0.9640000000000001,1
s23595,0.99,1
s23596,0.99,1
s23597,1.0,1
s23598,0.772,1
s23599,0.768,1
s23600,0.768,1
s23601,0.7659999999999999,1
s23602,0.696,1
s23603,0.5489999999999999,1
s23604,1.0,1
s23605,0.997,1
s23606,0.609,1
s23607,0.997,1
s23608,0.998,1
s23609,0.997,1
s23610,0.865,1
s23611,0.945,1
s23612,0.733,1
s23613,1.0,1
s23614,0.579,1
s23615,1.0,1
s23616,1.0,1
s23617,0.995,1
s23618,1.0,1
s23619,1.0,1
s23620,0.998,1
s23621,0.995,1
s23622,1.0,1
s23623,1.0,1
s23624,0.643,1
s23625,0.7,1
s23626,1.0,1
s23627,0.7,1
s23628,0.653,1
s23629,1.0,1
s23630,0.99,1
s23631,1.0,1
s23632,1.0,1
s23633,0.9940000000000001,1
s23634,0.9840000000000001,1
s23635,0.995,1
s23636,0.675,1
s23637,1.0,1
s23638,1.0,1
s23639,0.995,1
s23640,1.0,1
s23641,0.996,1
s23642,0.655,1
s23643,0.992,1
s23644,1.0,1
s23645,0.995,1
s23646,0.995,1
s23647,0.7609999999999999,1
s23648,0.9840000000000001,1
s23649,0.9840000000000001,1
s23650,0.998,1
s23651,1.0,1
s23652,0.997,1
s23653,0.915,1
s23654,0.634,1
s23655,1.0,1
s23656,0.6679999999999999,1
s23657,0.578,1
s23658,0.706,1
s23659,0.997,1
s23660,1.0,1
s23661,1.0,1
s23662,0.9940000000000001,1
s23663,0.961,1
s23664,1.0,1
s23665,0.757,1
s23666,0.997,1
s23667,1.0,1
s23668,1.0,1
s23669,1.0,1
s23670,0.997,1
s23671,0.997,1
s23672,1.0,1
s23673,0.998,1
s23674,0.998,1
s23675,0.768,1
s23676,0.6729999999999999,1
s23677,0.7979999999999999,1
s23678,1.0,1
s23679,0.773,1
s23680,0.978,1
s23681,0.99,1
s23682,0.6809999999999999,1
s23683,0.5579999999999999,1
s23684,0.633,1
s23685,1.0,1
s23686,1.0,1
s23687,0.981,1
s23688,0.981,1
s23689,1.0,1
s23690,0.996,1
s23691,0.602,1
s23692,0.6890000000000001,1
s23693,1.0,1
s23694,0.997,1
s23695,0.997,1
s23696,0.997,1
s23697,0.997,1
s23698,0.634,1
s23699,0.978,1
s23700,0.9129999999999999,1
s23701,0.92,1
s23702,0.953,1
s23703,0.946,1
s23704,0.757,1
s23705,1.0,1
s23706,0.76,1
s23707,1.0,1
s23708,0.9309999999999999,1
s23709,0.9309999999999999,1
s23710,1.0,1
s23711,0.927,1
s23712,0.9940000000000001,1
s23713,0.988,1
s23714,0.988,1
s23715,0.986,1
s23716,0.986,1
s23717,1.0,1
s23718,1.0,1
s23719,0.823,1
s23720,0.823,1
s23721,0.986,1
s23722,0.996,1
s23723,0.996,1
s23724,1.0,1
s23725,0.759,1
s23726,1.0,1
s23727,1.0,1
s23728,0.997,1
s23729,1.0,1
s23730,0.993,1
s23731,0.993,1
s23732,0.991,1
s23733,0.991,1
s23734,0.7929999999999999,1
s23735,1.0,1
s23736,0.888,1
s23737,0.8909999999999999,1
s23738,0.812,1
s23739,0.992,1
s23740,1.0,1
s23741,1.0,1
s23742,0.993,1
s23743,0.935,1
s23744,0.7859999999999999,1
s23745,0.94,1
s23746,0.94,1
s23747,0.968,1
s23748,0.997,1
s23749,1.0,1
s23750,0.973,1
s23751,0.973,1
s23752,0.743,1
s23753,0.94,1
s23754,1.0,1
s23755,0.9520000000000001,1
s23756,1.0,1
s23757,1.0,1
s23758,1.0,1
s23759,0.836,1
s23760,0.978,1
s23761,0.986,1
s23762,0.958,1
s23763,0.857,1
s23764,1.0,1
s23765,0.981,1
s23766,0.9940000000000001,1
s23767,0.934,1
s23768,0.992,1
s23769,0.9590000000000001,1
s23770,0.727,1
s23771,0.995,1
s23772,0.7909999999999999,1
s23773,1.0,1
s23774,1.0,1
s23775,0.958,1
s23776,0.9159999999999999,1
s23777,1.0,1
s23778,0.976,1
s23779,0.968,1
s23780,0.968,1
s23781,0.968,1
s23782,0.968,1
s23783,0.968,1
s23784,0.9520000000000001,1
s23785,0.997,1
s23786,0.995,1
s23787,0.997,1
s23788,0.997,1
s23789,0.846,1
s23790,0.872,1
s23791,0.99,1
s23792,0.995,1
s23793,1.0,1
s23794,0.9590000000000001,1
s23795,0.9590000000000001,1
s23796,0.932,1
s23797,0.965,1
s23798,0.945,1
s23799,0.95,1
s23800,0.895,1
s23801,0.9890000000000001,1
s23802,1.0,1
s23803,0.997,1
s23804,1.0,1
s23805,0.937,1
s23806,0.966,1
s23807,1.0,1
s23808,0.9209999999999999,1
s23809,0.511,1
s23810,1.0,1
s23811,0.997,1
s23812,1.0,1
s23813,0.648,1
s23814,0.665,1
s23815,0.6629999999999999,1
s23816,0.997,1
s23817,1.0,1
s23818,0.8590000000000001,1
s23819,0.929,1
s23820,0.895,1
s23821,0.902,1
s23822,1.0,1
s23823,0.9590000000000001,1
s23824,0.98,1
s23825,0.929,1
s23826,0.868,1
s23827,0.997,1
s23828,0.9570000000000001,1
s23829,0.976,1
s23830,0.821,1
s23831,1.0,1
s23832,0.8079999999999999,1
s23833,0.636,1
s23834,0.7959999999999999,1
s23835,1.0,1
s23836,1.0,1
s23837,0.672,1
s23838,1.0,1
s23839,1.0,1
s23840,0.997,1
s23841,0.997,1
s23842,0.9440000000000001,1
s23843,0.72,1
s23844,0.858,1
s23845,0.998,1
s23846,0.996,1
s23847,0.7040000000000001,1
s23848,0.74,1
s23849,0.875,1
s23850,0.8759999999999999,1
s23851,0.71,1
s23852,0.8190000000000001,1
s23853,1.0,1
s23854,0.857,1
s23855,0.9329999999999999,1
s23856,0.9329999999999999,1
s23857,0.9359999999999999,1
s23858,1.0,1
s23859,0.9940000000000001,1
s23860,0.71,1
s23861,0.991,1
s23862,0.988,1
s23863,0.991,1
s23864,1.0,1
s23865,0.996,1
s23866,1.0,1
s23867,0.755,1
s23868,1.0,1
s23869,0.633,1
s23870,0.9420000000000001,1
s23871,0.9420000000000001,1
s23872,0.99,1
s23873,0.723,1
s23874,1.0,1
s23875,1.0,1
s23876,1.0,1
s23877,0.988,1
s23878,0.996,1
s23879,0.5329999999999999,1
s23880,0.972,1
s23881,1.0,1
s23882,1.0,1
s23883,1.0,1
s23884,0.996,1
s23885,0.995,1
s23886,0.996,1
s23887,0.797,1
s23888,0.522,1
s23889,0.997,1
s23890,1.0,1
s23891,0.99,1
s23892,0.9840000000000001,1
s23893,1.0,1
s23894,1.0,1
s23895,0.966,1
s23896,0.966,1
s23897,0.963,1
s23898,0.963,1
s23899,0.963,1
s23900,0.9590000000000001,1
s23901,1.0,1
s23902,1.0,1
s23903,0.9670000000000001,1
s23904,0.9670000000000001,1
s23905,0.6890000000000001,1
s23906,1.0,1
s23907,1.0,1
s23908,0.998,1
s23909,1.0,1
s23910,1.0,1
s23911,0.775,1
s23912,0.993,1
s23913,0.909,1
s23914,1.0,1
s23915,1.0,1
s23916,1.0,1
s23917,1.0,1
s23918,0.995,1
s23919,0.953,1
s23920,0.953,1
s23921,0.938,1
s23922,0.9520000000000001,1
s23923,1.0,1
s23924,1.0,1
s23925,0.991,1
s23926,0.86,1
s23927,0.997,1
s23928,1.0,1
s23929,0.9790000000000001,1
s23930,0.716,1
s23931,1.0,1
s23932,0.99,1
s23933,1.0,1
s23934,0.718,1
s23935,0.718,1
s23936,0.976,1
s23937,0.997,1
s23938,1.0,1
s23939,0.998,1
s23940,0.997,1
s23941,0.9940000000000001,1
s23942,0.5820000000000001,1
s23943,0.5820000000000001,1
s23944,0.9940000000000001,1
s23945,0.9840000000000001,1
s23946,0.998,1
s23947,0.998,1
s23948,0.716,1
s23949,0.71,1
s23950,1.0,1
s23951,1.0,1
s23952,0.9990000000000001,1
s23953,1.0,1
s23954,1.0,1
s23955,0.917,1
s23956,0.9159999999999999,1
s23957,1.0,1
s23958,1.0,1
s23959,1.0,1
s23960,0.828,1
s23961,0.997,1
s23962,0.9520000000000001,1
s23963,0.96,1
s23964,0.95,1
s23965,0.836,1
s23966,0.8340000000000001,1
s23967,0.8320000000000001,1
s23968,0.992,1
s23969,0.968,1
s23970,1.0,1
s23971,0.6459999999999999,1
s23972,1.0,1
s23973,0.993,1
s23974,0.9890000000000001,1
s23975,1.0,1
s23976,0.995,1
s23977,0.9890000000000001,1
s23978,0.996,1
s23979,0.684,1
s23980,0.995,1
s23981,0.9890000000000001,1
s23982,0.9890000000000001,1
s23983,1.0,1
s23984,1.0,1
s23985,0.992,1
s23986,0.866,1
s23987,0.9890000000000001,1
s23988,1.0,1
s23989,0.871,1
s23990,1.0,1
s23991,0.99,1
s23992,1.0,1
s23993,0.8440000000000001,1
s23994,0.9890000000000001,1
s23995,0.992,1
s23996,0.9990000000000001,1
s23997,1.0,1
s23998,1.0,1
s23999,0.677,1
s24000,0.9890000000000001,1
s24001,1.0,1
s24002,0.718,1
s24003,0.98,1
s24004,1.0,1
s24005,0.988,1
s24006,0.997,1
s24007,1.0,1
s24008,1.0,1
s24009,0.9940000000000001,1
s24010,1.0,1
s24011,0.816,1
s24012,1.0,1
s24013,1.0,1
s24014,0.8320000000000001,1
s24015,0.8270000000000001,1
s24016,0.915,1
s24017,0.9309999999999999,1
s24018,0.813,1
s24019,0.825,1
s24020,0.5820000000000001,1
s24021,1.0,1
s24022,1.0,1
s24023,1.0,1
s24024,0.995,1
s24025,0.982,1
s24026,1.0,1
s24027,1.0,1
s24028,0.862,1
s24029,0.644,1
s24030,1.0,1
s24031,1.0,1
s24032,1.0,1
s24033,1.0,1
s24034,0.937,1
s24035,0.996,1
s24036,1.0,1
s24037,0.988,1
s24038,1.0,1
s24039,0.982,1
s24040,1.0,1
s24041,0.975,1
s24042,0.972,1
s24043,0.997,1
s24044,0.9079999999999999,1
s24045,1.0,1
s24046,1.0,1
s24047,0.7140000000000001,1
s24048,0.705,1
s24049,0.6729999999999999,1
s24050,1.0,1
s24051,0.9990000000000001,1
s24052,1.0,1
s24053,0.78,1
s24054,0.997,1
s24055,0.997,1
s24056,0.998,1
s24057,0.998,1
s24058,0.998,1
s24059,1.0,1
s24060,1.0,1
s24061,0.995,1
s24062,1.0,1
s24063,0.991,1
s24064,0.995,1
s24065,0.997,1
s24066,0.912,1
s24067,1.0,1
s24068,0.7140000000000001,1
s24069,1.0,1
s24070,0.973,1
s24071,0.7809999999999999,1
s24072,0.772,1
s24073,0.9640000000000001,1
s24074,0.993,1
s24075,0.99,1
s24076,0.993,1
s24077,1.0,1
s24078,0.987,1
s24079,1.0,1
s24080,1.0,1
s24081,0.997,1
s24082,0.7,1
s24083,0.774,1
s24084,1.0,1
s24085,1.0,1
s24086,1.0,1
s24087,1.0,1
s24088,0.997,1
s24089,1.0,1
s24090,1.0,1
s24091,1.0,1
s24092,0.992,1
s24093,1.0,1
s24094,0.971,1
s24095,0.539,1
s24096,0.9490000000000001,1
s24097,1.0,1
s24098,1.0,1
s24099,0.9940000000000001,1
s24100,0.932,1
s24101,1.0,1
s24102,0.634,1
s24103,0.63,1
s24104,1.0,1
s24105,0.963,1
s24106,0.6559999999999999,1
s24107,0.705,1
s24108,0.7709999999999999,1
s24109,0.986,1
s24110,0.977,1
s24111,1.0,1
s24112,0.763,1
s24113,0.9940000000000001,1
s24114,0.695,1
s24115,0.995,1
s24116,0.993,1
s24117,1.0,1
s24118,0.996,1
s24119,0.937,1
s24120,0.7290000000000001,1
s24121,0.721,1
s24122,1.0,1
s24123,0.997,1
s24124,0.619,1
s24125,1.0,1
s24126,1.0,1
s24127,1.0,1
s24128,1.0,1
s24129,0.7559999999999999,1
s24130,0.861,1
s24131,0.9079999999999999,1
s24132,1.0,1
s24133,0.988,1
s24134,0.995,1
s24135,1.0,1
s24136,1.0,1
s24137,1.0,1
s24138,0.57,1
s24139,0.823,1
s24140,0.607,1
s24141,1.0,1
s24142,1.0,1
s24143,0.993,1
s24144,0.995,1
s24145,0.76,1
s24146,1.0,1
s24147,0.758,1
s24148,0.971,1
s24149,0.972,1
s24150,0.784,1
s24151,0.9940000000000001,1
s24152,1.0,1
s24153,0.903,1
s24154,0.903,1
s24155,0.991,1
s24156,0.978,1
s24157,0.991,1
s24158,0.642,1
s24159,0.9940000000000001,1
s24160,0.9940000000000001,1
s24161,1.0,1
s24162,1.0,1
s24163,1.0,1
s24164,0.868,1
s24165,0.997,1
s24166,0.589,1
s24167,0.785,1
s24168,0.7909999999999999,1
s24169,0.976,1
s24170,0.9840000000000001,1
s24171,0.934,1
s24172,1.0,1
s24173,0.7709999999999999,1
s24174,0.992,1
s24175,0.992,1
s24176,0.992,1
s24177,0.992,1
s24178,0.992,1
s24179,0.992,1
s24180,0.9840000000000001,1
s24181,0.992,1
s24182,0.992,1
s24183,0.992,1
s24184,0.992,1
s24185,1.0,1
s24186,0.997,1
s24187,0.9840000000000001,1
s24188,0.9840000000000001,1
s24189,0.9890000000000001,1
s24190,1.0,1
s24191,0.601,1
s24192,0.905,1
s24193,0.9259999999999999,1
s24194,0.9159999999999999,1
s24195,0.541,1
s24196,1.0,1
s24197,0.9890000000000001,1
s24198,0.9890000000000001,1
s24199,0.9890000000000001,1
s24200,0.9790000000000001,1
s24201,0.6890000000000001,1
s24202,0.998,1
s24203,1.0,1
s24204,1.0,1
s24205,1.0,1
s24206,1.0,1
s24207,0.997,1
s24208,0.997,1
s24209,1.0,1
s24210,1.0,1
s24211,0.9540000000000001,1
s24212,0.998,1
s24213,0.998,1
s24214,0.998,1
s24215,0.8420000000000001,1
s24216,1.0,1
s24217,1.0,1
s24218,1.0,1
s24219,1.0,1
s24220,1.0,1
s24221,1.0,1
s24222,1.0,1
s24223,0.7909999999999999,1
s24224,0.596,1
s24225,1.0,1
s24226,0.9940000000000001,1
s24227,0.9940000000000001,1
s24228,0.996,1
s24229,0.961,1
s24230,0.997,1
s24231,1.0,1
s24232,0.7809999999999999,1
s24233,0.99,1
s24234,0.986,1
s24235,0.997,1
s24236,0.573,1
s24237,0.828,1
s24238,0.778,1
s24239,0.973,1
s24240,1.0,1
s24241,1.0,1
s24242,0.998,1
s24243,0.997,1
s24244,0.527,1
s24245,1.0,1
s24246,0.998,1
s24247,0.862,1
s24248,1.0,1
s24249,0.993,1
s24250,0.993,1
s24251,0.997,1
s24252,1.0,1
s24253,1.0,1
s24254,1.0,1
s24255,0.9940000000000001,1
s24256,1.0,1
s24257,0.9990000000000001,1
s24258,0.9990000000000001,1
s24259,1.0,1
s24260,1.0,1
s24261,1.0,1
s24262,1.0,1
s24263,1.0,1
s24264,0.662,1
s24265,0.747,1
s24266,0.66,1
s24267,0.66,1
s24268,1.0,1
s24269,0.997,1
s24270,1.0,1
s24271,1.0,1
s24272,0.998,1
s24273,0.998,1
s24274,0.997,1
s24275,0.818,1
s24276,1.0,1
s24277,0.804,1
s24278,0.977,1
s24279,1.0,1
s24280,0.998,1
s24281,1.0,1
s24282,0.998,1
s24283,0.98,1
s24284,1.0,1
s24285,0.731,1
s24286,1.0,1
s24287,1.0,1
s24288,0.997,1
s24289,0.992,1
s24290,1.0,1
s24291,1.0,1
s24292,0.997,1
s24293,1.0,1
s24294,0.755,1
s24295,0.997,1
s24296,0.992,1
s24297,0.9940000000000001,1
s24298,0.755,1
s24299,1.0,1
s24300,0.755,1
s24301,0.955,1
s24302,1.0,1
s24303,1.0,1
s24304,1.0,1
s24305,1.0,1
s24306,0.877,1
s24307,0.995,1
s24308,0.996,1
s24309,1.0,1
s24310,1.0,1
s24311,1.0,1
s24312,1.0,1
s24313,0.996,1
s24314,0.7490000000000001,1
s24315,0.9640000000000001,1
s24316,1.0,1
s24317,1.0,1
s24318,0.997,1
s24319,0.5489999999999999,1
s24320,0.929,1
s24321,1.0,1
s24322,0.742,1
s24323,1.0,1
s24324,0.986,1
s24325,1.0,1
s24326,0.997,1
s24327,0.53,1
s24328,0.738,1
s24329,0.83,1
s24330,1.0,1
s24331,1.0,1
s24332,0.998,1
s24333,1.0,1
s24334,0.725,1
s24335,0.731,1
s24336,0.732,1
s24337,0.731,1
s24338,1.0,1
s24339,0.828,1
s24340,0.8440000000000001,1
s24341,0.995,1
s24342,1.0,1
s24343,0.846,1
s24344,0.995,1
s24345,0.998,1
s24346,0.981,1
s24347,0.995,1
s24348,0.993,1
s24349,0.997,1
s24350,1.0,1
s24351,0.998,1
s24352,0.983,1
s24353,1.0,1
s24354,0.7140000000000001,1
s24355,0.8740000000000001,1
s24356,1.0,1
s24357,0.748,1
s24358,1.0,1
s24359,0.997,1
s24360,0.997,1
s24361,0.9990000000000001,1
s24362,1.0,1
s24363,0.98,1
s24364,0.978,1
s24365,0.982,1
s24366,1.0,1
s24367,1.0,1
s24368,1.0,1
s24369,0.5710000000000001,1
s24370,0.983,1
s24371,0.998,1
s24372,1.0,1
s24373,0.8759999999999999,1
s24374,1.0,1
s24375,0.996,1
s24376,0.992,1
s24377,0.9079999999999999,1
s24378,0.621,1
s24379,0.9079999999999999,1
s24380,0.9,1
s24381,0.569,1
s24382,0.6809999999999999,1
s24383,1.0,1
s24384,1.0,1
s24385,0.616,1
s24386,1.0,1
s24387,1.0,1
s24388,0.995,1
s24389,0.997,1
s24390,0.992,1
s24391,0.995,1
s24392,0.998,1
s24393,0.993,1
s24394,0.998,1
s24395,0.998,1
s24396,1.0,1
s24397,0.993,1
s24398,1.0,1
s24399,0.996,1
s24400,1.0,1
s24401,1.0,1
s24402,1.0,1
s24403,0.9940000000000001,1
s24404,0.633,1
s24405,1.0,1
s24406,0.7490000000000001,1
s24407,0.975,1
s24408,1.0,1
s24409,1.0,1
s24410,0.9540000000000001,1
s24411,1.0,1
s24412,1.0,1
s24413,1.0,1
s24414,0.99,1
s24415,0.987,1
s24416,0.773,1
s24417,1.0,1
s24418,0.998,1
s24419,0.8270000000000001,1
s24420,1.0,1
s24421,1.0,1
s24422,1.0,1
s24423,1.0,1
s24424,1.0,1
s24425,1.0,1
s24426,1.0,1
s24427,1.0,1
s24428,0.9079999999999999,1
s24429,1.0,1
s24430,1.0,1
s24431,1.0,1
s24432,0.731,1
s24433,1.0,1
s24434,0.731,1
s24435,0.9359999999999999,1
s24436,1.0,1
s24437,1.0,1
s24438,0.6409999999999999,1
s24439,1.0,1
s24440,0.731,1
s24441,0.736,1
s24442,1.0,1
s24443,0.991,1
s24444,0.654,1
s24445,1.0,1
s24446,0.997,1
s24447,0.99,1
s24448,0.738,1
s24449,0.9940000000000001,1
s24450,0.659,1
s24451,0.705,1
s24452,0.943,1
s24453,0.993,1
s24454,0.9840000000000001,1
s24455,1.0,1
s24456,0.735,1
s24457,0.731,1
s24458,0.997,1
s24459,1.0,1
s24460,0.995,1
s24461,0.99,1
s24462,1.0,1
s24463,0.9009999999999999,1
s24464,0.897,1
s24465,0.897,1
s24466,1.0,1
s24467,0.723,1
s24468,0.983,1
s24469,0.9440000000000001,1
s24470,0.6459999999999999,1
s24471,1.0,1
s24472,1.0,1
s24473,0.852,1
s24474,1.0,1
s24475,0.971,1
s24476,0.669,1
s24477,0.57,1
s24478,0.995,1
s24479,0.971,1
s24480,0.971,1
s24481,0.971,1
s24482,0.667,1
s24483,0.976,1
s24484,1.0,1
s24485,0.708,1
s24486,1.0,1
s24487,1.0,1
s24488,0.622,1
s24489,1.0,1
s24490,0.951,1
s24491,1.0,1
s24492,1.0,1
s24493,1.0,1
s24494,1.0,1
s24495,1.0,1
s24496,1.0,1
s24497,0.992,1
s24498,1.0,1
s24499,0.6629999999999999,1
s24500,0.98,1
s24501,0.9890000000000001,1
s24502,0.9990000000000001,1
s24503,0.794,1
s24504,0.995,1
s24505,0.987,1
s24506,0.9940000000000001,1
s24507,0.992,1
s24508,0.997,1
s24509,0.986,1
s24510,0.983,1
s24511,0.996,1
s24512,0.9740000000000001,1
s24513,0.9740000000000001,1
s24514,0.9740000000000001,1
s24515,0.997,1
s24516,0.865,1
s24517,1.0,1
s24518,0.986,1
s24519,1.0,1
s24520,1.0,1
s24521,1.0,1
s24522,1.0,1
s24523,0.998,1
s24524,0.998,1
s24525,0.9440000000000001,1
s24526,0.992,1
s24527,0.9670000000000001,1
s24528,0.68,1
s24529,0.871,1
s24530,1.0,1
s24531,0.6729999999999999,1
s24532,0.9640000000000001,1
s24533,0.7909999999999999,1
s24534,0.653,1
s24535,0.8540000000000001,1
s24536,1.0,1
s24537,1.0,1
s24538,0.996,1
s24539,0.995,1
s24540,0.996,1
s24541,0.9940000000000001,1
s24542,1.0,1
s24543,0.9590000000000001,1
s24544,0.997,1
s24545,1.0,1
s24546,0.757,1
s24547,1.0,1
s24548,1.0,1
s24549,1.0,1
s24550,1.0,1
s24551,0.6779999999999999,1
s24552,0.852,1
s24553,1.0,1
s24554,0.669,1
s24555,0.669,1
s24556,0.932,1
s24557,0.958,1
s24558,1.0,1
s24559,1.0,1
s24560,1.0,1
s24561,0.997,1
s24562,0.9940000000000001,1
s24563,1.0,1
s24564,0.997,1
s24565,1.0,1
s24566,1.0,1
s24567,1.0,1
s24568,0.996,1
s24569,0.621,1
s24570,1.0,1
s24571,1.0,1
s24572,0.993,1
s24573,0.8490000000000001,1
s24574,0.532,1
s24575,0.932,1
s24576,1.0,1
s24577,0.932,1
s24578,0.9570000000000001,1
s24579,1.0,1
s24580,0.617,1
s24581,0.603,1
s24582,0.99,1
s24583,0.9940000000000001,1
s24584,0.988,1
s24585,1.0,1
s24586,0.992,1
s24587,0.982,1
s24588,0.941,1
s24589,0.6459999999999999,1
s24590,0.992,1
s24591,0.992,1
s24592,1.0,1
s24593,0.998,1
s24594,0.997,1
s24595,1.0,1
s24596,0.892,1
s24597,1.0,1
s24598,0.897,1
s24599,0.5479999999999999,1
s24600,1.0,1
s24601,1.0,1
s24602,1.0,1
s24603,0.996,1
s24604,0.996,1
s24605,0.958,1
s24606,0.992,1
s24607,1.0,1
s24608,1.0,1
s24609,0.997,1
s24610,0.755,1
s24611,0.973,1
s24612,1.0,1
s24613,0.851,1
s24614,1.0,1
s24615,1.0,1
s24616,1.0,1
s24617,0.963,1
s24618,0.6509999999999999,1
s24619,1.0,1
s24620,0.648,1
s24621,0.648,1
s24622,0.648,1
s24623,0.628,1
s24624,0.995,1
s24625,1.0,1
s24626,0.998,1
s24627,0.9179999999999999,1
s24628,0.795,1
s24629,0.584,1
s24630,0.7390000000000001,1
s24631,0.972,1
s24632,0.6759999999999999,1
s24633,1.0,1
s24634,0.72,1
s24635,0.72,1
s24636,0.851,1
s24637,1.0,1
s24638,1.0,1
s24639,1.0,1
s24640,0.996,1
s24641,1.0,1
s24642,1.0,1
s24643,0.992,1
s24644,0.986,1
s24645,1.0,1
s24646,0.9670000000000001,1
s24647,1.0,1
s24648,1.0,1
s24649,1.0,1
s24650,0.997,1
s24651,0.997,1
s24652,1.0,1
s24653,0.6990000000000001,1
s24654,0.987,1
s24655,0.8190000000000001,1
s24656,0.953,1
s24657,0.78,1
s24658,1.0,1
s24659,0.635,1
s24660,0.716,1
s24661,0.635,1
s24662,0.855,1
s24663,0.988,1
s24664,0.988,1
s24665,0.988,1
s24666,0.982,1
s24667,0.996,1
s24668,1.0,1
s24669,1.0,1
s24670,1.0,1
s24671,1.0,1
s24672,0.799,1
s24673,1.0,1
s24674,0.997,1
s24675,1.0,1
s24676,0.996,1
s24677,0.998,1
s24678,1.0,1
s24679,1.0,1
s24680,0.9940000000000001,1
s24681,1.0,1
s24682,0.996,1
s24683,0.995,1
s24684,1.0,1
s24685,0.613,1
s24686,1.0,1
s24687,0.986,1
s24688,1.0,1
s24689,0.966,1
s24690,0.884,1
s24691,1.0,1
s24692,0.996,1
s24693,0.995,1
s24694,1.0,1
s24695,1.0,1
s24696,1.0,1
s24697,1.0,1
s24698,0.9990000000000001,1
s24699,1.0,1
s24700,1.0,1
s24701,1.0,1
s24702,0.9420000000000001,1
s24703,0.9940000000000001,1
s24704,0.551,1
s24705,0.995,1
s24706,1.0,1
s24707,0.616,1
s24708,0.8,1
s24709,0.613,1
s24710,0.611,1
s24711,0.628,1
s24712,0.611,1
s24713,0.5870000000000001,1
s24714,0.995,1
s24715,0.62,1
s24716,1.0,1
s24717,0.7609999999999999,1
s24718,0.573,1
s24719,0.941,1
s24720,0.966,1
s24721,0.955,1
s24722,1.0,1
s24723,0.9890000000000001,1
s24724,0.982,1
s24725,0.982,1
s24726,0.982,1
s24727,1.0,1
s24728,1.0,1
s24729,0.639,1
s24730,0.9940000000000001,1
s24731,0.998,1
s24732,1.0,1
s24733,0.997,1
s24734,0.584,1
s24735,1.0,1
s24736,0.897,1
s24737,0.91,1
s24738,1.0,1
s24739,1.0,1
s24740,0.863,1
s24741,1.0,1
s24742,1.0,1
s24743,1.0,1
s24744,0.987,1
s24745,1.0,1
s24746,0.584,1
s24747,0.584,1
s24748,0.586,1
s24749,0.81,1
s24750,0.605,1
s24751,1.0,1
s24752,0.987,1
s24753,1.0,1
s24754,0.872,1
s24755,1.0,1
s24756,0.872,1
s24757,1.0,1
s24758,0.997,1
s24759,0.9540000000000001,1
s24760,1.0,1
s24761,0.9840000000000001,1
s24762,0.7120000000000001,1
s24763,1.0,1
s24764,0.992,1
s24765,0.905,1
s24766,0.9159999999999999,1
s24767,0.92,1
s24768,0.988,1
s24769,1.0,1
s24770,1.0,1
s24771,0.995,1
s24772,1.0,1
s24773,1.0,1
s24774,1.0,1
s24775,0.991,1
s24776,0.584,1
s24777,1.0,1
s24778,0.9490000000000001,1
s24779,1.0,1
s24780,0.996,1
s24781,1.0,1
s24782,1.0,1
s24783,1.0,1
s24784,0.998,1
s24785,1.0,1
s24786,1.0,1
s24787,1.0,1
s24788,0.998,1
s24789,1.0,1
s24790,0.997,1
s24791,0.996,1
s24792,0.94,1
s24793,0.996,1
s24794,1.0,1
s24795,0.998,1
s24796,1.0,1
s24797,1.0,1
s24798,0.9990000000000001,1
s24799,0.996,1
s24800,1.0,1
s24801,0.758,1
s24802,0.81,1
s24803,0.809,1
s24804,0.758,1
s24805,0.79,1
s24806,1.0,1
s24807,0.639,1
s24808,0.635,1
s24809,0.8640000000000001,1
s24810,1.0,1
s24811,0.981,1
s24812,0.674,1
s24813,0.674,1
s24814,0.674,1
s24815,0.993,1
s24816,0.589,1
s24817,0.59,1
s24818,0.993,1
s24819,0.991,1
s24820,0.998,1
s24821,0.991,1
s24822,1.0,1
s24823,0.7290000000000001,1
s24824,0.998,1
s24825,0.998,1
s24826,0.998,1
s24827,0.998,1
s24828,0.997,1
s24829,1.0,1
s24830,1.0,1
s24831,0.991,1
s24832,0.992,1
s24833,1.0,1
s24834,0.99,1
s24835,0.773,1
s24836,0.8140000000000001,1
s24837,0.5660000000000001,1
s24838,1.0,1
s24839,1.0,1
s24840,1.0,1
s24841,0.992,1
s24842,0.88,1
s24843,1.0,1
s24844,0.69,1
s24845,0.997,1
s24846,0.8540000000000001,1
s24847,0.813,1
s24848,0.99,1
s24849,1.0,1
s24850,1.0,1
s24851,1.0,1
s24852,0.9990000000000001,1
s24853,0.9990000000000001,1
s24854,0.7559999999999999,1
s24855,0.948,1
s24856,0.9440000000000001,1
s24857,1.0,1
s24858,0.735,1
s24859,0.69,1
s24860,1.0,1
s24861,1.0,1
s24862,1.0,1
s24863,1.0,1
s24864,0.9,1
s24865,0.542,1
s24866,0.986,1
s24867,0.9990000000000001,1
s24868,0.9990000000000001,1
s24869,1.0,1
s24870,0.764,1
s24871,0.9990000000000001,1
s24872,0.7609999999999999,1
s24873,0.997,1
s24874,0.997,1
s24875,1.0,1
s24876,1.0,1
s24877,1.0,1
s24878,1.0,1
s24879,1.0,1
s24880,0.998,1
s24881,0.685,1
s24882,0.649,1
s24883,0.8740000000000001,1
s24884,1.0,1
s24885,0.8270000000000001,1
s24886,0.8240000000000001,1
s24887,1.0,1
s24888,0.985,1
s24889,0.922,1
s24890,0.992,1
s24891,0.9790000000000001,1
s24892,0.0,0
s24893,0.581,1
s24894,0.9620000000000001,1
s24895,0.607,1
s24896,1.0,1
s24897,0.757,1
s24898,0.565,1
s24899,0.996,1
s24900,0.997,1
s24901,1.0,1
s24902,0.9940000000000001,1
s24903,1.0,1
s24904,1.0,1
s24905,1.0,1
s24906,1.0,1
s24907,0.993,1
s24908,0.682,1
s24909,1.0,1
s24910,0.612,1
s24911,0.785,1
s24912,1.0,1
s24913,0.997,1
s24914,0.765,1
s24915,0.765,1
s24916,1.0,1
s24917,1.0,1
s24918,0.9890000000000001,1
s24919,1.0,1
s24920,0.84,1
s24921,1.0,1
s24922,0.991,1
s24923,1.0,1
s24924,0.993,1
s24925,1.0,1
s24926,0.986,1
s24927,0.998,1
s24928,0.998,1
s24929,0.992,1
s24930,0.987,1
s24931,1.0,1
s24932,0.996,1
s24933,0.997,1
s24934,0.993,1
s24935,0.909,1
s24936,0.99,1
s24937,0.998,1
s24938,1.0,1
s24939,1.0,1
s24940,0.993,1
s24941,0.996,1
s24942,0.99,1
s24943,0.98,1
s24944,1.0,1
s24945,1.0,1
s24946,0.991,1
s24947,1.0,1
s24948,0.922,1
s24949,1.0,1
s24950,1.0,1
s24951,1.0,1
s24952,0.998,1
s24953,0.654,1
s24954,0.996,1
s24955,0.84,1
s24956,0.66,1
s24957,0.6759999999999999,1
s24958,0.953,1
s24959,0.5770000000000001,1
s24960,1.0,1
s24961,0.993,1
s24962,1.0,1
s24963,0.813,1
s24964,0.997,1
s24965,0.996,1
s24966,0.5770000000000001,1
s24967,0.5770000000000001,1
s24968,0.5770000000000001,1
s24969,1.0,1
s24970,1.0,1
s24971,1.0,1
s24972,0.996,1
s24973,0.993,1
s24974,1.0,1
s24975,0.996,1
s24976,0.9890000000000001,1
s24977,0.992,1
s24978,0.927,1
s24979,1.0,1
s24980,0.768,1
s24981,1.0,1
s24982,0.9890000000000001,1
s24983,1.0,1
s24984,0.9940000000000001,1
s24985,1.0,1
s24986,0.713,1
s24987,1.0,1
s24988,0.987,1
s24989,0.85,1
s24990,0.977,1
s24991,0.995,1
s24992,1.0,1
s24993,0.659,1
s24994,0.996,1
s24995,0.987,1
s24996,1.0,1
s24997,1.0,1
s24998,1.0,1
s24999,1.0,1
s25000,0.997,1
s25001,0.617,1
s25002,1.0,1
s25003,0.617,1
s25004,1.0,1
s25005,0.5920000000000001,1
s25006,0.9940000000000001,1
s25007,0.9940000000000001,1
s25008,0.7170000000000001,1
s25009,0.986,1
s25010,0.993,1
s25011,0.993,1
s25012,0.988,1
s25013,0.878,1
s25014,0.9309999999999999,1
s25015,0.8759999999999999,1
s25016,0.8759999999999999,1
s25017,0.848,1
s25018,1.0,1
s25019,0.997,1
s25020,0.8640000000000001,1
s25021,0.9990000000000001,1
s25022,1.0,1
s25023,0.996,1
s25024,0.8079999999999999,1
s25025,0.91,1
s25026,1.0,1
s25027,1.0,1
s25028,0.977,1
s25029,0.983,1
s25030,0.972,1
s25031,0.977,1
s25032,0.9540000000000001,1
s25033,0.9309999999999999,1
s25034,1.0,1
s25035,1.0,1
s25036,0.995,1
s25037,0.988,1
s25038,0.9940000000000001,1
s25039,1.0,1
s25040,1.0,1
s25041,1.0,1
s25042,0.68,1
s25043,0.982,1
s25044,1.0,1
s25045,0.998,1
s25046,0.975,1
s25047,1.0,1
s25048,1.0,1
s25049,0.997,1
s25050,0.9640000000000001,1
s25051,0.9520000000000001,1
s25052,1.0,1
s25053,1.0,1
s25054,0.998,1
s25055,0.998,1
s25056,0.945,1
s25057,0.9329999999999999,1
s25058,1.0,1
s25059,1.0,1
s25060,0.966,1
s25061,0.9690000000000001,1
s25062,0.929,1
s25063,0.9690000000000001,1
s25064,0.966,1
s25065,0.9940000000000001,1
s25066,0.997,1
s25067,1.0,1
s25068,0.9790000000000001,1
s25069,0.98,1
s25070,0.996,1
s25071,0.997,1
s25072,1.0,1
s25073,0.99,1
s25074,0.992,1
s25075,1.0,1
s25076,0.9790000000000001,1
s25077,0.973,1
s25078,1.0,1
s25079,0.996,1
s25080,0.993,1
s25081,1.0,1
s25082,0.514,1
s25083,0.8190000000000001,1
s25084,1.0,1
s25085,1.0,1
s25086,0.695,1
s25087,0.968,1
s25088,1.0,1
s25089,1.0,1
s25090,1.0,1
s25091,0.95,1
s25092,0.997,1
s25093,0.858,1
s25094,0.711,1
s25095,0.929,1
s25096,0.998,1
s25097,1.0,1
s25098,1.0,1
s25099,0.996,1
s25100,0.95,1
s25101,0.95,1
s25102,0.985,1
s25103,0.985,1
s25104,0.937,1
s25105,0.7240000000000001,1
s25106,1.0,1
s25107,0.541,1
s25108,1.0,1
s25109,1.0,1
s25110,1.0,1
s25111,0.7809999999999999,1
s25112,0.975,1
s25113,0.987,1
s25114,1.0,1
s25115,0.981,1
s25116,0.981,1
s25117,0.981,1
s25118,0.672,1
s25119,0.96,1
s25120,1.0,1
s25121,0.915,1
s25122,1.0,1
s25123,1.0,1
s25124,1.0,1
s25125,0.961,1
s25126,0.96,1
s25127,0.94,1
s25128,0.937,1
s25129,0.937,1
s25130,0.998,1
s25131,1.0,1
s25132,0.996,1
s25133,1.0,1
s25134,1.0,1
s25135,0.971,1
s25136,0.996,1
s25137,1.0,1
s25138,1.0,1
s25139,0.997,1
s25140,0.998,1
s25141,1.0,1
s25142,0.998,1
s25143,1.0,1
s25144,1.0,1
s25145,0.996,1
s25146,0.987,1
s25147,0.982,1
s25148,1.0,1
s25149,1.0,1
s25150,0.982,1
s25151,1.0,1
s25152,0.978,1
s25153,0.758,1
s25154,1.0,1
s25155,0.998,1
s25156,1.0,1
s25157,0.9590000000000001,1
s25158,0.978,1
s25159,0.998,1
s25160,1.0,1
s25161,0.95,1
s25162,0.987,1
s25163,1.0,1
s25164,1.0,1
s25165,0.9940000000000001,1
s25166,0.996,1
s25167,1.0,1
s25168,1.0,1
s25169,1.0,1
s25170,0.9890000000000001,1
s25171,0.99,1
s25172,1.0,1
s25173,1.0,1
s25174,1.0,1
s25175,1.0,1
s25176,0.997,1
s25177,1.0,1
s25178,1.0,1
s25179,1.0,1
s25180,1.0,1
s25181,1.0,1
s25182,1.0,1
s25183,1.0,1
s25184,1.0,1
s25185,1.0,1
s25186,0.982,1
s25187,0.983,1
s25188,0.996,1
s25189,0.996,1
s25190,0.996,1
s25191,0.996,1
s25192,1.0,1
s25193,0.982,1
s25194,1.0,1
s25195,0.98,1
s25196,0.997,1
s25197,0.9359999999999999,1
s25198,0.902,1
s25199,0.9790000000000001,1
s25200,1.0,1
s25201,0.996,1
s25202,0.6679999999999999,1
s25203,0.993,1
s25204,0.986,1
s25205,0.986,1
s25206,1.0,1
s25207,0.9890000000000001,1
s25208,0.9890000000000001,1
s25209,0.912,1
s25210,0.85,1
s25211,0.782,1
s25212,1.0,1
s25213,0.997,1
s25214,0.996,1
s25215,1.0,1
s25216,0.9840000000000001,1
s25217,0.887,1
s25218,1.0,1
s25219,1.0,1
s25220,0.995,1
s25221,0.65,1
s25222,0.639,1
s25223,0.998,1
s25224,0.809,1
s25225,1.0,1
s25226,1.0,1
s25227,1.0,1
s25228,0.573,1
s25229,0.574,1
s25230,0.992,1
s25231,0.993,1
s25232,0.992,1
s25233,0.993,1
s25234,0.995,1
s25235,0.993,1
s25236,1.0,1
s25237,1.0,1
s25238,1.0,1
s25239,0.978,1
s25240,0.7909999999999999,1
s25241,1.0,1
s25242,0.86,1
s25243,0.992,1
s25244,0.9940000000000001,1
s25245,1.0,1
s25246,0.998,1
s25247,0.9890000000000001,1
s25248,0.614,1
s25249,0.9329999999999999,1
s25250,0.841,1
s25251,0.9890000000000001,1
s25252,1.0,1
s25253,0.596,1
s25254,0.995,1
s25255,1.0,1
s25256,0.732,1
s25257,0.7490000000000001,1
s25258,1.0,1
s25259,1.0,1
s25260,0.991,1
s25261,1.0,1
s25262,0.993,1
s25263,0.759,1
s25264,0.78,1
s25265,0.759,1
s25266,1.0,1
s25267,1.0,1
s25268,0.997,1
s25269,0.9179999999999999,1
s25270,0.894,1
s25271,0.8340000000000001,1
s25272,0.902,1
s25273,0.765,1
s25274,0.902,1
s25275,1.0,1
s25276,0.8290000000000001,1
s25277,0.87,1
s25278,0.831,1
s25279,1.0,1
s25280,0.71,1
s25281,0.795,1
s25282,0.8590000000000001,1
s25283,0.774,1
s25284,1.0,1
s25285,0.9790000000000001,1
s25286,0.992,1
s25287,1.0,1
s25288,0.996,1
s25289,0.996,1
s25290,0.996,1
s25291,0.997,1
s25292,0.6829999999999999,1
s25293,0.951,1
s25294,1.0,1
s25295,0.6409999999999999,1
s25296,1.0,1
s25297,0.98,1
s25298,0.6509999999999999,1
s25299,1.0,1
s25300,0.6729999999999999,1
s25301,0.993,1
s25302,1.0,1
s25303,1.0,1
s25304,0.6829999999999999,1
s25305,1.0,1
s25306,0.9940000000000001,1
s25307,1.0,1
s25308,0.997,1
s25309,0.885,1
s25310,1.0,1
s25311,0.885,1
s25312,1.0,1
s25313,0.7809999999999999,1
s25314,0.5670000000000001,1
s25315,0.546,1
s25316,0.9129999999999999,1
s25317,0.762,1
s25318,0.9129999999999999,1
s25319,0.654,1
s25320,0.695,1
s25321,0.977,1
s25322,0.987,1
s25323,0.815,1
s25324,1.0,1
s25325,0.9740000000000001,1
s25326,1.0,1
s25327,0.997,1
s25328,0.998,1
s25329,0.746,1
s25330,0.5329999999999999,1
s25331,1.0,1
s25332,0.996,1
s25333,0.9129999999999999,1
s25334,0.816,1
s25335,0.805,1
s25336,1.0,1
s25337,0.581,1
s25338,0.8320000000000001,1
s25339,0.995,1
s25340,0.997,1
s25341,1.0,1
s25342,0.993,1
s25343,0.993,1
s25344,0.665,1
s25345,0.657,1
s25346,0.7509999999999999,1
s25347,0.992,1
s25348,0.998,1
s25349,0.8009999999999999,1
s25350,0.963,1
s25351,0.948,1
s25352,1.0,1
s25353,0.966,1
s25354,1.0,1
s25355,1.0,1
s25356,1.0,1
s25357,1.0,1
s25358,0.976,1
s25359,1.0,1
s25360,0.92,1
s25361,1.0,1
s25362,0.615,1
s25363,0.546,1
s25364,0.995,1
s25365,1.0,1
s25366,1.0,1
s25367,0.997,1
s25368,1.0,1
s25369,0.997,1
s25370,1.0,1
s25371,0.997,1
s25372,1.0,1
s25373,0.997,1
s25374,0.745,1
s25375,1.0,1
s25376,0.983,1
s25377,1.0,1
s25378,0.563,1
s25379,0.75,1
s25380,0.879,1
s25381,0.888,1
s25382,0.878,1
s25383,0.987,1
s25384,1.0,1
s25385,0.585,1
s25386,1.0,1
s25387,0.665,1
s25388,1.0,1
s25389,1.0,1
s25390,1.0,1
s25391,0.988,1
s25392,1.0,1
s25393,0.8740000000000001,1
s25394,0.87,1
s25395,1.0,1
s25396,0.669,1
s25397,1.0,1
s25398,0.898,1
s25399,0.9670000000000001,1
s25400,0.991,1
s25401,1.0,1
s25402,0.99,1
s25403,0.991,1
s25404,1.0,1
s25405,0.998,1
s25406,0.715,1
s25407,0.991,1
s25408,1.0,1
s25409,1.0,1
s25410,1.0,1
s25411,1.0,1
s25412,0.938,1
s25413,0.986,1
s25414,0.981,1
s25415,1.0,1
s25416,0.9079999999999999,1
s25417,0.992,1
s25418,0.985,1
s25419,0.857,1
s25420,0.983,1
s25421,0.591,1
s25422,1.0,1
s25423,1.0,1
s25424,0.997,1
s25425,1.0,1
s25426,0.6679999999999999,1
s25427,0.789,1
s25428,0.812,1
s25429,0.996,1
s25430,0.846,1
s25431,0.5660000000000001,1
s25432,1.0,1
s25433,0.9470000000000001,1
s25434,0.562,1
s25435,0.735,1
s25436,0.7040000000000001,1
s25437,0.591,1
s25438,0.9890000000000001,1
s25439,1.0,1
s25440,0.995,1
s25441,1.0,1
s25442,1.0,1
s25443,0.997,1
s25444,0.997,1
s25445,0.9890000000000001,1
s25446,0.983,1
s25447,0.7040000000000001,1
s25448,1.0,1
s25449,0.9129999999999999,1
s25450,0.991,1
s25451,0.991,1
s25452,0.991,1
s25453,0.9890000000000001,1
s25454,0.991,1
s25455,0.563,1
s25456,0.9790000000000001,1
s25457,0.998,1
s25458,0.706,1
s25459,0.9840000000000001,1
s25460,1.0,1
s25461,0.9790000000000001,1
s25462,0.614,1
s25463,0.976,1
s25464,0.976,1
s25465,0.985,1
s25466,0.97,1
s25467,0.8340000000000001,1
s25468,1.0,1
s25469,0.996,1
s25470,0.915,1
s25471,1.0,1
s25472,1.0,1
s25473,0.784,1
s25474,1.0,1
s25475,0.6659999999999999,1
s25476,0.99,1
s25477,0.6759999999999999,1
s25478,0.6940000000000001,1
s25479,1.0,1
s25480,0.973,1
s25481,0.97,1
s25482,1.0,1
s25483,0.996,1
s25484,0.995,1
s25485,0.9570000000000001,1
s25486,0.7959999999999999,1
s25487,0.652,1
s25488,0.794,1
s25489,0.9590000000000001,1
s25490,0.9420000000000001,1
s25491,0.9359999999999999,1
s25492,1.0,1
s25493,0.937,1
s25494,0.937,1
s25495,0.768,1
s25496,0.997,1
s25497,0.996,1
s25498,0.987,1
s25499,1.0,1
s25500,0.778,1
s25501,0.6829999999999999,1
s25502,1.0,1
s25503,0.9259999999999999,1
s25504,0.9209999999999999,1
s25505,0.6759999999999999,1
s25506,0.669,1
s25507,1.0,1
s25508,0.9940000000000001,1
s25509,0.932,1
s25510,1.0,1
s25511,1.0,1
s25512,0.9890000000000001,1
s25513,0.934,1
s25514,1.0,1
s25515,0.998,1
s25516,0.835,1
s25517,1.0,1
s25518,0.996,1
s25519,0.889,1
s25520,0.503,1
s25521,0.606,1
s25522,0.73,1
s25523,1.0,1
s25524,0.609,1
s25525,1.0,1
s25526,0.6809999999999999,1
s25527,0.6809999999999999,1
s25528,0.6809999999999999,1
s25529,0.6809999999999999,1
s25530,0.9540000000000001,1
s25531,0.997,1
s25532,1.0,1
s25533,0.799,1
s25534,0.777,1
s25535,0.925,1
s25536,0.9940000000000001,1
s25537,0.706,1
s25538,0.995,1
s25539,0.9209999999999999,1
s25540,0.643,1
s25541,0.998,1
s25542,0.6559999999999999,1
s25543,1.0,1
s25544,1.0,1
s25545,0.976,1
s25546,0.9790000000000001,1
s25547,0.998,1
s25548,1.0,1
s25549,1.0,1
s25550,1.0,1
s25551,1.0,1
s25552,0.997,1
s25553,0.9640000000000001,1
s25554,0.955,1
s25555,0.9640000000000001,1
s25556,0.955,1
s25557,0.58,1
s25558,0.6709999999999999,1
s25559,1.0,1
s25560,0.953,1
s25561,0.8240000000000001,1
s25562,0.9570000000000001,1
s25563,0.935,1
s25564,0.935,1
s25565,0.89,1
s25566,1.0,1
s25567,0.988,1
s25568,1.0,1
s25569,0.938,1
s25570,1.0,1
s25571,1.0,1
s25572,0.9940000000000001,1
s25573,0.995,1
s25574,1.0,1
s25575,0.71,1
s25576,1.0,1
s25577,0.716,1
s25578,0.987,1
s25579,0.64,1
s25580,0.645,1
s25581,0.654,1
s25582,1.0,1
s25583,0.977,1
s25584,1.0,1
s25585,0.606,1
s25586,1.0,1
s25587,1.0,1
s25588,0.998,1
s25589,1.0,1
s25590,1.0,1
s25591,1.0,1
s25592,0.9590000000000001,1
s25593,0.996,1
s25594,0.7859999999999999,1
s25595,0.5820000000000001,1
s25596,0.584,1
s25597,1.0,1
s25598,0.9940000000000001,1
s25599,0.9940000000000001,1
s25600,0.6559999999999999,1
s25601,1.0,1
s25602,0.998,1
s25603,0.6940000000000001,1
s25604,0.909,1
s25605,0.902,1
s25606,0.985,1
s25607,0.9159999999999999,1
s25608,0.96,1
s25609,0.94,1
s25610,0.998,1
s25611,0.688,1
s25612,0.856,1
s25613,0.995,1
s25614,0.804,1
s25615,0.892,1
s25616,0.612,1
s25617,0.759,1
s25618,0.5710000000000001,1
s25619,0.642,1
s25620,1.0,1
s25621,0.94,1
s25622,0.591,1
s25623,0.639,1
s25624,0.639,1
s25625,1.0,1
s25626,1.0,1
s25627,0.996,1
s25628,0.7390000000000001,1
s25629,0.9470000000000001,1
s25630,0.674,1
s25631,0.9940000000000001,1
s25632,0.9940000000000001,1
s25633,0.988,1
s25634,1.0,1
s25635,1.0,1
s25636,0.9670000000000001,1
s25637,0.742,1
s25638,0.628,1
s25639,1.0,1
s25640,0.94,1
s25641,0.622,1
s25642,1.0,1
s25643,1.0,1
s25644,1.0,1
s25645,0.631,1
s25646,1.0,1
s25647,1.0,1
s25648,1.0,1
s25649,0.841,1
s25650,0.755,1
s25651,1.0,1
s25652,0.991,1
s25653,0.995,1
s25654,0.996,1
s25655,0.813,1
s25656,0.816,1
s25657,0.7090000000000001,1
s25658,1.0,1
s25659,0.996,1
s25660,0.9159999999999999,1
s25661,1.0,1
s25662,0.998,1
s25663,1.0,1
s25664,1.0,1
s25665,0.9390000000000001,1
s25666,0.996,1
s25667,1.0,1
s25668,0.971,1
s25669,1.0,1
s25670,1.0,1
s25671,1.0,1
s25672,0.983,1
s25673,0.677,1
s25674,0.9390000000000001,1
s25675,0.972,1
s25676,1.0,1
s25677,0.993,1
s25678,0.975,1
s25679,0.7290000000000001,1
s25680,1.0,1
s25681,0.767,1
s25682,0.716,1
s25683,1.0,1
s25684,0.638,1
s25685,0.998,1
s25686,0.981,1
s25687,0.721,1
s25688,1.0,1
s25689,0.81,1
s25690,1.0,1
s25691,0.752,1
s25692,0.9129999999999999,1
s25693,0.768,1
s25694,1.0,1
s25695,1.0,1
s25696,0.9790000000000001,1
s25697,0.9990000000000001,1
s25698,0.9990000000000001,1
s25699,0.9990000000000001,1
s25700,0.9990000000000001,1
s25701,0.9990000000000001,1
s25702,0.9990000000000001,1
s25703,0.9990000000000001,1
s25704,0.9990000000000001,1
s25705,1.0,1
s25706,1.0,1
s25707,0.541,1
s25708,0.89,1
s25709,0.996,1
s25710,0.996,1
s25711,0.996,1
s25712,0.789,1
s25713,0.922,1
s25714,0.976,1
s25715,0.997,1
s25716,1.0,1
s25717,0.9940000000000001,1
s25718,1.0,1
s25719,1.0,1
s25720,0.991,1
s25721,0.997,1
s25722,1.0,1
s25723,0.988,1
s25724,1.0,1
s25725,0.988,1
s25726,1.0,1
s25727,1.0,1
s25728,0.665,1
s25729,0.6970000000000001,1
s25730,0.8909999999999999,1
s25731,0.652,1
s25732,1.0,1
s25733,0.6409999999999999,1
s25734,0.943,1
s25735,1.0,1
s25736,0.9129999999999999,1
s25737,0.919,1
s25738,0.919,1
s25739,0.995,1
s25740,0.995,1
s25741,1.0,1
s25742,0.993,1
s25743,0.995,1
s25744,0.7440000000000001,1
s25745,0.997,1
s25746,1.0,1
s25747,1.0,1
s25748,1.0,1
s25749,1.0,1
s25750,1.0,1
s25751,0.966,1
s25752,1.0,1
s25753,1.0,1
s25754,1.0,1
s25755,1.0,1
s25756,0.991,1
s25757,1.0,1
s25758,0.983,1
s25759,1.0,1
s25760,0.995,1
s25761,0.997,1
s25762,1.0,1
s25763,0.978,1
s25764,0.978,1
s25765,0.991,1
s25766,1.0,1
s25767,0.8059999999999999,1
s25768,0.983,1
s25769,1.0,1
s25770,0.993,1
s25771,0.996,1
s25772,1.0,1
s25773,0.991,1
s25774,1.0,1
s25775,0.993,1
s25776,0.995,1
s25777,1.0,1
s25778,0.998,1
s25779,0.998,1
s25780,0.998,1
s25781,1.0,1
s25782,1.0,1
s25783,0.991,1
s25784,0.991,1
s25785,1.0,1
s25786,1.0,1
s25787,0.642,1
s25788,0.8059999999999999,1
s25789,0.779,1
s25790,0.993,1
s25791,0.991,1
s25792,0.912,1
s25793,0.835,1
s25794,0.866,1
s25795,0.953,1
s25796,0.547,1
s25797,0.8320000000000001,1
s25798,0.955,1
s25799,0.7170000000000001,1
s25800,1.0,1
s25801,0.7979999999999999,1
s25802,1.0,1
s25803,1.0,1
s25804,0.888,1
s25805,0.938,1
s25806,1.0,1
s25807,0.992,1
s25808,0.665,1
s25809,0.615,1
s25810,0.8959999999999999,1
s25811,0.938,1
s25812,1.0,1
s25813,0.995,1
s25814,0.978,1
s25815,1.0,1
s25816,0.855,1
s25817,0.977,1
s25818,0.992,1
s25819,0.8859999999999999,1
s25820,0.6409999999999999,1
s25821,0.9940000000000001,1
s25822,0.945,1
s25823,0.8,1
s25824,1.0,1
s25825,0.9740000000000001,1
s25826,1.0,1
s25827,0.742,1
s25828,0.8240000000000001,1
s25829,0.941,1
s25830,1.0,1
s25831,1.0,1
s25832,0.674,1
s25833,0.634,1
s25834,0.8390000000000001,1
s25835,1.0,1
s25836,1.0,1
s25837,0.696,1
s25838,0.825,1
s25839,1.0,1
s25840,1.0,1
s25841,1.0,1
s25842,0.9940000000000001,1
s25843,1.0,1
s25844,0.506,1
s25845,0.506,1
s25846,0.985,1
s25847,0.8140000000000001,1
s25848,0.5870000000000001,1
s25849,1.0,1
s25850,0.902,1
s25851,1.0,1
s25852,0.996,1
s25853,0.922,1
s25854,1.0,1
s25855,1.0,1
s25856,1.0,1
s25857,0.997,1
s25858,0.868,1
s25859,0.774,1
s25860,1.0,1
s25861,0.7070000000000001,1
s25862,1.0,1
s25863,0.7020000000000001,1
s25864,0.6709999999999999,1
s25865,1.0,1
s25866,1.0,1
s25867,1.0,1
s25868,0.61,1
s25869,0.635,1
s25870,1.0,1
s25871,1.0,1
s25872,0.794,1
s25873,0.7390000000000001,1
s25874,0.925,1
s25875,0.9279999999999999,1
s25876,1.0,1
s25877,1.0,1
s25878,0.976,1
s25879,0.9079999999999999,1
s25880,0.9740000000000001,1
s25881,0.997,1
s25882,0.7190000000000001,1
s25883,0.995,1
s25884,1.0,1
s25885,1.0,1
s25886,0.823,1
s25887,0.843,1
s25888,0.848,1
s25889,0.9670000000000001,1
s25890,0.9670000000000001,1
s25891,0.9590000000000001,1
s25892,0.965,1
s25893,0.9590000000000001,1
s25894,0.965,1
s25895,0.9520000000000001,1
s25896,0.9540000000000001,1
s25897,1.0,1
s25898,0.743,1
s25899,0.996,1
s25900,0.99,1
s25901,0.983,1
s25902,0.551,1
s25903,0.9740000000000001,1
s25904,0.997,1
s25905,0.99,1
s25906,0.996,1
s25907,0.997,1
s25908,1.0,1
s25909,0.997,1
s25910,0.6779999999999999,1
s25911,1.0,1
s25912,0.8690000000000001,1
s25913,0.892,1
s25914,0.648,1
s25915,0.856,1
s25916,1.0,1
s25917,1.0,1
s25918,0.9129999999999999,1
s25919,1.0,1
s25920,1.0,1
s25921,0.878,1
s25922,1.0,1
s25923,0.987,1
s25924,0.997,1
s25925,0.889,1
s25926,0.9129999999999999,1
s25927,1.0,1
s25928,1.0,1
s25929,0.995,1
s25930,1.0,1
s25931,1.0,1
s25932,0.738,1
s25933,1.0,1
s25934,0.623,1
s25935,0.938,1
s25936,0.723,1
s25937,0.723,1
s25938,1.0,1
s25939,1.0,1
s25940,0.823,1
s25941,1.0,1
s25942,0.74,1
s25943,1.0,1
s25944,0.968,1
s25945,1.0,1
s25946,0.9790000000000001,1
s25947,0.993,1
s25948,0.996,1
s25949,1.0,1
s25950,0.973,1
s25951,0.9940000000000001,1
s25952,1.0,1
s25953,1.0,1
s25954,0.8220000000000001,1
s25955,1.0,1
s25956,0.991,1
s25957,0.9940000000000001,1
s25958,1.0,1
s25959,0.995,1
s25960,0.958,1
s25961,1.0,1
s25962,0.968,1
s25963,0.731,1
s25964,1.0,1
s25965,1.0,1
s25966,1.0,1
s25967,0.995,1
s25968,1.0,1
s25969,0.997,1
s25970,0.9940000000000001,1
s25971,0.6779999999999999,1
s25972,0.83,1
s25973,1.0,1
s25974,0.762,1
s25975,1.0,1
s25976,0.992,1
s25977,0.998,1
s25978,0.9940000000000001,1
s25979,0.652,1
s25980,0.965,1
s25981,0.631,1
s25982,0.674,1
s25983,0.8109999999999999,1
s25984,0.748,1
s25985,1.0,1
s25986,1.0,1
s25987,0.755,1
s25988,1.0,1
s25989,0.831,1
s25990,0.831,1
s25991,0.831,1
s25992,0.65,1
s25993,0.649,1
s25994,1.0,1
s25995,0.9179999999999999,1
s25996,0.998,1
s25997,0.722,1
s25998,1.0,1
s25999,1.0,1
s26000,1.0,1
s26001,0.9940000000000001,1
s26002,1.0,1
s26003,0.64,1
s26004,0.657,1
s26005,0.995,1
s26006,1.0,1
s26007,0.98,1
s26008,1.0,1
s26009,0.9440000000000001,1
s26010,0.941,1
s26011,0.938,1
s26012,0.938,1
s26013,0.992,1
s26014,0.991,1
s26015,0.997,1
s26016,0.629,1
s26017,1.0,1
s26018,0.677,1
s26019,0.56,1
s26020,0.997,1
s26021,1.0,1
s26022,0.892,1
s26023,0.998,1
s26024,1.0,1
s26025,0.866,1
s26026,0.902,1
s26027,0.779,1
s26028,1.0,1
s26029,0.7659999999999999,1
s26030,0.821,1
s26031,1.0,1
s26032,1.0,1
s26033,1.0,1
s26034,0.996,1
s26035,0.893,1
s26036,0.63,1
s26037,0.997,1
s26038,0.542,1
s26039,1.0,1
s26040,0.7070000000000001,1
s26041,1.0,1
s26042,1.0,1
s26043,0.997,1
s26044,1.0,1
s26045,1.0,1
s26046,0.996,1
s26047,0.779,1
s26048,1.0,1
s26049,0.995,1
s26050,0.995,1
s26051,0.995,1
s26052,0.995,1
s26053,0.62,1
s26054,1.0,1
s26055,0.988,1
s26056,1.0,1
s26057,0.993,1
s26058,1.0,1
s26059,0.975,1
s26060,0.706,1
s26061,1.0,1
s26062,1.0,1
s26063,1.0,1
s26064,1.0,1
s26065,0.987,1
s26066,1.0,1
s26067,1.0,1
s26068,0.861,1
s26069,0.861,1
s26070,0.653,1
s26071,0.9520000000000001,1
s26072,0.7879999999999999,1
s26073,0.653,1
s26074,0.996,1
s26075,0.97,1
s26076,1.0,1
s26077,0.996,1
s26078,0.997,1
s26079,1.0,1
s26080,0.9940000000000001,1
s26081,1.0,1
s26082,0.634,1
s26083,0.7829999999999999,1
s26084,0.8270000000000001,1
s26085,0.57,1
s26086,0.9990000000000001,1
s26087,0.997,1
s26088,0.87,1
s26089,1.0,1
s26090,1.0,1
s26091,1.0,1
s26092,0.9890000000000001,1
s26093,0.522,1
s26094,1.0,1
s26095,0.767,1
s26096,0.763,1
s26097,0.779,1
s26098,0.841,1
s26099,0.845,1
s26100,1.0,1
s26101,0.992,1
s26102,1.0,1
s26103,0.83,1
s26104,0.8859999999999999,1
s26105,0.7909999999999999,1
s26106,0.821,1
s26107,1.0,1
s26108,1.0,1
s26109,0.995,1
s26110,0.932,1
s26111,0.782,1
s26112,0.9840000000000001,1
s26113,0.9009999999999999,1
s26114,1.0,1
s26115,0.995,1
s26116,0.993,1
s26117,0.983,1
s26118,0.8740000000000001,1
s26119,0.986,1
s26120,0.983,1
s26121,0.9790000000000001,1
s26122,0.9840000000000001,1
s26123,0.978,1
s26124,1.0,1
s26125,0.9670000000000001,1
s26126,0.992,1
s26127,0.905,1
s26128,0.996,1
s26129,0.9940000000000001,1
s26130,1.0,1
s26131,0.996,1
s26132,0.998,1
s26133,0.759,1
s26134,0.624,1
s26135,1.0,1
s26136,0.997,1
s26137,1.0,1
s26138,0.705,1
s26139,1.0,1
s26140,0.612,1
s26141,0.711,1
s26142,1.0,1
s26143,1.0,1
s26144,0.958,1
s26145,0.997,1
s26146,0.9890000000000001,1
s26147,1.0,1
s26148,1.0,1
s26149,0.7040000000000001,1
s26150,0.972,1
s26151,1.0,1
s26152,0.995,1
s26153,0.723,1
s26154,0.991,1
s26155,0.987,1
s26156,0.963,1
s26157,0.85,1
s26158,0.998,1
s26159,1.0,1
s26160,0.9690000000000001,1
s26161,1.0,1
s26162,0.987,1
s26163,0.996,1
s26164,0.99,1
s26165,0.815,1
s26166,0.998,1
s26167,0.9620000000000001,1
s26168,0.9990000000000001,1
s26169,0.579,1
s26170,0.9179999999999999,1
s26171,1.0,1
s26172,1.0,1
s26173,1.0,1
s26174,1.0,1
s26175,0.84,1
s26176,0.831,1
s26177,0.8320000000000001,1
s26178,0.7929999999999999,1
s26179,0.956,1
s26180,0.601,1
s26181,1.0,1
s26182,1.0,1
s26183,1.0,1
s26184,0.9940000000000001,1
s26185,0.8690000000000001,1
s26186,1.0,1
s26187,1.0,1
s26188,0.997,1
s26189,1.0,1
s26190,1.0,1
s26191,0.8290000000000001,1
s26192,0.73,1
s26193,0.764,1
s26194,1.0,1
s26195,0.866,1
s26196,1.0,1
s26197,0.914,1
s26198,0.951,1
s26199,0.639,1
s26200,0.905,1
s26201,1.0,1
s26202,0.991,1
s26203,0.992,1
s26204,0.998,1
s26205,0.998,1
s26206,0.95,1
s26207,1.0,1
s26208,1.0,1
s26209,0.861,1
s26210,0.7909999999999999,1
s26211,0.86,1
s26212,0.7,1
s26213,0.9940000000000001,1
s26214,1.0,1
s26215,0.972,1
s26216,0.97,1
s26217,0.721,1
s26218,0.841,1
s26219,1.0,1
s26220,0.902,1
s26221,0.997,1
s26222,1.0,1
s26223,1.0,1
s26224,0.8690000000000001,1
s26225,0.889,1
s26226,0.992,1
s26227,0.797,1
s26228,0.775,1
s26229,0.792,1
s26230,0.79,1
s26231,0.8079999999999999,1
s26232,0.88,1
s26233,0.998,1
s26234,0.726,1
s26235,0.772,1
s26236,0.7859999999999999,1
s26237,1.0,1
s26238,1.0,1
s26239,0.828,1
s26240,0.885,1
s26241,1.0,1
s26242,0.8859999999999999,1
s26243,0.711,1
s26244,0.996,1
s26245,0.996,1
s26246,0.996,1
s26247,1.0,1
s26248,1.0,1
s26249,0.522,1
s26250,0.867,1
s26251,0.868,1
s26252,0.925,1
s26253,1.0,1
s26254,0.996,1
s26255,0.996,1
s26256,0.996,1
s26257,0.946,1
s26258,1.0,1
s26259,0.6940000000000001,1
s26260,0.993,1
s26261,0.996,1
s26262,0.996,1
s26263,0.8109999999999999,1
s26264,0.741,1
s26265,0.815,1
s26266,0.774,1
s26267,0.77,1
s26268,0.743,1
s26269,0.7759999999999999,1
s26270,1.0,1
s26271,1.0,1
s26272,0.853,1
s26273,1.0,1
s26274,0.9890000000000001,1
s26275,1.0,1
s26276,0.728,1
s26277,1.0,1
s26278,0.737,1
s26279,0.607,1
s26280,0.892,1
s26281,1.0,1
s26282,0.924,1
s26283,0.9590000000000001,1
s26284,1.0,1
s26285,0.972,1
s26286,0.9790000000000001,1
s26287,1.0,1
s26288,1.0,1
s26289,0.813,1
s26290,1.0,1
s26291,0.924,1
s26292,0.701,1
s26293,0.65,1
s26294,0.6,1
s26295,0.595,1
s26296,1.0,1
s26297,1.0,1
s26298,0.8240000000000001,1
s26299,1.0,1
s26300,0.882,1
s26301,0.97,1
s26302,1.0,1
s26303,1.0,1
s26304,0.728,1
s26305,0.9940000000000001,1
s26306,0.917,1
s26307,0.9159999999999999,1
s26308,1.0,1
s26309,0.985,1
s26310,1.0,1
s26311,0.727,1
s26312,0.988,1
s26313,0.99,1
s26314,0.9940000000000001,1
s26315,0.55,1
s26316,1.0,1
s26317,0.965,1
s26318,1.0,1
s26319,0.982,1
s26320,0.998,1
s26321,0.997,1
s26322,1.0,1
s26323,0.917,1
s26324,0.996,1
s26325,0.996,1
s26326,0.996,1
s26327,1.0,1
s26328,0.995,1
s26329,1.0,1
s26330,0.986,1
s26331,0.8009999999999999,1
s26332,1.0,1
s26333,0.991,1
s26334,0.799,1
s26335,0.609,1
s26336,1.0,1
s26337,1.0,1
s26338,0.998,1
s26339,1.0,1
s26340,0.899,1
s26341,0.9640000000000001,1
s26342,0.9890000000000001,1
s26343,0.961,1
s26344,1.0,1
s26345,0.995,1
s26346,1.0,1
s26347,1.0,1
s26348,0.644,1
s26349,1.0,1
s26350,0.963,1
s26351,0.8,1
s26352,1.0,1
s26353,0.965,1
s26354,0.649,1
s26355,0.997,1
s26356,0.99,1
s26357,1.0,1
s26358,0.993,1
s26359,0.8490000000000001,1
s26360,0.981,1
s26361,0.698,1
s26362,0.9740000000000001,1
s26363,0.7170000000000001,1
s26364,1.0,1
s26365,0.997,1
s26366,0.698,1
s26367,1.0,1
s26368,1.0,1
s26369,0.843,1
s26370,0.9790000000000001,1
s26371,0.9840000000000001,1
s26372,0.965,1
s26373,0.993,1
s26374,1.0,1
s26375,0.9129999999999999,1
s26376,1.0,1
s26377,0.784,1
s26378,1.0,1
s26379,0.993,1
s26380,1.0,1
s26381,0.995,1
s26382,1.0,1
s26383,0.993,1
s26384,0.826,1
s26385,1.0,1
s26386,0.94,1
s26387,1.0,1
s26388,0.865,1
s26389,1.0,1
s26390,1.0,1
s26391,0.778,1
s26392,0.617,1
s26393,0.988,1
s26394,1.0,1
s26395,0.986,1
s26396,0.9940000000000001,1
s26397,1.0,1
s26398,1.0,1
s26399,0.997,1
s26400,0.763,1
s26401,0.7509999999999999,1
s26402,0.606,1
s26403,0.998,1
s26404,0.998,1
s26405,1.0,1
s26406,0.998,1
s26407,1.0,1
s26408,0.677,1
s26409,1.0,1
s26410,1.0,1
s26411,1.0,1
s26412,0.6729999999999999,1
s26413,0.982,1
s26414,0.982,1
s26415,0.867,1
s26416,1.0,1
s26417,0.6990000000000001,1
s26418,1.0,1
s26419,1.0,1
s26420,0.9840000000000001,1
s26421,0.997,1
s26422,0.9840000000000001,1
s26423,0.998,1
s26424,1.0,1
s26425,0.845,1
s26426,0.845,1
s26427,1.0,1
s26428,0.7020000000000001,1
s26429,0.698,1
s26430,1.0,1
s26431,1.0,1
s26432,0.9520000000000001,1
s26433,1.0,1
s26434,1.0,1
s26435,1.0,1
s26436,1.0,1
s26437,0.998,1
s26438,0.998,1
s26439,1.0,1
s26440,0.982,1
s26441,0.996,1
s26442,0.998,1
s26443,1.0,1
s26444,0.998,1
s26445,1.0,1
s26446,1.0,1
s26447,1.0,1
s26448,0.992,1
s26449,1.0,1
s26450,0.612,1
s26451,0.909,1
s26452,1.0,1
s26453,0.993,1
s26454,0.997,1
s26455,0.885,1
s26456,0.84,1
s26457,0.9590000000000001,1
s26458,0.995,1
s26459,0.8029999999999999,1
s26460,0.8009999999999999,1
s26461,0.755,1
s26462,0.748,1
s26463,1.0,1
s26464,0.907,1
s26465,0.919,1
s26466,0.752,1
s26467,0.8029999999999999,1
s26468,0.993,1
s26469,0.795,1
s26470,1.0,1
s26471,0.991,1
s26472,1.0,1
s26473,0.841,1
s26474,0.7709999999999999,1
s26475,0.9059999999999999,1
s26476,0.738,1
s26477,1.0,1
s26478,0.995,1
s26479,0.99,1
s26480,0.988,1
s26481,0.8490000000000001,1
s26482,1.0,1
s26483,1.0,1
s26484,0.995,1
s26485,1.0,1
s26486,0.995,1
s26487,0.995,1
s26488,0.995,1
s26489,0.997,1
s26490,1.0,1
s26491,0.9940000000000001,1
s26492,1.0,1
s26493,0.996,1
s26494,0.991,1
s26495,1.0,1
s26496,0.628,1
s26497,0.557,1
s26498,1.0,1
s26499,0.7979999999999999,1
s26500,1.0,1
s26501,0.991,1
s26502,0.657,1
s26503,1.0,1
s26504,0.845,1
s26505,0.968,1
s26506,0.948,1
s26507,0.915,1
s26508,0.98,1
s26509,1.0,1
s26510,0.9840000000000001,1
s26511,1.0,1
s26512,0.541,1
s26513,0.5379999999999999,1
s26514,0.872,1
s26515,0.755,1
s26516,0.9179999999999999,1
s26517,0.998,1
s26518,0.82,1
s26519,0.917,1
s26520,0.998,1
s26521,1.0,1
s26522,1.0,1
s26523,1.0,1
s26524,1.0,1
s26525,1.0,1
s26526,1.0,1
s26527,1.0,1
s26528,1.0,1
s26529,0.9109999999999999,1
s26530,0.92,1
s26531,0.92,1
s26532,0.995,1
s26533,0.917,1
s26534,0.996,1
s26535,0.917,1
s26536,0.996,1
s26537,0.996,1
s26538,0.899,1
s26539,0.6679999999999999,1
s26540,0.993,1
s26541,0.645,1
s26542,0.667,1
s26543,0.816,1
s26544,0.971,1
s26545,0.899,1
s26546,0.813,1
s26547,1.0,1
s26548,0.843,1
s26549,0.56,1
s26550,1.0,1
s26551,0.996,1
s26552,0.5820000000000001,1
s26553,0.996,1
s26554,0.995,1
s26555,0.815,1
s26556,0.736,1
s26557,1.0,1
s26558,0.998,1
s26559,0.91,1
s26560,0.998,1
s26561,0.9940000000000001,1
s26562,0.9940000000000001,1
s26563,0.9590000000000001,1
s26564,0.956,1
s26565,0.996,1
s26566,1.0,1
s26567,0.9940000000000001,1
s26568,1.0,1
s26569,1.0,1
s26570,0.685,1
s26571,0.976,1
s26572,1.0,1
s26573,0.9490000000000001,1
s26574,0.726,1
s26575,0.601,1
s26576,0.9470000000000001,1
s26577,1.0,1
s26578,0.9520000000000001,1
s26579,0.578,1
s26580,0.877,1
s26581,1.0,1
s26582,0.9520000000000001,1
s26583,0.937,1
s26584,0.919,1
s26585,0.795,1
s26586,0.998,1
s26587,0.991,1
s26588,1.0,1
s26589,0.985,1
s26590,0.5920000000000001,1
s26591,0.777,1
s26592,0.603,1
s26593,1.0,1
s26594,0.97,1
s26595,0.972,1
s26596,0.9470000000000001,1
s26597,0.9940000000000001,1
s26598,0.698,1
s26599,1.0,1
s26600,0.987,1
s26601,0.997,1
s26602,0.99,1
s26603,0.7,1
s26604,0.997,1
s26605,0.47,1
s26606,0.624,1
s26607,0.998,1
s26608,0.9690000000000001,1
s26609,0.9890000000000001,1
s26610,0.638,1
s26611,1.0,1
s26612,0.996,1
s26613,1.0,1
s26614,0.987,1
s26615,0.917,1
s26616,0.887,1
s26617,0.887,1
s26618,0.889,1
s26619,0.884,1
s26620,0.884,1
s26621,0.884,1
s26622,0.674,1
s26623,0.9690000000000001,1
s26624,0.997,1
s26625,1.0,1
s26626,0.983,1
s26627,1.0,1
s26628,1.0,1
s26629,0.605,1
s26630,0.9940000000000001,1
s26631,1.0,1
s26632,1.0,1
s26633,1.0,1
s26634,1.0,1
s26635,1.0,1
s26636,1.0,1
s26637,0.991,1
s26638,0.698,1
s26639,0.753,1
s26640,0.991,1
s26641,0.809,1
s26642,0.809,1
s26643,0.991,1
s26644,0.991,1
s26645,0.632,1
s26646,1.0,1
s26647,0.987,1
s26648,0.995,1
s26649,1.0,1
s26650,0.667,1
s26651,0.8440000000000001,1
s26652,1.0,1
s26653,1.0,1
s26654,0.615,1
s26655,0.976,1
s26656,0.987,1
s26657,0.98,1
s26658,0.98,1
s26659,0.98,1
s26660,0.98,1
s26661,0.98,1
s26662,0.98,1
s26663,0.98,1
s26664,0.983,1
s26665,0.7440000000000001,1
s26666,0.825,1
s26667,0.639,1
s26668,1.0,1
s26669,0.696,1
s26670,0.975,1
s26671,0.478,1
s26672,1.0,1
s26673,0.982,1
s26674,0.5720000000000001,1
s26675,1.0,1
s26676,0.696,1
s26677,0.675,1
s26678,1.0,1
s26679,1.0,1
s26680,1.0,1
s26681,1.0,1
s26682,1.0,1
s26683,0.5920000000000001,1
s26684,0.599,1
s26685,0.5920000000000001,1
s26686,0.589,1
s26687,0.596,1
s26688,0.596,1
s26689,0.706,1
s26690,0.825,1
s26691,0.593,1
s26692,0.833,1
s26693,0.518,1
s26694,0.648,1
s26695,0.948,1
s26696,1.0,1
s26697,0.835,1
s26698,1.0,1
s26699,1.0,1
s26700,0.698,1
s26701,0.988,1
s26702,1.0,1
s26703,0.991,1
s26704,1.0,1
s26705,0.977,1
s26706,1.0,1
s26707,0.96,1
s26708,0.545,1
s26709,0.688,1
s26710,1.0,1
s26711,1.0,1
s26712,0.992,1
s26713,0.861,1
s26714,0.8809999999999999,1
s26715,0.8859999999999999,1
s26716,0.6829999999999999,1
s26717,1.0,1
s26718,0.995,1
s26719,0.833,1
s26720,0.85,1
s26721,0.688,1
s26722,0.539,1
s26723,1.0,1
s26724,1.0,1
s26725,0.5710000000000001,1
s26726,0.977,1
s26727,0.977,1
s26728,1.0,1
s26729,0.991,1
s26730,0.6940000000000001,1
s26731,0.6709999999999999,1
s26732,0.745,1
s26733,0.997,1
s26734,0.9940000000000001,1
s26735,1.0,1
s26736,1.0,1
s26737,1.0,1
s26738,1.0,1
s26739,1.0,1
s26740,1.0,1
s26741,1.0,1
s26742,0.7709999999999999,1
s26743,1.0,1
s26744,0.736,1
s26745,0.782,1
s26746,0.885,1
s26747,0.9940000000000001,1
s26748,1.0,1
s26749,0.977,1
s26750,0.856,1
s26751,1.0,1
s26752,0.981,1
s26753,1.0,1
s26754,0.56,1
s26755,0.747,1
s26756,0.966,1
s26757,0.904,1
s26758,0.8009999999999999,1
s26759,1.0,1
s26760,0.973,1
s26761,0.5379999999999999,1
s26762,0.5870000000000001,1
s26763,1.0,1
s26764,0.6829999999999999,1
s26765,0.997,1
s26766,0.993,1
s26767,0.993,1
s26768,0.996,1
s26769,0.69,1
s26770,0.581,1
s26771,0.8390000000000001,1
s26772,1.0,1
s26773,0.636,1
s26774,1.0,1
s26775,1.0,1
s26776,0.863,1
s26777,0.8540000000000001,1
s26778,1.0,1
s26779,0.846,1
s26780,1.0,1
s26781,0.927,1
s26782,0.9329999999999999,1
s26783,0.93,1
s26784,0.8540000000000001,1
s26785,0.735,1
s26786,0.851,1
s26787,1.0,1
s26788,0.9890000000000001,1
s26789,1.0,1
s26790,0.958,1
s26791,0.982,1
s26792,0.993,1
s26793,0.993,1
s26794,1.0,1
s26795,0.87,1
s26796,0.833,1
s26797,0.87,1
s26798,0.986,1
s26799,0.9790000000000001,1
s26800,0.972,1
s26801,1.0,1
s26802,0.871,1
s26803,0.9159999999999999,1
s26804,0.998,1
s26805,1.0,1
s26806,0.9890000000000001,1
s26807,0.9940000000000001,1
s26808,0.9940000000000001,1
s26809,0.998,1
s26810,0.838,1
s26811,0.91,1
s26812,0.836,1
s26813,0.9840000000000001,1
s26814,0.9620000000000001,1
s26815,1.0,1
s26816,0.9740000000000001,1
s26817,0.74,1
s26818,0.88,1
s26819,1.0,1
s26820,0.997,1
s26821,0.993,1
s26822,0.7959999999999999,1
s26823,0.995,1
s26824,0.853,1
s26825,0.8059999999999999,1
s26826,0.853,1
s26827,0.726,1
s26828,0.995,1
s26829,0.995,1
s26830,1.0,1
s26831,0.823,1
s26832,0.792,1
s26833,1.0,1
s26834,1.0,1
s26835,0.995,1
s26836,1.0,1
s26837,0.981,1
s26838,0.976,1
s26839,1.0,1
s26840,1.0,1
s26841,0.922,1
s26842,0.843,1
s26843,0.9840000000000001,1
s26844,0.9620000000000001,1
s26845,1.0,1
s26846,0.998,1
s26847,0.826,1
s26848,0.976,1
s26849,0.997,1
s26850,1.0,1
s26851,0.996,1
s26852,0.919,1
s26853,0.919,1
s26854,1.0,1
s26855,1.0,1
s26856,1.0,1
s26857,0.945,1
s26858,0.634,1
s26859,0.87,1
s26860,0.992,1
s26861,0.9890000000000001,1
s26862,1.0,1
s26863,0.652,1
s26864,1.0,1
s26865,0.992,1
s26866,0.605,1
s26867,1.0,1
s26868,1.0,1
s26869,0.996,1
s26870,0.9940000000000001,1
s26871,0.758,1
s26872,0.981,1
s26873,0.991,1
s26874,0.7070000000000001,1
s26875,1.0,1
s26876,0.9940000000000001,1
s26877,0.805,1
s26878,0.823,1
s26879,0.82,1
s26880,1.0,1
s26881,0.82,1
s26882,0.757,1
s26883,0.992,1
s26884,0.7959999999999999,1
s26885,0.82,1
s26886,1.0,1
s26887,1.0,1
s26888,0.6679999999999999,1
s26889,1.0,1
s26890,0.981,1
s26891,1.0,1
s26892,0.805,1
s26893,0.985,1
s26894,1.0,1
s26895,0.647,1
s26896,0.5489999999999999,1
s26897,0.5429999999999999,1
s26898,1.0,1
s26899,0.993,1
s26900,0.632,1
s26901,0.922,1
s26902,0.863,1
s26903,0.838,1
s26904,0.904,1
s26905,0.951,1
s26906,0.988,1
s26907,0.9940000000000001,1
s26908,0.6509999999999999,1
s26909,0.648,1
s26910,0.9390000000000001,1
s26911,0.9329999999999999,1
s26912,0.929,1
s26913,0.7959999999999999,1
s26914,0.865,1
s26915,1.0,1
s26916,0.995,1
s26917,0.943,1
s26918,0.996,1
s26919,0.9059999999999999,1
s26920,0.929,1
s26921,0.715,1
s26922,1.0,1
s26923,1.0,1
s26924,0.775,1
s26925,0.963,1
s26926,1.0,1
s26927,1.0,1
s26928,0.9640000000000001,1
s26929,0.763,1
s26930,1.0,1
s26931,1.0,1
s26932,0.9390000000000001,1
s26933,0.519,1
s26934,0.993,1
s26935,0.9390000000000001,1
s26936,1.0,1
s26937,0.9159999999999999,1
s26938,0.987,1
s26939,1.0,1
s26940,1.0,1
s26941,0.784,1
s26942,0.892,1
s26943,0.892,1
s26944,0.934,1
s26945,1.0,1
s26946,0.99,1
s26947,0.965,1
s26948,1.0,1
s26949,1.0,1
s26950,0.9420000000000001,1
s26951,0.838,1
s26952,0.9229999999999999,1
s26953,0.993,1
s26954,0.995,1
s26955,0.968,1
s26956,0.797,1
s26957,1.0,1
s26958,0.6859999999999999,1
s26959,0.6709999999999999,1
s26960,0.9259999999999999,1
s26961,0.998,1
s26962,1.0,1
s26963,0.877,1
s26964,0.743,1
s26965,1.0,1
s26966,0.7040000000000001,1
s26967,0.659,1
s26968,0.746,1
s26969,1.0,1
s26970,1.0,1
s26971,0.565,1
s26972,0.6409999999999999,1
s26973,0.9309999999999999,1
s26974,0.696,1
s26975,0.696,1
s26976,1.0,1
s26977,0.99,1
s26978,0.998,1
s26979,0.996,1
s26980,0.705,1
s26981,0.6809999999999999,1
s26982,0.619,1
s26983,1.0,1
s26984,1.0,1
s26985,0.995,1
s26986,0.995,1
s26987,0.759,1
s26988,0.782,1
s26989,0.995,1
s26990,0.995,1
s26991,0.995,1
s26992,1.0,1
s26993,0.809,1
s26994,0.995,1
s26995,1.0,1
s26996,1.0,1
s26997,1.0,1
s26998,1.0,1
s26999,0.988,1
s27000,0.978,1
s27001,0.5489999999999999,1
s27002,1.0,1
s27003,0.9840000000000001,1
s27004,0.618,1
s27005,0.77,1
s27006,0.69,1
s27007,0.848,1
s27008,0.9940000000000001,1
s27009,0.997,1
s27010,1.0,1
s27011,0.612,1
s27012,0.607,1
s27013,0.932,1
s27014,0.997,1
s27015,0.998,1
s27016,0.997,1
s27017,1.0,1
s27018,0.521,1
s27019,0.9940000000000001,1
s27020,1.0,1
s27021,0.9940000000000001,1
s27022,0.833,1
s27023,0.997,1
s27024,0.767,1
s27025,0.607,1
s27026,0.818,1
s27027,0.995,1
s27028,0.932,1
s27029,0.638,1
s27030,0.622,1
s27031,0.622,1
s27032,0.996,1
s27033,1.0,1
s27034,0.993,1
s27035,0.748,1
s27036,0.799,1
s27037,1.0,1
s27038,0.742,1
s27039,0.997,1
s27040,0.816,1
s27041,1.0,1
s27042,0.971,1
s27043,0.391,1
s27044,0.414,1
s27045,1.0,1
s27046,1.0,1
s27047,1.0,1
s27048,0.993,1
s27049,0.996,1
s27050,0.919,1
s27051,1.0,1
s27052,0.988,1
s27053,1.0,1
s27054,0.987,1
s27055,0.987,1
s27056,1.0,1
s27057,0.9840000000000001,1
s27058,1.0,1
s27059,0.474,1
s27060,0.624,1
s27061,1.0,1
s27062,1.0,1
s27063,1.0,1
s27064,1.0,1
s27065,0.997,1
s27066,1.0,1
s27067,0.684,1
s27068,1.0,1
s27069,0.97,1
s27070,1.0,1
s27071,1.0,1
s27072,0.87,1
s27073,0.878,1
s27074,0.973,1
s27075,1.0,1
s27076,0.966,1
s27077,0.956,1
s27078,0.9640000000000001,1
s27079,1.0,1
s27080,0.675,1
s27081,0.987,1
s27082,0.919,1
s27083,0.985,1
s27084,0.8759999999999999,1
s27085,0.815,1
s27086,0.604,1
s27087,0.634,1
s27088,0.7140000000000001,1
s27089,0.665,1
s27090,0.966,1
s27091,0.973,1
s27092,0.992,1
s27093,0.992,1
s27094,1.0,1
s27095,1.0,1
s27096,0.8759999999999999,1
s27097,0.852,1
s27098,0.993,1
s27099,0.7929999999999999,1
s27100,0.975,1
s27101,0.975,1
s27102,1.0,1
s27103,1.0,1
s27104,0.604,1
s27105,0.935,1
s27106,0.987,1
s27107,0.948,1
s27108,0.9940000000000001,1
s27109,0.996,1
s27110,0.993,1
s27111,0.8009999999999999,1
s27112,0.632,1
s27113,0.603,1
s27114,0.998,1
s27115,0.996,1
s27116,0.998,1
s27117,0.8640000000000001,1
s27118,0.541,1
s27119,0.995,1
s27120,1.0,1
s27121,0.853,1
s27122,0.664,1
s27123,1.0,1
s27124,1.0,1
s27125,0.993,1
s27126,0.993,1
s27127,0.996,1
s27128,1.0,1
s27129,0.997,1
s27130,0.997,1
s27131,0.978,1
s27132,0.997,1
s27133,0.631,1
s27134,0.631,1
s27135,0.998,1
s27136,1.0,1
s27137,1.0,1
s27138,0.997,1
s27139,0.985,1
s27140,1.0,1
s27141,1.0,1
s27142,1.0,1
s27143,0.997,1
s27144,0.935,1
s27145,0.998,1
s27146,1.0,1
s27147,1.0,1
s27148,0.9940000000000001,1
s27149,1.0,1
s27150,0.992,1
s27151,0.831,1
s27152,1.0,1
s27153,1.0,1
s27154,0.997,1
s27155,0.778,1
s27156,0.755,1
s27157,0.925,1
s27158,0.925,1
s27159,0.97,1
s27160,0.619,1
s27161,0.995,1
s27162,1.0,1
s27163,0.995,1
s27164,0.9940000000000001,1
s27165,0.9940000000000001,1
s27166,1.0,1
s27167,1.0,1
s27168,0.961,1
s27169,0.9670000000000001,1
s27170,0.9840000000000001,1
s27171,0.993,1
s27172,0.573,1
s27173,1.0,1
s27174,1.0,1
s27175,0.996,1
s27176,0.996,1
s27177,0.763,1
s27178,0.978,1
s27179,1.0,1
s27180,0.675,1
s27181,0.6729999999999999,1
s27182,0.993,1
s27183,0.992,1
s27184,1.0,1
s27185,0.96,1
s27186,0.982,1
s27187,0.993,1
s27188,0.996,1
s27189,0.852,1
s27190,0.995,1
s27191,0.986,1
s27192,0.988,1
s27193,1.0,1
s27194,1.0,1
s27195,0.8440000000000001,1
s27196,1.0,1
s27197,0.8009999999999999,1
s27198,0.997,1
s27199,0.976,1
s27200,0.904,1
s27201,1.0,1
s27202,0.996,1
s27203,0.585,1
s27204,0.581,1
s27205,0.997,1
s27206,0.99,1
s27207,0.848,1
s27208,0.805,1
s27209,0.991,1
s27210,0.664,1
s27211,1.0,1
s27212,1.0,1
s27213,0.8540000000000001,1
s27214,0.983,1
s27215,1.0,1
s27216,1.0,1
s27217,0.613,1
s27218,0.7809999999999999,1
s27219,0.79,1
s27220,0.7809999999999999,1
s27221,0.7879999999999999,1
s27222,1.0,1
s27223,1.0,1
s27224,0.993,1
s27225,0.873,1
s27226,0.948,1
s27227,0.955,1
s27228,0.9740000000000001,1
s27229,0.997,1
s27230,0.997,1
s27231,0.59,1
s27232,1.0,1
s27233,0.848,1
s27234,0.9,1
s27235,1.0,1
s27236,1.0,1
s27237,1.0,1
s27238,0.735,1
s27239,1.0,1
s27240,0.9420000000000001,1
s27241,1.0,1
s27242,0.968,1
s27243,0.992,1
s27244,0.74,1
s27245,0.992,1
s27246,0.998,1
s27247,0.768,1
s27248,0.733,1
s27249,0.733,1
s27250,0.69,1
s27251,0.995,1
s27252,0.981,1
s27253,0.866,1
s27254,0.843,1
s27255,0.981,1
s27256,0.993,1
s27257,1.0,1
s27258,0.996,1
s27259,0.9259999999999999,1
s27260,0.703,1
s27261,0.7190000000000001,1
s27262,0.992,1
s27263,0.629,1
s27264,0.988,1
s27265,0.7120000000000001,1
s27266,0.547,1
s27267,0.991,1
s27268,0.612,1
s27269,1.0,1
s27270,1.0,1
s27271,0.746,1
s27272,0.9440000000000001,1
s27273,0.797,1
s27274,0.871,1
s27275,1.0,1
s27276,0.975,1
s27277,0.973,1
s27278,0.8290000000000001,1
s27279,0.775,1
s27280,0.774,1
s27281,1.0,1
s27282,0.674,1
s27283,1.0,1
s27284,0.907,1
s27285,1.0,1
s27286,0.997,1
s27287,0.987,1
s27288,0.996,1
s27289,0.985,1
s27290,0.919,1
s27291,0.8059999999999999,1
s27292,0.84,1
s27293,0.696,1
s27294,0.843,1
s27295,0.8590000000000001,1
s27296,0.782,1
s27297,0.828,1
s27298,1.0,1
s27299,0.7390000000000001,1
s27300,0.563,1
s27301,0.998,1
s27302,0.998,1
s27303,0.9890000000000001,1
s27304,0.997,1
s27305,0.847,1
s27306,0.996,1
s27307,1.0,1
s27308,1.0,1
s27309,1.0,1
s27310,0.963,1
s27311,0.9890000000000001,1
s27312,0.99,1
s27313,0.7959999999999999,1
s27314,1.0,1
s27315,0.991,1
s27316,0.9940000000000001,1
s27317,0.758,1
s27318,0.8540000000000001,1
s27319,0.706,1
s27320,0.94,1
s27321,0.993,1
s27322,0.997,1
s27323,0.997,1
s27324,1.0,1
s27325,1.0,1
s27326,0.919,1
s27327,1.0,1
s27328,1.0,1
s27329,0.621,1
s27330,0.9690000000000001,1
s27331,0.9690000000000001,1
s27332,0.9740000000000001,1
s27333,0.871,1
s27334,0.996,1
s27335,0.996,1
s27336,1.0,1
s27337,0.7909999999999999,1
s27338,0.992,1
s27339,1.0,1
s27340,0.992,1
s27341,0.992,1
s27342,0.841,1
s27343,1.0,1
s27344,0.976,1
s27345,0.71,1
s27346,0.583,1
s27347,0.919,1
s27348,1.0,1
s27349,0.867,1
s27350,0.7759999999999999,1
s27351,0.995,1
s27352,0.907,1
s27353,0.706,1
s27354,0.978,1
s27355,0.945,1
s27356,0.887,1
s27357,0.9790000000000001,1
s27358,0.614,1
s27359,1.0,1
s27360,1.0,1
s27361,0.978,1
s27362,0.9840000000000001,1
s27363,0.9990000000000001,1
s27364,0.73,1
s27365,1.0,1
s27366,0.733,1
s27367,0.765,1
s27368,0.97,1
s27369,0.968,1
s27370,0.7020000000000001,1
s27371,1.0,1
s27372,1.0,1
s27373,0.922,1
s27374,0.629,1
s27375,0.935,1
s27376,0.909,1
s27377,1.0,1
s27378,0.988,1
s27379,0.728,1
s27380,0.8540000000000001,1
s27381,0.8420000000000001,1
s27382,0.998,1
s27383,0.99,1
s27384,0.998,1
s27385,0.99,1
s27386,0.637,1
s27387,0.99,1
s27388,0.981,1
s27389,1.0,1
s27390,1.0,1
s27391,1.0,1
s27392,0.883,1
s27393,0.996,1
s27394,0.971,1
s27395,0.9940000000000001,1
s27396,0.919,1
s27397,1.0,1
s27398,1.0,1
s27399,0.977,1
s27400,0.977,1
s27401,0.977,1
s27402,0.552,1
s27403,0.987,1
s27404,0.996,1
s27405,1.0,1
s27406,0.995,1
s27407,1.0,1
s27408,0.9279999999999999,1
s27409,1.0,1
s27410,0.616,1
s27411,0.7440000000000001,1
s27412,0.807,1
s27413,0.9940000000000001,1
s27414,0.9940000000000001,1
s27415,0.9940000000000001,1
s27416,0.9940000000000001,1
s27417,0.968,1
s27418,1.0,1
s27419,0.797,1
s27420,1.0,1
s27421,0.9790000000000001,1
s27422,0.993,1
s27423,0.9840000000000001,1
s27424,1.0,1
s27425,1.0,1
s27426,0.997,1
s27427,1.0,1
s27428,0.784,1
s27429,1.0,1
s27430,1.0,1
s27431,0.665,1
s27432,0.745,1
s27433,0.7340000000000001,1
s27434,0.846,1
s27435,1.0,1
s27436,0.982,1
s27437,1.0,1
s27438,1.0,1
s27439,1.0,1
s27440,0.993,1
s27441,1.0,1
s27442,0.794,1
s27443,0.565,1
s27444,0.99,1
s27445,0.986,1
s27446,0.986,1
s27447,1.0,1
s27448,0.778,1
s27449,0.547,1
s27450,1.0,1
s27451,0.812,1
s27452,0.708,1
s27453,0.701,1
s27454,1.0,1
s27455,1.0,1
s27456,1.0,1
s27457,0.9670000000000001,1
s27458,0.998,1
s27459,1.0,1
s27460,1.0,1
s27461,0.88,1
s27462,0.998,1
s27463,0.8540000000000001,1
s27464,0.8240000000000001,1
s27465,1.0,1
s27466,0.5720000000000001,1
s27467,0.997,1
s27468,0.987,1
s27469,1.0,1
s27470,0.981,1
s27471,0.615,1
s27472,0.613,1
s27473,1.0,1
s27474,1.0,1
s27475,0.996,1
s27476,0.998,1
s27477,0.995,1
s27478,0.995,1
s27479,0.995,1
s27480,0.995,1
s27481,0.99,1
s27482,1.0,1
s27483,0.615,1
s27484,0.847,1
s27485,0.953,1
s27486,0.8490000000000001,1
s27487,0.8490000000000001,1
s27488,0.852,1
s27489,0.953,1
s27490,0.992,1
s27491,0.89,1
s27492,0.865,1
s27493,0.865,1
s27494,0.866,1
s27495,0.857,1
s27496,0.966,1
s27497,0.9670000000000001,1
s27498,1.0,1
s27499,1.0,1
s27500,0.98,1
s27501,1.0,1
s27502,0.995,1
s27503,0.961,1
s27504,1.0,1
s27505,1.0,1
s27506,0.9109999999999999,1
s27507,0.823,1
s27508,0.98,1
s27509,0.9520000000000001,1
s27510,0.8590000000000001,1
s27511,0.862,1
s27512,0.973,1
s27513,0.821,1
s27514,0.9329999999999999,1
s27515,0.8220000000000001,1
s27516,0.6609999999999999,1
s27517,0.99,1
s27518,0.84,1
s27519,0.623,1
s27520,0.7140000000000001,1
s27521,0.991,1
s27522,1.0,1
s27523,1.0,1
s27524,0.995,1
s27525,0.995,1
s27526,1.0,1
s27527,0.727,1
s27528,0.71,1
s27529,1.0,1
s27530,0.981,1
s27531,1.0,1
s27532,0.754,1
s27533,1.0,1
s27534,0.966,1
s27535,1.0,1
s27536,0.997,1
s27537,0.995,1
s27538,0.94,1
s27539,0.966,1
s27540,1.0,1
s27541,0.804,1
s27542,0.996,1
s27543,0.995,1
s27544,0.769,1
s27545,0.9279999999999999,1
s27546,0.71,1
s27547,0.973,1
s27548,0.907,1
s27549,0.9940000000000001,1
s27550,0.987,1
s27551,0.617,1
s27552,1.0,1
s27553,0.615,1
s27554,0.988,1
s27555,1.0,1
s27556,0.7,1
s27557,0.825,1
s27558,1.0,1
s27559,0.993,1
s27560,0.993,1
s27561,0.998,1
s27562,0.9890000000000001,1
s27563,0.9890000000000001,1
s27564,1.0,1
s27565,0.997,1
s27566,0.618,1
s27567,0.68,1
s27568,0.728,1
s27569,1.0,1
s27570,0.995,1
s27571,0.997,1
s27572,1.0,1
s27573,1.0,1
s27574,0.866,1
s27575,0.875,1
s27576,1.0,1
s27577,1.0,1
s27578,0.986,1
s27579,0.983,1
s27580,1.0,1
s27581,1.0,1
s27582,1.0,1
s27583,0.988,1
s27584,0.99,1
s27585,0.861,1
s27586,0.922,1
s27587,0.807,1
s27588,0.935,1
s27589,0.917,1
s27590,1.0,1
s27591,0.99,1
s27592,1.0,1
s27593,1.0,1
s27594,0.992,1
s27595,0.7509999999999999,1
s27596,1.0,1
s27597,0.623,1
s27598,1.0,1
s27599,1.0,1
s27600,0.7709999999999999,1
s27601,0.779,1
s27602,0.961,1
s27603,0.993,1
s27604,0.902,1
s27605,1.0,1
s27606,0.662,1
s27607,0.988,1
s27608,0.725,1
s27609,0.725,1
s27610,0.72,1
s27611,0.72,1
s27612,0.7140000000000001,1
s27613,0.725,1
s27614,0.725,1
s27615,0.725,1
s27616,0.992,1
s27617,0.92,1
s27618,0.9890000000000001,1
s27619,0.9159999999999999,1
s27620,0.9890000000000001,1
s27621,0.9209999999999999,1
s27622,1.0,1
s27623,0.998,1
s27624,0.998,1
s27625,0.998,1
s27626,0.998,1
s27627,0.998,1
s27628,0.998,1
s27629,0.998,1
s27630,0.82,1
s27631,0.97,1
s27632,0.9890000000000001,1
s27633,0.919,1
s27634,0.935,1
s27635,0.9329999999999999,1
s27636,0.966,1
s27637,0.95,1
s27638,0.983,1
s27639,0.823,1
s27640,1.0,1
s27641,1.0,1
s27642,0.674,1
s27643,0.871,1
s27644,0.6579999999999999,1
s27645,1.0,1
s27646,1.0,1
s27647,1.0,1
s27648,1.0,1
s27649,0.6579999999999999,1
s27650,0.65,1
s27651,0.703,1
s27652,0.728,1
s27653,0.684,1
s27654,1.0,1
s27655,0.6990000000000001,1
s27656,0.733,1
s27657,0.7290000000000001,1
s27658,0.768,1
s27659,0.763,1
s27660,0.75,1
s27661,0.754,1
s27662,1.0,1
s27663,0.701,1
s27664,1.0,1
s27665,0.9440000000000001,1
s27666,1.0,1
s27667,0.9690000000000001,1
s27668,0.826,1
s27669,0.986,1
s27670,0.996,1
s27671,0.995,1
s27672,0.9940000000000001,1
s27673,1.0,1
s27674,1.0,1
s27675,0.897,1
s27676,1.0,1
s27677,1.0,1
s27678,0.996,1
s27679,0.996,1
s27680,0.981,1
s27681,0.996,1
s27682,0.981,1
s27683,0.998,1
s27684,0.985,1
s27685,0.618,1
s27686,0.9690000000000001,1
s27687,0.995,1
s27688,0.985,1
s27689,0.985,1
s27690,0.998,1
s27691,1.0,1
s27692,1.0,1
s27693,0.727,1
s27694,0.6579999999999999,1
s27695,0.718,1
s27696,0.6679999999999999,1
s27697,0.725,1
s27698,1.0,1
s27699,0.889,1
s27700,1.0,1
s27701,0.9059999999999999,1
s27702,0.919,1
s27703,0.677,1
s27704,0.9890000000000001,1
s27705,0.978,1
s27706,0.995,1
s27707,0.995,1
s27708,0.997,1
s27709,0.736,1
s27710,0.618,1
s27711,1.0,1
s27712,0.99,1
s27713,1.0,1
s27714,1.0,1
s27715,1.0,1
s27716,0.644,1
s27717,0.727,1
s27718,0.685,1
s27719,0.99,1
s27720,0.955,1
s27721,1.0,1
s27722,0.9359999999999999,1
s27723,0.479,1
s27724,0.629,1
s27725,0.995,1
s27726,1.0,1
s27727,0.7559999999999999,1
s27728,1.0,1
s27729,1.0,1
s27730,0.9940000000000001,1
s27731,0.9940000000000001,1
s27732,0.528,1
s27733,1.0,1
s27734,0.9059999999999999,1
s27735,0.98,1
s27736,0.987,1
s27737,0.9440000000000001,1
s27738,0.988,1
s27739,0.9309999999999999,1
s27740,0.602,1
s27741,1.0,1
s27742,0.993,1
s27743,0.784,1
s27744,0.987,1
s27745,1.0,1
s27746,1.0,1
s27747,0.997,1
s27748,0.997,1
s27749,0.9990000000000001,1
s27750,1.0,1
s27751,1.0,1
s27752,1.0,1
s27753,0.996,1
s27754,0.996,1
s27755,0.695,1
s27756,0.987,1
s27757,0.72,1
s27758,1.0,1
s27759,1.0,1
s27760,0.9440000000000001,1
s27761,0.688,1
s27762,0.85,1
s27763,0.9159999999999999,1
s27764,0.852,1
s27765,0.737,1
s27766,0.917,1
s27767,0.996,1
s27768,0.9840000000000001,1
s27769,0.9940000000000001,1
s27770,0.997,1
s27771,0.996,1
s27772,1.0,1
s27773,0.985,1
s27774,0.985,1
s27775,0.7090000000000001,1
s27776,0.992,1
s27777,0.996,1
s27778,0.934,1
s27779,0.8420000000000001,1
s27780,1.0,1
s27781,1.0,1
s27782,0.997,1
s27783,1.0,1
s27784,1.0,1
s27785,0.995,1
s27786,0.862,1
s27787,0.9109999999999999,1
s27788,0.988,1
s27789,0.858,1
s27790,0.9109999999999999,1
s27791,0.998,1
s27792,0.998,1
s27793,0.998,1
s27794,0.998,1
s27795,0.998,1
s27796,0.996,1
s27797,0.518,1
s27798,0.938,1
s27799,0.981,1
s27800,1.0,1
s27801,0.98,1
s27802,0.9179999999999999,1
s27803,0.922,1
s27804,0.6629999999999999,1
s27805,0.996,1
s27806,0.774,1
s27807,0.995,1
s27808,1.0,1
s27809,0.76,1
s27810,0.8079999999999999,1
s27811,0.8140000000000001,1
s27812,1.0,1
s27813,1.0,1
s27814,1.0,1
s27815,1.0,1
s27816,0.807,1
s27817,0.991,1
s27818,0.586,1
s27819,1.0,1
s27820,0.76,1
s27821,0.653,1
s27822,0.9059999999999999,1
s27823,0.973,1
s27824,0.9890000000000001,1
s27825,0.631,1
s27826,1.0,1
s27827,0.698,1
s27828,0.956,1
s27829,0.9940000000000001,1
s27830,0.9440000000000001,1
s27831,1.0,1
s27832,0.9390000000000001,1
s27833,0.674,1
s27834,0.99,1
s27835,0.885,1
s27836,1.0,1
s27837,0.846,1
s27838,0.996,1
s27839,1.0,1
s27840,0.846,1
s27841,0.997,1
s27842,0.997,1
s27843,0.997,1
s27844,0.997,1
s27845,0.997,1
s27846,0.997,1
s27847,0.998,1
s27848,0.996,1
s27849,0.981,1
s27850,1.0,1
s27851,1.0,1
s27852,0.995,1
s27853,1.0,1
s27854,0.7859999999999999,1
s27855,0.993,1
s27856,0.993,1
s27857,0.6729999999999999,1
s27858,1.0,1
s27859,0.802,1
s27860,0.996,1
s27861,0.993,1
s27862,0.693,1
s27863,0.983,1
s27864,0.956,1
s27865,0.8640000000000001,1
s27866,0.997,1
s27867,0.995,1
s27868,0.8320000000000001,1
s27869,1.0,1
s27870,0.919,1
s27871,0.703,1
s27872,0.568,1
s27873,0.8140000000000001,1
s27874,1.0,1
s27875,1.0,1
s27876,0.988,1
s27877,1.0,1
s27878,1.0,1
s27879,1.0,1
s27880,0.997,1
s27881,0.757,1
s27882,0.8959999999999999,1
s27883,0.9059999999999999,1
s27884,0.9059999999999999,1
s27885,0.9940000000000001,1
s27886,0.983,1
s27887,0.8909999999999999,1
s27888,1.0,1
s27889,1.0,1
s27890,0.895,1
s27891,1.0,1
s27892,0.993,1
s27893,0.995,1
s27894,1.0,1
s27895,0.643,1
s27896,0.8029999999999999,1
s27897,0.997,1
s27898,0.985,1
s27899,1.0,1
s27900,0.992,1
s27901,1.0,1
s27902,1.0,1
s27903,0.997,1
s27904,0.9940000000000001,1
s27905,0.998,1
s27906,0.997,1
s27907,0.763,1
s27908,0.996,1
s27909,1.0,1
s27910,1.0,1
s27911,0.997,1
s27912,0.7959999999999999,1
s27913,1.0,1
s27914,0.777,1
s27915,0.9279999999999999,1
s27916,1.0,1
s27917,1.0,1
s27918,0.631,1
s27919,0.604,1
s27920,1.0,1
s27921,0.685,1
s27922,1.0,1
s27923,0.825,1
s27924,0.988,1
s27925,0.992,1
s27926,1.0,1
s27927,0.862,1
s27928,0.943,1
s27929,0.953,1
s27930,1.0,1
s27931,1.0,1
s27932,1.0,1
s27933,0.998,1
s27934,0.693,1
s27935,0.997,1
s27936,0.807,1
s27937,0.665,1
s27938,0.583,1
s27939,0.997,1
s27940,0.778,1
s27941,0.98,1
s27942,0.826,1
s27943,1.0,1
s27944,1.0,1
s27945,0.998,1
s27946,1.0,1
s27947,1.0,1
s27948,0.9440000000000001,1
s27949,0.997,1
s27950,0.996,1
s27951,0.877,1
s27952,0.94,1
s27953,0.77,1
s27954,0.8740000000000001,1
s27955,0.826,1
s27956,0.996,1
s27957,0.997,1
s27958,1.0,1
s27959,0.997,1
s27960,1.0,1
s27961,0.997,1
s27962,0.997,1
s27963,0.992,1
s27964,0.997,1
s27965,0.757,1
s27966,0.978,1
s27967,1.0,1
s27968,0.794,1
s27969,0.841,1
s27970,1.0,1
s27971,0.912,1
s27972,0.735,1
s27973,1.0,1
s27974,0.759,1
s27975,1.0,1
s27976,1.0,1
s27977,0.97,1
s27978,0.648,1
s27979,0.998,1
s27980,1.0,1
s27981,0.996,1
s27982,1.0,1
s27983,0.996,1
s27984,1.0,1
s27985,0.741,1
s27986,0.597,1
s27987,0.993,1
s27988,0.919,1
s27989,0.816,1
s27990,0.727,1
s27991,0.8420000000000001,1
s27992,0.743,1
s27993,0.907,1
s27994,0.966,1
s27995,0.997,1
s27996,0.997,1
s27997,0.73,1
s27998,0.9990000000000001,1
s27999,0.9990000000000001,1
s28000,0.997,1
s28001,0.98,1
s28002,1.0,1
s28003,0.997,1
s28004,0.624,1
s28005,0.812,1
s28006,0.812,1
s28007,0.8109999999999999,1
s28008,1.0,1
s28009,0.972,1
s28010,0.8370000000000001,1
s28011,0.995,1
s28012,0.779,1
s28013,0.892,1
s28014,0.9840000000000001,1
s28015,1.0,1
s28016,0.887,1
s28017,0.938,1
s28018,0.919,1
s28019,1.0,1
s28020,1.0,1
s28021,0.998,1
s28022,0.752,1
s28023,0.588,1
s28024,0.708,1
s28025,0.988,1
s28026,0.973,1
s28027,1.0,1
s28028,0.998,1
s28029,0.975,1
s28030,0.846,1
s28031,0.882,1
s28032,1.0,1
s28033,0.7440000000000001,1
s28034,0.75,1
s28035,0.885,1
s28036,0.92,1
s28037,0.978,1
s28038,0.996,1
s28039,1.0,1
s28040,0.9,1
s28041,0.9540000000000001,1
s28042,0.88,1
s28043,0.935,1
s28044,0.9940000000000001,1
s28045,1.0,1
s28046,0.99,1
s28047,0.992,1
s28048,0.961,1
s28049,1.0,1
s28050,0.8390000000000001,1
s28051,0.797,1
s28052,0.892,1
s28053,0.919,1
s28054,0.919,1
s28055,0.919,1
s28056,0.599,1
s28057,1.0,1
s28058,0.915,1
s28059,0.9690000000000001,1
s28060,0.996,1
s28061,0.996,1
s28062,0.812,1
s28063,1.0,1
s28064,0.997,1
s28065,0.998,1
s28066,0.998,1
s28067,0.612,1
s28068,0.998,1
s28069,0.701,1
s28070,0.693,1
s28071,0.6709999999999999,1
s28072,0.98,1
s28073,0.993,1
s28074,1.0,1
s28075,0.521,1
s28076,1.0,1
s28077,0.976,1
s28078,0.995,1
s28079,0.8490000000000001,1
s28080,1.0,1
s28081,0.669,1
s28082,0.868,1
s28083,0.995,1
s28084,0.997,1
s28085,0.929,1
s28086,0.996,1
s28087,0.996,1
s28088,0.8079999999999999,1
s28089,0.98,1
s28090,0.998,1
s28091,0.995,1
s28092,0.995,1
s28093,0.998,1
s28094,1.0,1
s28095,0.851,1
s28096,0.75,1
s28097,0.997,1
s28098,1.0,1
s28099,1.0,1
s28100,0.818,1
s28101,0.65,1
s28102,0.971,1
s28103,0.9940000000000001,1
s28104,0.9940000000000001,1
s28105,0.997,1
s28106,0.995,1
s28107,0.993,1
s28108,0.99,1
s28109,0.993,1
s28110,0.9470000000000001,1
s28111,0.7829999999999999,1
s28112,0.78,1
s28113,0.909,1
s28114,0.946,1
s28115,0.8370000000000001,1
s28116,0.995,1
s28117,1.0,1
s28118,1.0,1
s28119,1.0,1
s28120,0.731,1
s28121,0.98,1
s28122,0.996,1
s28123,0.996,1
s28124,0.992,1
s28125,0.996,1
s28126,0.7,1
s28127,1.0,1
s28128,1.0,1
s28129,0.997,1
s28130,0.997,1
s28131,0.995,1
s28132,0.992,1
s28133,1.0,1
s28134,1.0,1
s28135,0.995,1
s28136,1.0,1
s28137,0.9309999999999999,1
s28138,0.983,1
s28139,0.675,1
s28140,0.997,1
s28141,1.0,1
s28142,0.8590000000000001,1
s28143,0.9209999999999999,1
s28144,0.9229999999999999,1
s28145,0.838,1
s28146,0.873,1
s28147,0.77,1
s28148,0.754,1
s28149,0.9940000000000001,1
s28150,0.997,1
s28151,0.997,1
s28152,1.0,1
s28153,1.0,1
s28154,1.0,1
s28155,0.77,1
s28156,0.75,1
s28157,1.0,1
s28158,0.993,1
s28159,0.557,1
s28160,1.0,1
s28161,0.991,1
s28162,0.9940000000000001,1
s28163,0.993,1
s28164,1.0,1
s28165,0.9940000000000001,1
s28166,1.0,1
s28167,0.8009999999999999,1
s28168,1.0,1
s28169,0.995,1
s28170,1.0,1
s28171,0.9440000000000001,1
s28172,0.919,1
s28173,0.723,1
s28174,0.723,1
s28175,0.723,1
s28176,0.784,1
s28177,0.845,1
s28178,0.812,1
s28179,0.8440000000000001,1
s28180,0.845,1
s28181,1.0,1
s28182,0.996,1
s28183,1.0,1
s28184,1.0,1
s28185,0.953,1
s28186,0.778,1
s28187,0.968,1
s28188,0.847,1
s28189,0.823,1
s28190,0.9470000000000001,1
s28191,0.925,1
s28192,1.0,1
s28193,0.937,1
s28194,0.9590000000000001,1
s28195,0.993,1
s28196,1.0,1
s28197,0.823,1
s28198,0.831,1
s28199,1.0,1
s28200,0.983,1
s28201,0.996,1
s28202,1.0,1
s28203,1.0,1
s28204,0.909,1
s28205,1.0,1
s28206,0.997,1
s28207,0.8370000000000001,1
s28208,1.0,1
s28209,1.0,1
s28210,0.8029999999999999,1
s28211,1.0,1
s28212,1.0,1
s28213,0.976,1
s28214,1.0,1
s28215,1.0,1
s28216,0.8759999999999999,1
s28217,0.855,1
s28218,0.843,1
s28219,0.8640000000000001,1
s28220,0.9890000000000001,1
s28221,0.64,1
s28222,1.0,1
s28223,0.604,1
s28224,0.711,1
s28225,0.5760000000000001,1
s28226,0.763,1
s28227,1.0,1
s28228,0.997,1
s28229,0.758,1
s28230,1.0,1
s28231,0.9890000000000001,1
s28232,1.0,1
s28233,0.763,1
s28234,1.0,1
s28235,0.82,1
s28236,0.7809999999999999,1
s28237,1.0,1
s28238,1.0,1
s28239,1.0,1
s28240,0.75,1
s28241,1.0,1
s28242,0.589,1
s28243,0.951,1
s28244,1.0,1
s28245,0.611,1
s28246,1.0,1
s28247,0.8740000000000001,1
s28248,0.922,1
s28249,1.0,1
s28250,1.0,1
s28251,0.89,1
s28252,0.99,1
s28253,0.937,1
s28254,1.0,1
s28255,1.0,1
s28256,0.997,1
s28257,0.993,1
s28258,1.0,1
s28259,0.997,1
s28260,0.997,1
s28261,0.672,1
s28262,0.535,1
s28263,0.946,1
s28264,0.9520000000000001,1
s28265,0.552,1
s28266,0.893,1
s28267,0.862,1
s28268,1.0,1
s28269,1.0,1
s28270,1.0,1
s28271,0.977,1
s28272,0.99,1
s28273,1.0,1
s28274,0.977,1
s28275,0.961,1
s28276,0.981,1
s28277,1.0,1
s28278,0.992,1
s28279,0.981,1
s28280,0.981,1
s28281,0.691,1
s28282,0.7040000000000001,1
s28283,0.857,1
s28284,0.74,1
s28285,0.802,1
s28286,0.884,1
s28287,1.0,1
s28288,0.735,1
s28289,0.9940000000000001,1
s28290,0.726,1
s28291,0.747,1
s28292,0.7440000000000001,1
s28293,0.997,1
s28294,0.997,1
s28295,0.9940000000000001,1
s28296,0.648,1
s28297,1.0,1
s28298,1.0,1
s28299,1.0,1
s28300,0.981,1
s28301,1.0,1
s28302,0.938,1
s28303,0.9440000000000001,1
s28304,0.992,1
s28305,0.9440000000000001,1
s28306,0.938,1
s28307,1.0,1
s28308,0.594,1
s28309,0.992,1
s28310,0.996,1
s28311,0.611,1
s28312,0.988,1
s28313,1.0,1
s28314,0.858,1
s28315,1.0,1
s28316,0.995,1
s28317,0.9940000000000001,1
s28318,1.0,1
s28319,1.0,1
s28320,1.0,1
s28321,1.0,1
s28322,1.0,1
s28323,0.9940000000000001,1
s28324,0.9940000000000001,1
s28325,0.74,1
s28326,1.0,1
s28327,0.978,1
s28328,0.986,1
s28329,0.9690000000000001,1
s28330,0.745,1
s28331,0.68,1
s28332,0.993,1
s28333,0.721,1
s28334,0.971,1
s28335,1.0,1
s28336,0.997,1
s28337,0.799,1
s28338,0.799,1
s28339,0.799,1
s28340,0.7929999999999999,1
s28341,0.8029999999999999,1
s28342,0.856,1
s28343,0.82,1
s28344,1.0,1
s28345,0.878,1
s28346,0.958,1
s28347,1.0,1
s28348,0.6579999999999999,1
s28349,1.0,1
s28350,0.9790000000000001,1
s28351,0.998,1
s28352,0.865,1
s28353,0.61,1
s28354,0.992,1
s28355,0.818,1
s28356,1.0,1
s28357,0.909,1
s28358,0.873,1
s28359,0.8240000000000001,1
s28360,0.523,1
s28361,1.0,1
s28362,0.992,1
s28363,1.0,1
s28364,0.9940000000000001,1
s28365,0.7040000000000001,1
s28366,0.995,1
s28367,1.0,1
s28368,0.805,1
s28369,0.653,1
s28370,0.5539999999999999,1
s28371,1.0,1
s28372,0.674,1
s28373,0.743,1
s28374,1.0,1
s28375,0.8240000000000001,1
s28376,0.8240000000000001,1
s28377,0.825,1
s28378,0.867,1
s28379,0.9940000000000001,1
s28380,0.545,1
s28381,0.976,1
s28382,1.0,1
s28383,0.816,1
s28384,0.583,1
s28385,1.0,1
s28386,1.0,1
s28387,1.0,1
s28388,0.721,1
s28389,1.0,1
s28390,0.996,1
s28391,0.914,1
s28392,1.0,1
s28393,1.0,1
s28394,0.995,1
s28395,0.995,1
s28396,0.99,1
s28397,0.99,1
s28398,1.0,1
s28399,0.87,1
s28400,0.8270000000000001,1
s28401,0.69,1
s28402,1.0,1
s28403,1.0,1
s28404,0.856,1
s28405,0.993,1
s28406,0.9890000000000001,1
s28407,0.6509999999999999,1
s28408,0.614,1
s28409,0.963,1
s28410,0.91,1
s28411,0.9940000000000001,1
s28412,0.875,1
s28413,1.0,1
s28414,0.997,1
s28415,0.674,1
s28416,0.6709999999999999,1
s28417,0.6709999999999999,1
s28418,0.6609999999999999,1
s28419,0.9940000000000001,1
s28420,0.9940000000000001,1
s28421,0.6829999999999999,1
s28422,0.607,1
s28423,0.9940000000000001,1
s28424,0.9640000000000001,1
s28425,0.909,1
s28426,1.0,1
s28427,0.997,1
s28428,0.997,1
s28429,0.977,1
s28430,0.996,1
s28431,0.996,1
s28432,0.996,1
s28433,0.992,1
s28434,0.996,1
s28435,0.988,1
s28436,0.787,1
s28437,1.0,1
s28438,0.996,1
s28439,0.997,1
s28440,0.991,1
s28441,0.993,1
s28442,0.997,1
s28443,0.992,1
s28444,1.0,1
s28445,0.983,1
s28446,0.583,1
s28447,0.762,1
s28448,0.586,1
s28449,0.636,1
s28450,0.76,1
s28451,0.813,1
s28452,1.0,1
s28453,0.565,1
s28454,0.679,1
s28455,0.585,1
s28456,0.593,1
s28457,0.907,1
s28458,0.609,1
s28459,1.0,1
s28460,0.998,1
s28461,0.973,1
s28462,0.992,1
s28463,0.7829999999999999,1
s28464,0.588,1
s28465,0.674,1
s28466,0.917,1
s28467,1.0,1
s28468,0.998,1
s28469,1.0,1
s28470,1.0,1
s28471,0.998,1
s28472,0.998,1
s28473,1.0,1
s28474,1.0,1
s28475,0.998,1
s28476,0.997,1
s28477,1.0,1
s28478,1.0,1
s28479,0.564,1
s28480,1.0,1
s28481,0.988,1
s28482,0.6,1
s28483,0.795,1
s28484,0.958,1
s28485,1.0,1
s28486,0.9129999999999999,1
s28487,0.9109999999999999,1
s28488,0.9940000000000001,1
s28489,0.831,1
s28490,1.0,1
s28491,1.0,1
s28492,0.7809999999999999,1
s28493,0.9079999999999999,1
s28494,0.851,1
s28495,0.958,1
s28496,1.0,1
s28497,0.956,1
s28498,0.997,1
s28499,0.997,1
s28500,0.9940000000000001,1
s28501,0.9940000000000001,1
s28502,0.991,1
s28503,0.991,1
s28504,1.0,1
s28505,1.0,1
s28506,0.991,1
s28507,0.674,1
s28508,0.662,1
s28509,0.956,1
s28510,1.0,1
s28511,1.0,1
s28512,0.685,1
s28513,0.992,1
s28514,1.0,1
s28515,0.6409999999999999,1
s28516,1.0,1
s28517,0.993,1
s28518,0.88,1
s28519,0.736,1
s28520,0.997,1
s28521,1.0,1
s28522,1.0,1
s28523,0.958,1
s28524,0.98,1
s28525,0.996,1
s28526,0.98,1
s28527,1.0,1
s28528,0.987,1
s28529,0.674,1
s28530,0.919,1
s28531,0.812,1
s28532,0.565,1
s28533,0.9840000000000001,1
s28534,0.9890000000000001,1
s28535,0.99,1
s28536,1.0,1
s28537,0.997,1
s28538,1.0,1
s28539,1.0,1
s28540,0.833,1
s28541,0.75,1
s28542,1.0,1
s28543,0.991,1
s28544,0.591,1
s28545,0.978,1
s28546,0.57,1
s28547,1.0,1
s28548,0.87,1
s28549,1.0,1
s28550,1.0,1
s28551,0.603,1
s28552,0.996,1
s28553,0.833,1
s28554,0.868,1
s28555,0.8009999999999999,1
s28556,0.998,1
s28557,0.998,1
s28558,0.9940000000000001,1
s28559,0.995,1
s28560,1.0,1
s28561,0.9279999999999999,1
s28562,0.9890000000000001,1
s28563,0.856,1
s28564,0.992,1
s28565,1.0,1
s28566,1.0,1
s28567,0.51,1
s28568,0.997,1
s28569,0.7709999999999999,1
s28570,0.83,1
s28571,0.993,1
s28572,1.0,1
s28573,0.9990000000000001,1
s28574,0.9940000000000001,1
s28575,0.995,1
s28576,0.9109999999999999,1
s28577,0.9159999999999999,1
s28578,0.9940000000000001,1
s28579,0.997,1
s28580,0.997,1
s28581,1.0,1
s28582,0.9159999999999999,1
s28583,0.8590000000000001,1
s28584,0.997,1
s28585,0.6609999999999999,1
s28586,0.9129999999999999,1
s28587,1.0,1
s28588,1.0,1
s28589,1.0,1
s28590,1.0,1
s28591,1.0,1
s28592,1.0,1
s28593,0.997,1
s28594,1.0,1
s28595,0.684,1
s28596,0.917,1
s28597,0.825,1
s28598,0.7170000000000001,1
s28599,0.506,1
s28600,1.0,1
s28601,0.7120000000000001,1
s28602,1.0,1
s28603,0.621,1
s28604,1.0,1
s28605,0.795,1
s28606,1.0,1
s28607,0.664,1
s28608,0.588,1
s28609,0.948,1
s28610,0.922,1
s28611,1.0,1
s28612,0.867,1
s28613,1.0,1
s28614,1.0,1
s28615,1.0,1
s28616,1.0,1
s28617,0.998,1
s28618,0.9740000000000001,1
s28619,0.708,1
s28620,0.9740000000000001,1
s28621,0.997,1
s28622,1.0,1
s28623,1.0,1
s28624,0.998,1
s28625,1.0,1
s28626,0.997,1
s28627,0.995,1
s28628,0.924,1
s28629,0.9129999999999999,1
s28630,1.0,1
s28631,0.8079999999999999,1
s28632,0.995,1
s28633,0.599,1
s28634,0.9129999999999999,1
s28635,1.0,1
s28636,0.7929999999999999,1
s28637,0.633,1
s28638,0.988,1
s28639,0.9940000000000001,1
s28640,0.502,1
s28641,0.614,1
s28642,0.997,1
s28643,0.977,1
s28644,0.87,1
s28645,1.0,1
s28646,0.624,1
s28647,1.0,1
s28648,0.998,1
s28649,1.0,1
s28650,0.951,1
s28651,0.621,1
s28652,0.9540000000000001,1
s28653,1.0,1
s28654,0.998,1
s28655,0.753,1
s28656,0.997,1
s28657,1.0,1
s28658,0.7020000000000001,1
s28659,0.997,1
s28660,1.0,1
s28661,0.935,1
s28662,0.975,1
s28663,0.988,1
s28664,0.99,1
s28665,1.0,1
s28666,0.997,1
s28667,1.0,1
s28668,0.858,1
s28669,0.988,1
s28670,0.983,1
s28671,0.983,1
s28672,0.976,1
s28673,0.975,1
s28674,0.8809999999999999,1
s28675,1.0,1
s28676,1.0,1
s28677,0.993,1
s28678,0.831,1
s28679,1.0,1
s28680,1.0,1
s28681,0.9209999999999999,1
s28682,0.927,1
s28683,0.961,1
s28684,0.872,1
s28685,0.9940000000000001,1
s28686,0.56,1
s28687,0.843,1
s28688,0.75,1
s28689,1.0,1
s28690,0.637,1
s28691,0.792,1
s28692,1.0,1
s28693,0.9690000000000001,1
s28694,0.927,1
s28695,0.927,1
s28696,0.925,1
s28697,0.927,1
s28698,1.0,1
s28699,0.733,1
s28700,0.764,1
s28701,0.546,1
s28702,0.996,1
s28703,0.996,1
s28704,0.995,1
s28705,0.998,1
s28706,0.992,1
s28707,0.8959999999999999,1
s28708,0.998,1
s28709,1.0,1
s28710,0.745,1
s28711,0.992,1
s28712,0.998,1
s28713,1.0,1
s28714,0.997,1
s28715,1.0,1
s28716,0.684,1
s28717,0.79,1
s28718,0.9890000000000001,1
s28719,0.997,1
s28720,0.992,1
s28721,0.997,1
s28722,1.0,1
s28723,1.0,1
s28724,0.961,1
s28725,0.9740000000000001,1
s28726,0.9990000000000001,1
s28727,0.7809999999999999,1
s28728,1.0,1
s28729,1.0,1
s28730,0.941,1
s28731,1.0,1
s28732,1.0,1
s28733,1.0,1
s28734,0.992,1
s28735,0.631,1
s28736,0.958,1
s28737,1.0,1
s28738,1.0,1
s28739,0.9209999999999999,1
s28740,0.997,1
s28741,0.804,1
s28742,1.0,1
s28743,0.705,1
s28744,0.966,1
s28745,1.0,1
s28746,0.995,1
s28747,0.8490000000000001,1
s28748,0.9840000000000001,1
s28749,1.0,1
s28750,1.0,1
s28751,0.8140000000000001,1
s28752,0.88,1
s28753,0.88,1
s28754,1.0,1
s28755,0.948,1
s28756,0.934,1
s28757,0.6859999999999999,1
s28758,0.9740000000000001,1
s28759,0.625,1
s28760,1.0,1
s28761,1.0,1
s28762,0.815,1
s28763,0.768,1
s28764,0.821,1
s28765,0.997,1
s28766,0.642,1
s28767,0.997,1
s28768,0.995,1
s28769,0.7879999999999999,1
s28770,0.987,1
s28771,1.0,1
s28772,1.0,1
s28773,1.0,1
s28774,0.6409999999999999,1
s28775,0.818,1
s28776,1.0,1
s28777,1.0,1
s28778,1.0,1
s28779,0.998,1
s28780,1.0,1
s28781,0.998,1
s28782,0.995,1
s28783,1.0,1
s28784,0.726,1
s28785,0.996,1
s28786,0.7659999999999999,1
s28787,0.938,1
s28788,0.5489999999999999,1
s28789,0.625,1
s28790,1.0,1
s28791,1.0,1
s28792,0.9940000000000001,1
s28793,1.0,1
s28794,1.0,1
s28795,1.0,1
s28796,0.74,1
s28797,0.6409999999999999,1
s28798,0.7809999999999999,1
s28799,0.804,1
s28800,0.897,1
s28801,0.995,1
s28802,0.996,1
s28803,0.992,1
s28804,0.988,1
s28805,0.981,1
s28806,0.687,1
s28807,1.0,1
s28808,0.99,1
s28809,0.99,1
s28810,1.0,1
s28811,0.992,1
s28812,1.0,1
s28813,0.789,1
s28814,0.982,1
s28815,0.997,1
s28816,0.998,1
s28817,0.998,1
s28818,0.998,1
s28819,0.998,1
s28820,0.998,1
s28821,0.833,1
s28822,0.6829999999999999,1
s28823,0.9940000000000001,1
s28824,1.0,1
s28825,0.965,1
s28826,1.0,1
s28827,0.7509999999999999,1
s28828,0.748,1
s28829,1.0,1
s28830,0.968,1
s28831,0.982,1
s28832,0.973,1
s28833,1.0,1
s28834,1.0,1
s28835,1.0,1
s28836,0.611,1
s28837,0.998,1
s28838,0.621,1
s28839,0.993,1
s28840,0.9159999999999999,1
s28841,1.0,1
s28842,0.8140000000000001,1
s28843,0.917,1
s28844,0.9540000000000001,1
s28845,1.0,1
s28846,1.0,1
s28847,1.0,1
s28848,0.9570000000000001,1
s28849,0.955,1
s28850,0.953,1
s28851,0.995,1
s28852,0.997,1
s28853,0.608,1
s28854,0.997,1
s28855,0.935,1
s28856,1.0,1
s28857,0.983,1
s28858,1.0,1
s28859,1.0,1
s28860,1.0,1
s28861,1.0,1
s28862,0.998,1
s28863,0.9890000000000001,1
s28864,1.0,1
s28865,0.9329999999999999,1
s28866,0.9279999999999999,1
s28867,0.61,1
s28868,0.867,1
s28869,0.847,1
s28870,0.996,1
s28871,0.763,1
s28872,0.591,1
s28873,0.7090000000000001,1
s28874,0.991,1
s28875,0.991,1
s28876,0.991,1
s28877,0.991,1
s28878,0.991,1
s28879,0.639,1
s28880,0.917,1
s28881,0.99,1
s28882,0.9590000000000001,1
s28883,0.606,1
s28884,0.8140000000000001,1
s28885,0.934,1
s28886,0.634,1
s28887,0.9059999999999999,1
s28888,0.9129999999999999,1
s28889,0.9940000000000001,1
s28890,1.0,1
s28891,0.747,1
s28892,0.971,1
s28893,0.971,1
s28894,0.973,1
s28895,0.998,1
s28896,0.971,1
s28897,0.971,1
s28898,0.958,1
s28899,1.0,1
s28900,1.0,1
s28901,1.0,1
s28902,1.0,1
s28903,0.996,1
s28904,1.0,1
s28905,1.0,1
s28906,1.0,1
s28907,0.998,1
s28908,1.0,1
s28909,1.0,1
s28910,0.725,1
s28911,0.753,1
s28912,0.62,1
s28913,0.62,1
s28914,1.0,1
s28915,0.99,1
s28916,0.99,1
s28917,0.99,1
s28918,0.99,1
s28919,0.99,1
s28920,0.991,1
s28921,0.659,1
s28922,0.98,1
s28923,0.688,1
s28924,0.785,1
s28925,0.621,1
s28926,0.568,1
s28927,0.8759999999999999,1
s28928,0.743,1
s28929,0.976,1
s28930,0.8759999999999999,1
s28931,0.721,1
s28932,0.9640000000000001,1
s28933,0.721,1
s28934,0.941,1
s28935,0.757,1
s28936,0.997,1
s28937,0.995,1
s28938,0.586,1
s28939,0.6829999999999999,1
s28940,0.9740000000000001,1
s28941,0.998,1
s28942,0.779,1
s28943,0.995,1
s28944,0.995,1
s28945,0.99,1
s28946,0.961,1
s28947,0.8809999999999999,1
s28948,1.0,1
s28949,0.997,1
s28950,1.0,1
s28951,0.919,1
s28952,0.561,1
s28953,0.9840000000000001,1
s28954,1.0,1
s28955,0.985,1
s28956,1.0,1
s28957,0.992,1
s28958,1.0,1
s28959,0.6890000000000001,1
s28960,0.995,1
s28961,1.0,1
s28962,0.955,1
s28963,0.996,1
s28964,1.0,1
s28965,0.9940000000000001,1
s28966,0.9940000000000001,1
s28967,1.0,1
s28968,0.958,1
s28969,0.9159999999999999,1
s28970,0.903,1
s28971,0.8859999999999999,1
s28972,0.9940000000000001,1
s28973,0.997,1
s28974,0.976,1
s28975,1.0,1
s28976,0.9079999999999999,1
s28977,0.622,1
s28978,0.997,1
s28979,1.0,1
s28980,0.892,1
s28981,0.599,1
s28982,0.995,1
s28983,0.731,1
s28984,0.905,1
s28985,0.765,1
s28986,0.91,1
s28987,0.9670000000000001,1
s28988,0.7440000000000001,1
s28989,1.0,1
s28990,0.9790000000000001,1
s28991,0.753,1
s28992,0.941,1
s28993,0.995,1
s28994,1.0,1
s28995,1.0,1
s28996,0.815,1
s28997,0.7509999999999999,1
s28998,0.997,1
s28999,0.772,1
s29000,0.8190000000000001,1
s29001,0.598,1
s29002,0.772,1
s29003,0.603,1
s29004,0.948,1
s29005,1.0,1
s29006,1.0,1
s29007,1.0,1
s29008,0.763,1
s29009,0.9079999999999999,1
s29010,1.0,1
s29011,0.6940000000000001,1
s29012,1.0,1
s29013,0.691,1
s29014,1.0,1
s29015,0.9940000000000001,1
s29016,0.9890000000000001,1
s29017,0.9129999999999999,1
s29018,0.997,1
s29019,1.0,1
s29020,1.0,1
s29021,0.997,1
s29022,1.0,1
s29023,0.8270000000000001,1
s29024,0.502,1
s29025,0.986,1
s29026,0.81,1
s29027,0.642,1
s29028,0.9129999999999999,1
s29029,1.0,1
s29030,1.0,1
s29031,0.62,1
s29032,0.843,1
s29033,0.997,1
s29034,1.0,1
s29035,0.7809999999999999,1
s29036,0.894,1
s29037,0.966,1
s29038,0.589,1
s29039,1.0,1
s29040,0.932,1
s29041,0.8390000000000001,1
s29042,0.8370000000000001,1
s29043,1.0,1
s29044,1.0,1
s29045,0.995,1
s29046,1.0,1
s29047,0.9740000000000001,1
s29048,0.765,1
s29049,0.892,1
s29050,0.9129999999999999,1
s29051,0.737,1
s29052,0.728,1
s29053,1.0,1
s29054,0.69,1
s29055,1.0,1
s29056,1.0,1
s29057,0.6759999999999999,1
s29058,0.9390000000000001,1
s29059,0.9490000000000001,1
s29060,0.7909999999999999,1
s29061,0.8220000000000001,1
s29062,0.5710000000000001,1
s29063,1.0,1
s29064,1.0,1
s29065,0.748,1
s29066,0.996,1
s29067,0.995,1
s29068,0.977,1
s29069,0.986,1
s29070,1.0,1
s29071,0.6920000000000001,1
s29072,1.0,1
s29073,1.0,1
s29074,0.983,1
s29075,0.9940000000000001,1
s29076,1.0,1
s29077,0.765,1
s29078,0.91,1
s29079,0.7659999999999999,1
s29080,0.91,1
s29081,0.91,1
s29082,0.787,1
s29083,0.8220000000000001,1
s29084,0.95,1
s29085,1.0,1
s29086,1.0,1
s29087,1.0,1
s29088,1.0,1
s29089,0.938,1
s29090,1.0,1
s29091,1.0,1
s29092,1.0,1
s29093,1.0,1
s29094,1.0,1
s29095,0.561,1
s29096,0.995,1
s29097,0.995,1
s29098,0.992,1
s29099,0.8690000000000001,1
s29100,1.0,1
s29101,0.995,1
s29102,0.9590000000000001,1
s29103,0.9640000000000001,1
s29104,1.0,1
s29105,0.992,1
s29106,0.995,1
s29107,1.0,1
s29108,0.826,1
s29109,0.785,1
s29110,1.0,1
s29111,1.0,1
s29112,0.9990000000000001,1
s29113,0.998,1
s29114,1.0,1
s29115,0.629,1
s29116,0.996,1
s29117,0.6559999999999999,1
s29118,0.996,1
s29119,0.996,1
s29120,0.995,1
s29121,0.996,1
s29122,1.0,1
s29123,0.998,1
s29124,0.998,1
s29125,0.8540000000000001,1
s29126,0.898,1
s29127,0.818,1
s29128,1.0,1
s29129,0.561,1
s29130,0.6970000000000001,1
s29131,1.0,1
s29132,1.0,1
s29133,0.695,1
s29134,1.0,1
s29135,0.986,1
s29136,0.9570000000000001,1
s29137,0.995,1
s29138,0.8340000000000001,1
s29139,0.9890000000000001,1
s29140,0.9940000000000001,1
s29141,1.0,1
s29142,1.0,1
s29143,0.858,1
s29144,0.922,1
s29145,1.0,1
s29146,0.991,1
s29147,1.0,1
s29148,0.998,1
s29149,0.831,1
s29150,1.0,1
s29151,0.997,1
s29152,0.9990000000000001,1
s29153,0.782,1
s29154,0.99,1
s29155,0.998,1
s29156,0.9209999999999999,1
s29157,0.852,1
s29158,0.9620000000000001,1
s29159,1.0,1
s29160,0.813,1
s29161,0.872,1
s29162,1.0,1
s29163,1.0,1
s29164,1.0,1
s29165,0.997,1
s29166,0.997,1
s29167,0.997,1
s29168,0.997,1
s29169,0.996,1
s29170,0.823,1
s29171,0.903,1
s29172,0.56,1
s29173,0.996,1
s29174,0.996,1
s29175,0.998,1
s29176,1.0,1
s29177,0.764,1
s29178,0.833,1
s29179,0.997,1
s29180,0.9840000000000001,1
s29181,0.9209999999999999,1
s29182,0.997,1
s29183,0.9940000000000001,1
s29184,1.0,1
s29185,1.0,1
s29186,0.539,1
s29187,0.945,1
s29188,0.919,1
s29189,0.9940000000000001,1
s29190,0.9940000000000001,1
s29191,0.995,1
s29192,0.9890000000000001,1
s29193,1.0,1
s29194,1.0,1
s29195,0.997,1
s29196,1.0,1
s29197,0.8170000000000001,1
s29198,1.0,1
s29199,1.0,1
s29200,1.0,1
s29201,0.528,1
s29202,0.528,1
s29203,0.528,1
s29204,0.853,1
s29205,0.532,1
s29206,0.528,1
s29207,0.528,1
s29208,0.528,1
s29209,1.0,1
s29210,0.605,1
s29211,0.843,1
s29212,0.912,1
s29213,0.732,1
s29214,0.8240000000000001,1
s29215,0.9940000000000001,1
s29216,1.0,1
s29217,1.0,1
s29218,1.0,1
s29219,0.987,1
s29220,1.0,1
s29221,1.0,1
s29222,0.955,1
s29223,0.915,1
s29224,0.93,1
s29225,1.0,1
s29226,1.0,1
s29227,0.983,1
s29228,0.7809999999999999,1
s29229,1.0,1
s29230,0.998,1
s29231,0.997,1
s29232,0.608,1
s29233,0.6729999999999999,1
s29234,1.0,1
s29235,1.0,1
s29236,0.996,1
s29237,0.631,1
s29238,0.599,1
s29239,0.772,1
s29240,0.821,1
s29241,0.991,1
s29242,0.5920000000000001,1
s29243,0.588,1
s29244,1.0,1
s29245,1.0,1
s29246,1.0,1
s29247,1.0,1
s29248,0.578,1
s29249,0.8190000000000001,1
s29250,0.878,1
s29251,0.985,1
s29252,1.0,1
s29253,0.997,1
s29254,0.7020000000000001,1
s29255,0.997,1
s29256,0.789,1
s29257,0.782,1
s29258,0.877,1
s29259,0.88,1
s29260,0.9940000000000001,1
s29261,0.588,1
s29262,0.777,1
s29263,0.525,1
s29264,1.0,1
s29265,0.996,1
s29266,0.981,1
s29267,0.982,1
s29268,0.9790000000000001,1
s29269,0.9670000000000001,1
s29270,0.995,1
s29271,0.995,1
s29272,0.601,1
s29273,0.958,1
s29274,0.825,1
s29275,1.0,1
s29276,1.0,1
s29277,1.0,1
s29278,1.0,1
s29279,0.958,1
s29280,1.0,1
s29281,0.68,1
s29282,0.6829999999999999,1
s29283,0.6859999999999999,1
s29284,0.997,1
s29285,0.9390000000000001,1
s29286,1.0,1
s29287,1.0,1
s29288,1.0,1
s29289,0.96,1
s29290,1.0,1
s29291,0.5670000000000001,1
s29292,0.997,1
s29293,0.611,1
s29294,0.725,1
s29295,0.9890000000000001,1
s29296,0.9490000000000001,1
s29297,0.997,1
s29298,0.7709999999999999,1
s29299,0.857,1
s29300,0.789,1
s29301,0.848,1
s29302,0.905,1
s29303,0.78,1
s29304,0.848,1
s29305,0.6509999999999999,1
s29306,0.667,1
s29307,0.7859999999999999,1
s29308,0.843,1
s29309,0.775,1
s29310,0.8290000000000001,1
s29311,1.0,1
s29312,0.988,1
s29313,0.973,1
s29314,0.807,1
s29315,0.862,1
s29316,0.6559999999999999,1
s29317,0.615,1
s29318,0.722,1
s29319,0.598,1
s29320,0.708,1
s29321,0.7120000000000001,1
s29322,0.605,1
s29323,0.958,1
s29324,0.688,1
s29325,0.981,1
s29326,1.0,1
s29327,0.778,1
s29328,0.997,1
s29329,1.0,1
s29330,0.695,1
s29331,0.6509999999999999,1
s29332,0.995,1
s29333,1.0,1
s29334,1.0,1
s29335,1.0,1
s29336,0.752,1
s29337,1.0,1
s29338,0.997,1
s29339,0.727,1
s29340,1.0,1
s29341,0.662,1
s29342,0.9079999999999999,1
s29343,0.98,1
s29344,0.9670000000000001,1
s29345,1.0,1
s29346,1.0,1
s29347,0.98,1
s29348,0.735,1
s29349,1.0,1
s29350,0.607,1
s29351,0.8079999999999999,1
s29352,0.996,1
s29353,0.996,1
s29354,0.996,1
s29355,0.996,1
s29356,0.996,1
s29357,0.69,1
s29358,1.0,1
s29359,0.613,1
s29360,1.0,1
s29361,1.0,1
s29362,0.998,1
s29363,0.9009999999999999,1
s29364,0.765,1
s29365,0.995,1
s29366,0.998,1
s29367,0.996,1
s29368,0.99,1
s29369,0.996,1
s29370,1.0,1
s29371,0.9179999999999999,1
s29372,1.0,1
s29373,0.711,1
s29374,0.856,1
s29375,0.99,1
s29376,0.99,1
s29377,1.0,1
s29378,1.0,1
s29379,0.765,1
s29380,0.9990000000000001,1
s29381,0.983,1
s29382,0.9990000000000001,1
s29383,1.0,1
s29384,0.9940000000000001,1
s29385,1.0,1
s29386,0.975,1
s29387,1.0,1
s29388,0.985,1
s29389,0.9129999999999999,1
s29390,0.997,1
s29391,0.986,1
s29392,0.865,1
s29393,1.0,1
s29394,0.568,1
s29395,1.0,1
s29396,0.657,1
s29397,1.0,1
s29398,1.0,1
s29399,1.0,1
s29400,1.0,1
s29401,1.0,1
s29402,0.997,1
s29403,1.0,1
s29404,0.934,1
s29405,0.917,1
s29406,0.9329999999999999,1
s29407,0.934,1
s29408,0.932,1
s29409,0.917,1
s29410,1.0,1
s29411,0.706,1
s29412,0.988,1
s29413,0.9329999999999999,1
s29414,1.0,1
s29415,1.0,1
s29416,1.0,1
s29417,0.733,1
s29418,0.647,1
s29419,0.9890000000000001,1
s29420,0.778,1
s29421,0.884,1
s29422,0.565,1
s29423,0.688,1
s29424,0.584,1
s29425,0.8340000000000001,1
s29426,0.647,1
s29427,0.9259999999999999,1
s29428,1.0,1
s29429,0.626,1
s29430,0.971,1
s29431,1.0,1
s29432,1.0,1
s29433,0.996,1
s29434,1.0,1
s29435,0.983,1
s29436,1.0,1
s29437,0.902,1
s29438,0.97,1
s29439,0.9359999999999999,1
s29440,0.983,1
s29441,0.9229999999999999,1
s29442,0.998,1
s29443,0.904,1
s29444,0.998,1
s29445,0.998,1
s29446,0.997,1
s29447,0.9359999999999999,1
s29448,0.905,1
s29449,0.996,1
s29450,0.998,1
s29451,1.0,1
s29452,0.871,1
s29453,1.0,1
s29454,0.565,1
s29455,0.595,1
s29456,0.706,1
s29457,1.0,1
s29458,0.9940000000000001,1
s29459,1.0,1
s29460,0.75,1
s29461,0.565,1
s29462,0.7829999999999999,1
s29463,0.833,1
s29464,1.0,1
s29465,1.0,1
s29466,0.995,1
s29467,0.9890000000000001,1
s29468,0.9890000000000001,1
s29469,0.9890000000000001,1
s29470,0.9840000000000001,1
s29471,1.0,1
s29472,1.0,1
s29473,1.0,1
s29474,0.862,1
s29475,0.617,1
s29476,1.0,1
s29477,0.996,1
s29478,1.0,1
s29479,0.97,1
s29480,1.0,1
s29481,0.736,1
s29482,0.7979999999999999,1
s29483,0.838,1
s29484,0.8420000000000001,1
s29485,0.601,1
s29486,0.6829999999999999,1
s29487,0.68,1
s29488,0.6729999999999999,1
s29489,0.632,1
s29490,1.0,1
s29491,1.0,1
s29492,1.0,1
s29493,0.985,1
s29494,0.993,1
s29495,0.797,1
s29496,0.993,1
s29497,0.551,1
s29498,0.968,1
s29499,1.0,1
s29500,0.6459999999999999,1
s29501,0.653,1
s29502,1.0,1
s29503,0.64,1
s29504,1.0,1
s29505,0.998,1
s29506,1.0,1
s29507,1.0,1
s29508,1.0,1
s29509,1.0,1
s29510,0.9620000000000001,1
s29511,1.0,1
s29512,0.985,1
s29513,1.0,1
s29514,0.998,1
s29515,1.0,1
s29516,0.9890000000000001,1
s29517,0.941,1
s29518,1.0,1
s29519,1.0,1
s29520,0.996,1
s29521,0.774,1
s29522,0.929,1
s29523,0.983,1
s29524,1.0,1
s29525,0.991,1
s29526,0.649,1
s29527,1.0,1
s29528,0.745,1
s29529,0.598,1
s29530,0.904,1
s29531,0.985,1
s29532,1.0,1
s29533,1.0,1
s29534,0.8909999999999999,1
s29535,0.9890000000000001,1
s29536,0.7979999999999999,1
s29537,0.9890000000000001,1
s29538,0.8009999999999999,1
s29539,0.9890000000000001,1
s29540,0.805,1
s29541,1.0,1
s29542,0.6890000000000001,1
s29543,0.862,1
s29544,0.764,1
s29545,0.865,1
s29546,0.878,1
s29547,0.856,1
s29548,1.0,1
s29549,0.997,1
s29550,1.0,1
s29551,0.691,1
s29552,0.6940000000000001,1
s29553,0.998,1
s29554,0.993,1
s29555,0.985,1
s29556,0.993,1
s29557,0.586,1
s29558,0.997,1
s29559,1.0,1
s29560,0.982,1
s29561,0.9940000000000001,1
s29562,0.9740000000000001,1
s29563,1.0,1
s29564,1.0,1
s29565,0.9640000000000001,1
s29566,0.973,1
s29567,1.0,1
s29568,1.0,1
s29569,0.816,1
s29570,0.956,1
s29571,0.752,1
s29572,0.9390000000000001,1
s29573,0.875,1
s29574,0.586,1
s29575,0.9940000000000001,1
s29576,0.983,1
s29577,0.971,1
s29578,1.0,1
s29579,0.971,1
s29580,1.0,1
s29581,0.8009999999999999,1
s29582,0.759,1
s29583,0.816,1
s29584,0.961,1
s29585,0.772,1
s29586,0.961,1
s29587,0.961,1
s29588,1.0,1
s29589,0.997,1
s29590,0.987,1
s29591,1.0,1
s29592,0.71,1
s29593,0.996,1
s29594,0.625,1
s29595,0.971,1
s29596,0.74,1
s29597,0.736,1
s29598,0.71,1
s29599,0.687,1
s29600,0.753,1
s29601,0.997,1
s29602,1.0,1
s29603,0.92,1
s29604,0.7509999999999999,1
s29605,0.88,1
s29606,1.0,1
s29607,0.83,1
s29608,0.8170000000000001,1
s29609,0.995,1
s29610,0.97,1
s29611,1.0,1
s29612,0.963,1
s29613,0.9890000000000001,1
s29614,0.731,1
s29615,0.593,1
s29616,1.0,1
s29617,0.968,1
s29618,0.605,1
s29619,1.0,1
s29620,0.6970000000000001,1
s29621,1.0,1
s29622,0.963,1
s29623,0.963,1
s29624,0.977,1
s29625,0.9570000000000001,1
s29626,1.0,1
s29627,0.909,1
s29628,0.992,1
s29629,0.99,1
s29630,0.872,1
s29631,0.981,1
s29632,0.981,1
s29633,0.997,1
s29634,1.0,1
s29635,1.0,1
s29636,0.981,1
s29637,0.865,1
s29638,0.9059999999999999,1
s29639,1.0,1
s29640,0.919,1
s29641,0.96,1
s29642,0.9109999999999999,1
s29643,0.6579999999999999,1
s29644,0.927,1
s29645,0.586,1
s29646,0.899,1
s29647,1.0,1
s29648,1.0,1
s29649,0.616,1
s29650,0.831,1
s29651,0.7829999999999999,1
s29652,0.883,1
s29653,0.998,1
s29654,1.0,1
s29655,0.624,1
s29656,1.0,1
s29657,0.8859999999999999,1
s29658,1.0,1
s29659,0.77,1
s29660,0.779,1
s29661,0.541,1
s29662,0.99,1
s29663,1.0,1
s29664,1.0,1
s29665,0.763,1
s29666,1.0,1
s29667,0.983,1
s29668,0.9890000000000001,1
s29669,0.934,1
s29670,0.993,1
s29671,1.0,1
s29672,0.907,1
s29673,1.0,1
s29674,1.0,1
s29675,1.0,1
s29676,0.9940000000000001,1
s29677,0.9940000000000001,1
s29678,1.0,1
s29679,1.0,1
s29680,0.809,1
s29681,0.648,1
s29682,0.6859999999999999,1
s29683,0.997,1
s29684,0.758,1
s29685,0.644,1
s29686,0.872,1
s29687,0.904,1
s29688,0.9009999999999999,1
s29689,0.983,1
s29690,0.99,1
s29691,0.986,1
s29692,0.8370000000000001,1
s29693,0.98,1
s29694,0.885,1
s29695,0.976,1
s29696,0.904,1
s29697,0.53,1
s29698,0.8959999999999999,1
s29699,0.9890000000000001,1
s29700,0.68,1
s29701,0.907,1
s29702,0.9790000000000001,1
s29703,0.922,1
s29704,0.914,1
s29705,0.978,1
s29706,1.0,1
s29707,1.0,1
s29708,0.9940000000000001,1
s29709,1.0,1
s29710,0.89,1
s29711,0.982,1
s29712,0.982,1
s29713,1.0,1
s29714,0.914,1
s29715,1.0,1
s29716,0.885,1
s29717,0.995,1
s29718,0.991,1
s29719,0.993,1
s29720,0.996,1
s29721,0.998,1
s29722,0.996,1
s29723,0.516,1
s29724,1.0,1
s29725,0.7929999999999999,1
s29726,0.627,1
s29727,0.95,1
s29728,0.948,1
s29729,0.605,1
s29730,0.995,1
s29731,0.7929999999999999,1
s29732,0.743,1
s29733,0.547,1
s29734,0.517,1
s29735,1.0,1
s29736,0.8759999999999999,1
s29737,0.9940000000000001,1
s29738,0.804,1
s29739,0.804,1
s29740,0.7440000000000001,1
s29741,0.7440000000000001,1
s29742,0.9520000000000001,1
s29743,0.9620000000000001,1
s29744,0.991,1
s29745,1.0,1
s29746,0.992,1
s29747,0.992,1
s29748,1.0,1
s29749,0.998,1
s29750,1.0,1
s29751,1.0,1
s29752,0.87,1
s29753,0.71,1
s29754,0.871,1
s29755,0.992,1
s29756,0.985,1
s29757,0.5429999999999999,1
s29758,0.988,1
s29759,0.981,1
s29760,0.868,1
s29761,0.662,1
s29762,1.0,1
s29763,0.995,1
s29764,0.785,1
s29765,0.7709999999999999,1
s29766,0.6829999999999999,1
s29767,0.9790000000000001,1
s29768,0.759,1
s29769,0.7809999999999999,1
s29770,0.75,1
s29771,0.778,1
s29772,0.7509999999999999,1
s29773,0.785,1
s29774,0.7509999999999999,1
s29775,0.785,1
s29776,0.758,1
s29777,0.778,1
s29778,0.7509999999999999,1
s29779,0.778,1
s29780,0.7609999999999999,1
s29781,0.797,1
s29782,0.625,1
s29783,0.8140000000000001,1
s29784,1.0,1
s29785,0.997,1
s29786,1.0,1
s29787,1.0,1
s29788,0.677,1
s29789,1.0,1
s29790,0.727,1
s29791,1.0,1
s29792,0.7120000000000001,1
s29793,0.924,1
s29794,1.0,1
s29795,0.821,1
s29796,0.919,1
s29797,0.9129999999999999,1
s29798,0.78,1
s29799,0.997,1
s29800,0.72,1
s29801,0.963,1
s29802,0.877,1
s29803,0.877,1
s29804,0.7040000000000001,1
s29805,0.7040000000000001,1
s29806,0.7040000000000001,1
s29807,0.8240000000000001,1
s29808,0.915,1
s29809,0.7190000000000001,1
s29810,1.0,1
s29811,1.0,1
s29812,0.667,1
s29813,0.919,1
s29814,0.7709999999999999,1
s29815,1.0,1
s29816,0.982,1
s29817,1.0,1
s29818,0.996,1
s29819,0.9620000000000001,1
s29820,0.9640000000000001,1
s29821,0.8759999999999999,1
s29822,0.794,1
s29823,0.611,1
s29824,0.653,1
s29825,0.616,1
s29826,0.978,1
s29827,1.0,1
s29828,1.0,1
s29829,1.0,1
s29830,0.794,1
s29831,1.0,1
s29832,0.9059999999999999,1
s29833,0.7829999999999999,1
s29834,0.715,1
s29835,1.0,1
s29836,1.0,1
s29837,0.981,1
s29838,0.9790000000000001,1
s29839,1.0,1
s29840,1.0,1
s29841,0.6920000000000001,1
s29842,0.9159999999999999,1
s29843,0.99,1
s29844,1.0,1
s29845,0.961,1
s29846,1.0,1
s29847,0.961,1
s29848,0.642,1
s29849,1.0,1
s29850,0.997,1
s29851,0.772,1
s29852,0.8859999999999999,1
s29853,0.813,1
s29854,1.0,1
s29855,0.856,1
s29856,0.9940000000000001,1
s29857,1.0,1
s29858,0.997,1
s29859,0.7809999999999999,1
s29860,0.789,1
s29861,0.87,1
s29862,0.853,1
s29863,0.61,1
s29864,1.0,1
s29865,0.871,1
s29866,0.846,1
s29867,0.696,1
s29868,0.997,1
s29869,0.8109999999999999,1
s29870,1.0,1
s29871,1.0,1
s29872,0.821,1
s29873,0.586,1
s29874,0.645,1
s29875,1.0,1
s29876,0.7140000000000001,1
s29877,1.0,1
s29878,0.997,1
s29879,0.7170000000000001,1
s29880,0.7120000000000001,1
s29881,0.7140000000000001,1
s29882,1.0,1
s29883,1.0,1
s29884,0.569,1
s29885,0.991,1
s29886,1.0,1
s29887,0.996,1
s29888,0.99,1
s29889,0.997,1
s29890,0.993,1
s29891,0.996,1
s29892,0.995,1
s29893,0.992,1
s29894,0.998,1
s29895,1.0,1
s29896,1.0,1
s29897,0.998,1
s29898,0.996,1
s29899,0.9420000000000001,1
s29900,0.997,1
s29901,0.98,1
s29902,1.0,1
s29903,0.997,1
s29904,1.0,1
s29905,0.996,1
s29906,0.813,1
s29907,0.665,1
s29908,0.795,1
s29909,1.0,1
s29910,0.878,1
s29911,1.0,1
s29912,0.838,1
s29913,0.9940000000000001,1
s29914,0.721,1
s29915,0.722,1
s29916,0.58,1
s29917,0.996,1
s29918,1.0,1
s29919,0.982,1
s29920,0.982,1
s29921,0.982,1
s29922,1.0,1
s29923,1.0,1
s29924,0.9940000000000001,1
s29925,1.0,1
s29926,1.0,1
s29927,0.925,1
s29928,1.0,1
s29929,1.0,1
s29930,0.996,1
s29931,0.831,1
s29932,1.0,1
s29933,0.996,1
s29934,0.996,1
s29935,0.996,1
s29936,0.8320000000000001,1
s29937,0.823,1
s29938,0.8590000000000001,1
s29939,0.9109999999999999,1
s29940,1.0,1
s29941,0.993,1
s29942,1.0,1
s29943,1.0,1
s29944,0.993,1
s29945,0.993,1
s29946,0.8640000000000001,1
s29947,1.0,1
s29948,0.987,1
s29949,0.996,1
s29950,0.841,1
s29951,0.8540000000000001,1
s29952,0.667,1
s29953,0.636,1
s29954,0.8290000000000001,1
s29955,1.0,1
s29956,1.0,1
s29957,1.0,1
s29958,1.0,1
s29959,1.0,1
s29960,1.0,1
s29961,0.542,1
s29962,0.613,1
s29963,1.0,1
s29964,0.5660000000000001,1
s29965,0.647,1
s29966,0.987,1
s29967,0.987,1
s29968,0.987,1
s29969,0.987,1
s29970,0.988,1
s29971,0.998,1
s29972,1.0,1
s29973,0.851,1
s29974,0.998,1
s29975,0.998,1
s29976,1.0,1
s29977,1.0,1
s29978,1.0,1
s29979,0.665,1
s29980,0.613,1
s29981,0.99,1
s29982,1.0,1
s29983,1.0,1
s29984,0.737,1
s29985,0.8909999999999999,1
s29986,0.8190000000000001,1
s29987,0.81,1
s29988,1.0,1
s29989,0.575,1
s29990,0.642,1
s29991,1.0,1
s29992,0.831,1
s29993,0.9570000000000001,1
s29994,0.96,1
s29995,1.0,1
s29996,1.0,1
s29997,0.987,1
s29998,1.0,1
s29999,0.998,1
s30000,0.6759999999999999,1
s30001,1.0,1
s30002,0.998,1
s30003,0.972,1
s30004,1.0,1
s30005,1.0,1
s30006,0.998,1
s30007,0.8079999999999999,1
s30008,0.841,1
s30009,0.61,1
s30010,0.9940000000000001,1
s30011,0.746,1
s30012,0.981,1
s30013,0.9470000000000001,1
s30014,0.833,1
s30015,0.93,1
s30016,0.7,1
s30017,1.0,1
s30018,0.997,1
s30019,0.997,1
s30020,0.997,1
s30021,0.997,1
s30022,0.997,1
s30023,0.995,1
s30024,0.995,1
s30025,0.995,1
s30026,0.997,1
s30027,0.564,1
s30028,1.0,1
s30029,0.99,1
s30030,1.0,1
s30031,0.997,1
s30032,1.0,1
s30033,0.995,1
s30034,0.605,1
s30035,0.813,1
s30036,0.993,1
s30037,1.0,1
s30038,0.978,1
s30039,0.6459999999999999,1
s30040,0.997,1
s30041,0.88,1
s30042,0.825,1
s30043,0.903,1
s30044,0.9309999999999999,1
s30045,1.0,1
s30046,1.0,1
s30047,0.972,1
s30048,0.985,1
s30049,0.971,1
s30050,0.971,1
s30051,0.998,1
s30052,1.0,1
s30053,1.0,1
s30054,0.977,1
s30055,0.986,1
s30056,0.825,1
s30057,0.8270000000000001,1
s30058,0.988,1
s30059,1.0,1
s30060,0.993,1
s30061,0.993,1
s30062,0.919,1
s30063,1.0,1
s30064,1.0,1
s30065,0.8270000000000001,1
s30066,1.0,1
s30067,1.0,1
s30068,0.997,1
s30069,0.997,1
s30070,0.997,1
s30071,1.0,1
s30072,0.975,1
s30073,0.976,1
s30074,1.0,1
s30075,0.996,1
s30076,0.997,1
s30077,0.998,1
s30078,0.617,1
s30079,0.721,1
s30080,0.946,1
s30081,0.722,1
s30082,0.877,1
s30083,0.799,1
s30084,1.0,1
s30085,0.98,1
s30086,0.617,1
s30087,0.835,1
s30088,0.74,1
s30089,0.8059999999999999,1
s30090,1.0,1
s30091,0.804,1
s30092,0.873,1
s30093,0.998,1
s30094,0.628,1
s30095,0.998,1
s30096,0.998,1
s30097,0.998,1
s30098,0.998,1
s30099,1.0,1
s30100,0.713,1
s30101,1.0,1
s30102,0.991,1
s30103,1.0,1
s30104,0.705,1
s30105,0.997,1
s30106,0.983,1
s30107,0.845,1
s30108,0.993,1
s30109,0.6679999999999999,1
s30110,1.0,1
s30111,0.991,1
s30112,0.982,1
s30113,0.872,1
s30114,0.79,1
s30115,0.8190000000000001,1
s30116,0.78,1
s30117,0.789,1
s30118,0.688,1
s30119,0.9740000000000001,1
s30120,1.0,1
s30121,0.802,1
s30122,0.902,1
s30123,0.992,1
s30124,0.677,1
s30125,0.764,1
s30126,0.74,1
s30127,0.655,1
s30128,0.652,1
s30129,1.0,1
s30130,0.9940000000000001,1
s30131,1.0,1
s30132,1.0,1
s30133,0.997,1
s30134,0.997,1
s30135,0.622,1
s30136,0.8240000000000001,1
s30137,0.757,1
s30138,1.0,1
s30139,0.841,1
s30140,1.0,1
s30141,1.0,1
s30142,0.677,1
s30143,0.9390000000000001,1
s30144,0.9490000000000001,1
s30145,1.0,1
s30146,1.0,1
s30147,0.833,1
s30148,1.0,1
s30149,1.0,1
s30150,0.996,1
s30151,0.996,1
s30152,0.958,1
s30153,0.985,1
s30154,0.995,1
s30155,0.992,1
s30156,0.621,1
s30157,1.0,1
s30158,1.0,1
s30159,0.9940000000000001,1
s30160,0.9940000000000001,1
s30161,1.0,1
s30162,1.0,1
s30163,1.0,1
s30164,0.986,1
s30165,1.0,1
s30166,0.9940000000000001,1
s30167,0.9940000000000001,1
s30168,0.9940000000000001,1
s30169,0.97,1
s30170,0.996,1
s30171,0.985,1
s30172,0.988,1
s30173,0.985,1
s30174,0.9840000000000001,1
s30175,0.754,1
s30176,1.0,1
s30177,1.0,1
s30178,0.6409999999999999,1
s30179,1.0,1
s30180,1.0,1
s30181,0.996,1
s30182,0.889,1
s30183,0.9440000000000001,1
s30184,1.0,1
s30185,1.0,1
s30186,1.0,1
s30187,1.0,1
s30188,0.996,1
s30189,0.894,1
s30190,1.0,1
s30191,1.0,1
s30192,1.0,1
s30193,0.759,1
s30194,0.602,1
s30195,0.914,1
s30196,0.627,1
s30197,1.0,1
s30198,0.997,1
s30199,1.0,1
s30200,0.98,1
s30201,1.0,1
s30202,1.0,1
s30203,0.978,1
s30204,0.662,1
s30205,0.938,1
s30206,0.98,1
s30207,0.941,1
s30208,1.0,1
s30209,1.0,1
s30210,0.99,1
s30211,1.0,1
s30212,0.607,1
s30213,0.866,1
s30214,0.635,1
s30215,1.0,1
s30216,1.0,1
s30217,0.9840000000000001,1
s30218,0.9790000000000001,1
s30219,1.0,1
s30220,0.7509999999999999,1
s30221,0.897,1
s30222,0.8759999999999999,1
s30223,0.851,1
s30224,0.74,1
s30225,1.0,1
s30226,0.9840000000000001,1
s30227,0.958,1
s30228,1.0,1
s30229,0.998,1
s30230,0.995,1
s30231,0.976,1
s30232,0.9690000000000001,1
s30233,0.995,1
s30234,0.64,1
s30235,0.758,1
s30236,1.0,1
s30237,0.945,1
s30238,0.735,1
s30239,1.0,1
s30240,1.0,1
s30241,1.0,1
s30242,1.0,1
s30243,1.0,1
s30244,1.0,1
s30245,1.0,1
s30246,1.0,1
s30247,0.997,1
s30248,0.996,1
s30249,1.0,1
s30250,0.993,1
s30251,0.723,1
s30252,0.867,1
s30253,1.0,1
s30254,0.986,1
s30255,0.77,1
s30256,0.993,1
s30257,0.917,1
s30258,0.652,1
s30259,0.914,1
s30260,1.0,1
s30261,0.77,1
s30262,0.868,1
s30263,0.9570000000000001,1
s30264,0.9840000000000001,1
s30265,0.9790000000000001,1
s30266,0.973,1
s30267,0.73,1
s30268,0.8290000000000001,1
s30269,0.955,1
s30270,0.983,1
s30271,0.9279999999999999,1
s30272,0.97,1
s30273,0.866,1
s30274,0.5429999999999999,1
s30275,0.795,1
s30276,0.996,1
s30277,1.0,1
s30278,0.993,1
s30279,0.847,1
s30280,0.8809999999999999,1
s30281,1.0,1
s30282,0.982,1
s30283,0.977,1
s30284,1.0,1
s30285,0.992,1
s30286,1.0,1
s30287,0.812,1
s30288,0.98,1
s30289,1.0,1
s30290,1.0,1
s30291,0.779,1
s30292,0.846,1
s30293,1.0,1
s30294,0.613,1
s30295,0.991,1
s30296,0.934,1
s30297,1.0,1
s30298,0.675,1
s30299,0.902,1
s30300,0.997,1
s30301,1.0,1
s30302,0.541,1
s30303,0.7809999999999999,1
s30304,0.7929999999999999,1
s30305,0.995,1
s30306,0.884,1
s30307,0.823,1
s30308,0.745,1
s30309,1.0,1
s30310,1.0,1
s30311,1.0,1
s30312,0.997,1
s30313,1.0,1
s30314,0.855,1
s30315,0.997,1
s30316,1.0,1
s30317,1.0,1
s30318,0.9940000000000001,1
s30319,0.841,1
s30320,1.0,1
s30321,0.873,1
s30322,0.6729999999999999,1
s30323,0.997,1
s30324,0.6759999999999999,1
s30325,0.691,1
s30326,1.0,1
s30327,0.638,1
s30328,1.0,1
s30329,0.998,1
s30330,1.0,1
s30331,0.998,1
s30332,0.956,1
s30333,0.996,1
s30334,1.0,1
s30335,0.975,1
s30336,0.996,1
s30337,1.0,1
s30338,0.998,1
s30339,0.763,1
s30340,1.0,1
s30341,1.0,1
s30342,0.915,1
s30343,0.9690000000000001,1
s30344,0.909,1
s30345,0.966,1
s30346,1.0,1
s30347,0.995,1
s30348,1.0,1
s30349,0.59,1
s30350,0.755,1
s30351,1.0,1
s30352,1.0,1
s30353,1.0,1
s30354,1.0,1
s30355,0.893,1
s30356,0.998,1
s30357,0.75,1
s30358,0.972,1
s30359,1.0,1
s30360,0.986,1
s30361,0.835,1
s30362,0.856,1
s30363,0.92,1
s30364,1.0,1
s30365,0.856,1
s30366,0.838,1
s30367,0.868,1
s30368,0.816,1
s30369,0.92,1
s30370,0.99,1
s30371,0.94,1
s30372,0.919,1
s30373,1.0,1
s30374,1.0,1
s30375,0.976,1
s30376,1.0,1
s30377,1.0,1
s30378,0.9790000000000001,1
s30379,1.0,1
s30380,0.976,1
s30381,1.0,1
s30382,0.9790000000000001,1
s30383,1.0,1
s30384,1.0,1
s30385,0.985,1
s30386,0.612,1
s30387,0.621,1
s30388,0.721,1
s30389,0.998,1
s30390,1.0,1
s30391,1.0,1
s30392,0.738,1
s30393,0.738,1
s30394,0.738,1
s30395,0.7390000000000001,1
s30396,0.731,1
s30397,0.7290000000000001,1
s30398,1.0,1
s30399,0.993,1
s30400,0.992,1
s30401,0.997,1
s30402,1.0,1
s30403,0.995,1
s30404,1.0,1
s30405,1.0,1
s30406,0.504,1
s30407,0.522,1
s30408,0.932,1
s30409,0.794,1
s30410,0.8590000000000001,1
s30411,1.0,1
s30412,0.988,1
s30413,0.996,1
s30414,1.0,1
s30415,0.991,1
s30416,1.0,1
s30417,1.0,1
s30418,1.0,1
s30419,1.0,1
s30420,0.996,1
s30421,0.996,1
s30422,1.0,1
s30423,1.0,1
s30424,0.691,1
s30425,0.9390000000000001,1
s30426,0.927,1
s30427,0.995,1
s30428,0.997,1
s30429,1.0,1
s30430,0.5710000000000001,1
s30431,0.551,1
s30432,1.0,1
s30433,0.997,1
s30434,1.0,1
s30435,0.93,1
s30436,1.0,1
s30437,0.672,1
s30438,0.542,1
s30439,0.935,1
s30440,1.0,1
s30441,1.0,1
s30442,1.0,1
s30443,1.0,1
s30444,1.0,1
s30445,0.995,1
s30446,0.9420000000000001,1
s30447,0.997,1
s30448,1.0,1
s30449,0.996,1
s30450,0.996,1
s30451,0.752,1
s30452,0.748,1
s30453,1.0,1
s30454,0.997,1
s30455,0.965,1
s30456,0.7929999999999999,1
s30457,0.8109999999999999,1
s30458,0.611,1
s30459,0.991,1
s30460,0.992,1
s30461,0.992,1
s30462,0.609,1
s30463,0.609,1
s30464,0.987,1
s30465,0.998,1
s30466,0.998,1
s30467,0.9359999999999999,1
s30468,0.998,1
s30469,0.9129999999999999,1
s30470,0.5670000000000001,1
s30471,0.9940000000000001,1
s30472,0.9470000000000001,1
s30473,1.0,1
s30474,0.997,1
s30475,0.9129999999999999,1
s30476,1.0,1
s30477,1.0,1
s30478,1.0,1
s30479,0.991,1
s30480,1.0,1
s30481,1.0,1
s30482,0.995,1
s30483,1.0,1
s30484,0.988,1
s30485,0.851,1
s30486,0.589,1
s30487,0.736,1
s30488,0.996,1
s30489,0.633,1
s30490,1.0,1
s30491,0.997,1
s30492,0.99,1
s30493,0.99,1
s30494,0.99,1
s30495,0.99,1
s30496,0.99,1
s30497,0.99,1
s30498,0.99,1
s30499,1.0,1
s30500,0.995,1
s30501,1.0,1
s30502,0.732,1
s30503,0.993,1
s30504,0.773,1
s30505,0.8170000000000001,1
s30506,1.0,1
s30507,0.917,1
s30508,0.9390000000000001,1
s30509,0.97,1
s30510,1.0,1
s30511,0.9990000000000001,1
s30512,1.0,1
s30513,0.667,1
s30514,0.601,1
s30515,1.0,1
s30516,0.7290000000000001,1
s30517,1.0,1
s30518,1.0,1
s30519,0.995,1
s30520,0.703,1
s30521,0.7440000000000001,1
s30522,0.919,1
s30523,1.0,1
s30524,0.6940000000000001,1
s30525,0.992,1
s30526,0.773,1
s30527,0.997,1
s30528,0.991,1
s30529,0.845,1
s30530,1.0,1
s30531,0.997,1
s30532,0.91,1
s30533,0.998,1
s30534,0.85,1
s30535,0.968,1
s30536,1.0,1
s30537,1.0,1
s30538,1.0,1
s30539,1.0,1
s30540,0.922,1
s30541,0.865,1
s30542,1.0,1
s30543,0.998,1
s30544,0.998,1
s30545,1.0,1
s30546,0.9109999999999999,1
s30547,0.718,1
s30548,0.996,1
s30549,0.992,1
s30550,0.81,1
s30551,1.0,1
s30552,0.985,1
s30553,0.963,1
s30554,0.6,1
s30555,0.647,1
s30556,1.0,1
s30557,0.5760000000000001,1
s30558,0.573,1
s30559,0.9940000000000001,1
s30560,1.0,1
s30561,0.987,1
s30562,0.985,1
s30563,0.9620000000000001,1
s30564,1.0,1
s30565,0.705,1
s30566,0.669,1
s30567,0.997,1
s30568,0.655,1
s30569,0.9079999999999999,1
s30570,0.985,1
s30571,0.713,1
s30572,0.9159999999999999,1
s30573,0.659,1
s30574,0.996,1
s30575,1.0,1
s30576,0.745,1
s30577,0.727,1
s30578,1.0,1
s30579,1.0,1
s30580,0.985,1
s30581,0.986,1
s30582,1.0,1
s30583,0.995,1
s30584,0.995,1
s30585,1.0,1
s30586,0.993,1
s30587,0.735,1
s30588,0.875,1
s30589,0.7959999999999999,1
s30590,1.0,1
s30591,1.0,1
s30592,0.9229999999999999,1
s30593,1.0,1
s30594,1.0,1
s30595,0.968,1
s30596,0.968,1
s30597,0.968,1
s30598,0.968,1
s30599,1.0,1
s30600,0.662,1
s30601,0.836,1
s30602,0.622,1
s30603,1.0,1
s30604,1.0,1
s30605,0.9179999999999999,1
s30606,1.0,1
s30607,0.991,1
s30608,0.9940000000000001,1
s30609,0.991,1
s30610,0.644,1
s30611,0.736,1
s30612,0.992,1
s30613,0.996,1
s30614,1.0,1
s30615,1.0,1
s30616,0.996,1
s30617,0.986,1
s30618,0.852,1
s30619,0.8490000000000001,1
s30620,0.8490000000000001,1
s30621,0.7340000000000001,1
s30622,1.0,1
s30623,0.96,1
s30624,0.649,1
s30625,0.73,1
s30626,0.79,1
s30627,1.0,1
s30628,1.0,1
s30629,1.0,1
s30630,1.0,1
s30631,0.698,1
s30632,0.621,1
s30633,0.8190000000000001,1
s30634,1.0,1
s30635,1.0,1
s30636,0.825,1
s30637,1.0,1
s30638,0.591,1
s30639,0.99,1
s30640,1.0,1
s30641,0.718,1
s30642,0.649,1
s30643,0.711,1
s30644,0.956,1
s30645,0.836,1
s30646,1.0,1
s30647,1.0,1
s30648,0.9790000000000001,1
s30649,0.78,1
s30650,0.604,1
s30651,1.0,1
s30652,1.0,1
s30653,1.0,1
s30654,0.992,1
s30655,0.992,1
s30656,0.99,1
s30657,1.0,1
s30658,1.0,1
s30659,0.977,1
s30660,0.6709999999999999,1
s30661,0.997,1
s30662,1.0,1
s30663,0.9129999999999999,1
s30664,1.0,1
s30665,1.0,1
s30666,0.986,1
s30667,0.993,1
s30668,0.833,1
s30669,1.0,1
s30670,1.0,1
s30671,0.992,1
s30672,1.0,1
s30673,0.997,1
s30674,0.8190000000000001,1
s30675,0.992,1
s30676,0.992,1
s30677,1.0,1
s30678,0.996,1
s30679,0.996,1
s30680,0.996,1
s30681,0.996,1
s30682,0.996,1
s30683,0.993,1
s30684,0.983,1
s30685,0.96,1
s30686,0.972,1
s30687,0.983,1
s30688,0.9840000000000001,1
s30689,0.992,1
s30690,1.0,1
s30691,0.992,1
s30692,1.0,1
s30693,0.706,1
s30694,0.992,1
s30695,0.995,1
s30696,0.995,1
s30697,0.975,1
s30698,1.0,1
s30699,0.995,1
s30700,0.992,1
s30701,0.992,1
s30702,0.992,1
s30703,1.0,1
s30704,0.996,1
s30705,0.983,1
s30706,0.997,1
s30707,0.951,1
s30708,0.715,1
s30709,0.715,1
s30710,0.722,1
s30711,0.7090000000000001,1
s30712,0.8640000000000001,1
s30713,1.0,1
s30714,0.995,1
s30715,0.8240000000000001,1
s30716,1.0,1
s30717,1.0,1
s30718,1.0,1
s30719,0.73,1
s30720,0.6829999999999999,1
s30721,1.0,1
s30722,1.0,1
s30723,0.9940000000000001,1
s30724,0.9940000000000001,1
s30725,0.73,1
s30726,0.7659999999999999,1
s30727,0.831,1
s30728,0.8029999999999999,1
s30729,0.608,1
s30730,0.6759999999999999,1
s30731,1.0,1
s30732,0.619,1
s30733,0.685,1
s30734,0.619,1
s30735,0.607,1
s30736,0.5670000000000001,1
s30737,0.966,1
s30738,0.993,1
s30739,1.0,1
s30740,0.763,1
s30741,0.682,1
s30742,0.965,1
s30743,0.74,1
s30744,0.982,1
s30745,1.0,1
s30746,0.996,1
s30747,0.9059999999999999,1
s30748,1.0,1
s30749,0.975,1
s30750,1.0,1
s30751,0.992,1
s30752,1.0,1
s30753,0.893,1
s30754,0.867,1
s30755,1.0,1
s30756,0.991,1
s30757,1.0,1
s30758,1.0,1
s30759,0.996,1
s30760,0.5529999999999999,1
s30761,0.894,1
s30762,0.997,1
s30763,0.998,1
s30764,0.9359999999999999,1
s30765,0.835,1
s30766,0.619,1
s30767,0.991,1
s30768,0.7959999999999999,1
s30769,1.0,1
s30770,1.0,1
s30771,0.997,1
s30772,1.0,1
s30773,0.987,1
s30774,0.9990000000000001,1
s30775,1.0,1
s30776,0.9890000000000001,1
s30777,1.0,1
s30778,0.7140000000000001,1
s30779,0.894,1
s30780,1.0,1
s30781,0.852,1
s30782,1.0,1
s30783,0.899,1
s30784,1.0,1
s30785,0.642,1
s30786,1.0,1
s30787,0.9179999999999999,1
s30788,1.0,1
s30789,0.978,1
s30790,1.0,1
s30791,0.996,1
s30792,0.884,1
s30793,0.8109999999999999,1
s30794,0.825,1
s30795,0.698,1
s30796,0.998,1
s30797,0.998,1
s30798,1.0,1
s30799,0.996,1
s30800,0.996,1
s30801,0.991,1
s30802,0.991,1
s30803,1.0,1
s30804,0.66,1
s30805,1.0,1
s30806,1.0,1
s30807,0.691,1
s30808,0.995,1
s30809,0.998,1
s30810,0.914,1
s30811,1.0,1
s30812,1.0,1
s30813,0.7759999999999999,1
s30814,0.583,1
s30815,0.997,1
s30816,1.0,1
s30817,0.6920000000000001,1
s30818,1.0,1
s30819,1.0,1
s30820,0.963,1
s30821,0.9590000000000001,1
s30822,0.9620000000000001,1
s30823,0.7929999999999999,1
s30824,0.596,1
s30825,1.0,1
s30826,0.978,1
s30827,0.982,1
s30828,0.978,1
s30829,0.982,1
s30830,0.978,1
s30831,1.0,1
s30832,0.978,1
s30833,0.638,1
s30834,0.899,1
s30835,0.983,1
s30836,0.9490000000000001,1
s30837,0.9490000000000001,1
s30838,0.945,1
s30839,0.945,1
s30840,0.932,1
s30841,1.0,1
s30842,0.992,1
s30843,1.0,1
s30844,1.0,1
s30845,0.9990000000000001,1
s30846,1.0,1
s30847,1.0,1
s30848,1.0,1
s30849,0.9940000000000001,1
s30850,0.996,1
s30851,1.0,1
s30852,0.672,1
s30853,0.769,1
s30854,0.9990000000000001,1
s30855,1.0,1
s30856,0.552,1
s30857,0.9840000000000001,1
s30858,1.0,1
s30859,0.955,1
s30860,0.996,1
s30861,1.0,1
s30862,1.0,1
s30863,1.0,1
s30864,0.93,1
s30865,0.997,1
s30866,1.0,1
s30867,0.993,1
s30868,0.591,1
s30869,1.0,1
s30870,0.995,1
s30871,1.0,1
s30872,1.0,1
s30873,0.7859999999999999,1
s30874,0.6940000000000001,1
s30875,1.0,1
s30876,0.9790000000000001,1
s30877,1.0,1
s30878,1.0,1
s30879,0.976,1
s30880,0.997,1
s30881,0.872,1
s30882,0.958,1
s30883,0.997,1
s30884,0.929,1
s30885,0.929,1
s30886,1.0,1
s30887,1.0,1
s30888,0.9890000000000001,1
s30889,1.0,1
s30890,0.818,1
s30891,1.0,1
s30892,0.623,1
s30893,0.85,1
s30894,0.9940000000000001,1
s30895,1.0,1
s30896,0.725,1
s30897,0.795,1
s30898,0.992,1
s30899,0.992,1
s30900,0.992,1
s30901,0.992,1
s30902,0.992,1
s30903,0.643,1
s30904,0.997,1
s30905,0.7140000000000001,1
s30906,0.7140000000000001,1
s30907,1.0,1
s30908,0.695,1
s30909,0.8540000000000001,1
s30910,1.0,1
s30911,1.0,1
s30912,0.914,1
s30913,0.995,1
s30914,0.995,1
s30915,0.545,1
s30916,0.72,1
s30917,0.9179999999999999,1
s30918,0.914,1
s30919,1.0,1
s30920,0.9179999999999999,1
s30921,1.0,1
s30922,0.996,1
s30923,1.0,1
s30924,0.838,1
s30925,0.9159999999999999,1
s30926,1.0,1
s30927,0.995,1
s30928,0.995,1
s30929,0.904,1
s30930,1.0,1
s30931,1.0,1
s30932,0.997,1
s30933,0.728,1
s30934,0.986,1
s30935,0.981,1
s30936,0.981,1
s30937,0.981,1
s30938,0.9990000000000001,1
s30939,0.648,1
s30940,0.983,1
s30941,0.983,1
s30942,0.98,1
s30943,0.996,1
s30944,0.6579999999999999,1
s30945,0.996,1
s30946,0.996,1
s30947,0.98,1
s30948,1.0,1
s30949,0.6579999999999999,1
s30950,0.9890000000000001,1
s30951,1.0,1
s30952,0.992,1
s30953,0.988,1
s30954,0.841,1
s30955,0.725,1
s30956,0.725,1
s30957,1.0,1
s30958,0.998,1
s30959,0.9420000000000001,1
s30960,0.7979999999999999,1
s30961,0.82,1
s30962,1.0,1
s30963,0.998,1
s30964,0.985,1
s30965,0.992,1
s30966,0.997,1
s30967,1.0,1
s30968,0.6559999999999999,1
s30969,0.986,1
s30970,0.998,1
s30971,0.998,1
s30972,0.9740000000000001,1
s30973,0.981,1
s30974,0.998,1
s30975,1.0,1
s30976,1.0,1
s30977,1.0,1
s30978,1.0,1
s30979,0.9890000000000001,1
s30980,0.8140000000000001,1
s30981,0.807,1
s30982,0.8109999999999999,1
s30983,0.5429999999999999,1
s30984,1.0,1
s30985,1.0,1
s30986,1.0,1
s30987,0.998,1
s30988,0.9890000000000001,1
s30989,0.821,1
s30990,1.0,1
s30991,1.0,1
s30992,1.0,1
s30993,0.992,1
s30994,0.998,1
s30995,0.871,1
s30996,1.0,1
s30997,0.98,1
s30998,0.98,1
s30999,0.7040000000000001,1
s31000,0.968,1
s31001,0.976,1
s31002,1.0,1
s31003,0.8440000000000001,1
s31004,1.0,1
s31005,1.0,1
s31006,0.753,1
s31007,0.61,1
s31008,0.753,1
s31009,0.61,1
s31010,0.73,1
s31011,0.621,1
s31012,1.0,1
s31013,1.0,1
s31014,0.613,1
s31015,1.0,1
s31016,0.991,1
s31017,0.995,1
s31018,1.0,1
s31019,1.0,1
s31020,0.9890000000000001,1
s31021,0.978,1
s31022,0.705,1
s31023,0.987,1
s31024,0.983,1
s31025,0.983,1
s31026,1.0,1
s31027,0.523,1
s31028,0.997,1
s31029,0.9,1
s31030,0.997,1
s31031,0.997,1
s31032,0.9940000000000001,1
s31033,1.0,1
s31034,1.0,1
s31035,0.97,1
s31036,0.982,1
s31037,0.985,1
s31038,0.99,1
s31039,1.0,1
s31040,0.997,1
s31041,0.777,1
s31042,0.62,1
s31043,0.996,1
s31044,0.996,1
s31045,0.995,1
s31046,1.0,1
s31047,0.875,1
s31048,0.8690000000000001,1
s31049,0.8590000000000001,1
s31050,0.941,1
s31051,0.8959999999999999,1
s31052,0.9359999999999999,1
s31053,0.985,1
s31054,0.9359999999999999,1
s31055,0.982,1
s31056,0.9540000000000001,1
s31057,0.895,1
s31058,0.951,1
s31059,0.9540000000000001,1
s31060,0.9009999999999999,1
s31061,0.662,1
s31062,1.0,1
s31063,0.914,1
s31064,0.963,1
s31065,0.8079999999999999,1
s31066,0.586,1
s31067,0.767,1
s31068,1.0,1
s31069,0.795,1
s31070,0.614,1
s31071,1.0,1
s31072,0.619,1
s31073,1.0,1
s31074,0.9840000000000001,1
s31075,0.997,1
s31076,0.9940000000000001,1
s31077,0.6509999999999999,1
s31078,1.0,1
s31079,0.6559999999999999,1
s31080,0.6809999999999999,1
s31081,0.772,1
s31082,0.6559999999999999,1
s31083,0.993,1
s31084,0.7140000000000001,1
s31085,1.0,1
s31086,0.993,1
s31087,0.991,1
s31088,0.995,1
s31089,1.0,1
s31090,1.0,1
s31091,0.997,1
s31092,1.0,1
s31093,1.0,1
s31094,1.0,1
s31095,0.6579999999999999,1
s31096,0.731,1
s31097,0.6970000000000001,1
s31098,0.996,1
s31099,0.752,1
s31100,0.995,1
s31101,0.9940000000000001,1
s31102,1.0,1
s31103,0.9940000000000001,1
s31104,1.0,1
s31105,1.0,1
s31106,0.713,1
s31107,0.519,1
s31108,0.513,1
s31109,0.7,1
s31110,0.997,1
s31111,1.0,1
s31112,0.991,1
s31113,1.0,1
s31114,0.981,1
s31115,0.547,1
s31116,0.537,1
s31117,0.991,1
s31118,0.983,1
s31119,0.833,1
s31120,0.868,1
s31121,0.857,1
s31122,0.7979999999999999,1
s31123,0.812,1
s31124,0.898,1
s31125,0.9940000000000001,1
s31126,1.0,1
s31127,1.0,1
s31128,0.995,1
s31129,0.903,1
s31130,0.9109999999999999,1
s31131,1.0,1
s31132,0.98,1
s31133,0.8490000000000001,1
s31134,0.995,1
s31135,0.993,1
s31136,0.904,1
s31137,0.907,1
s31138,0.65,1
s31139,0.7140000000000001,1
s31140,0.9009999999999999,1
s31141,0.978,1
s31142,0.93,1
s31143,1.0,1
s31144,0.997,1
s31145,1.0,1
s31146,1.0,1
s31147,0.807,1
s31148,0.85,1
s31149,1.0,1
s31150,0.852,1
s31151,0.838,1
s31152,0.978,1
s31153,1.0,1
s31154,1.0,1
s31155,1.0,1
s31156,0.998,1
s31157,0.604,1
s31158,0.996,1
s31159,1.0,1
s31160,1.0,1
s31161,0.9229999999999999,1
s31162,0.977,1
s31163,0.598,1
s31164,0.7759999999999999,1
s31165,1.0,1
s31166,1.0,1
s31167,0.951,1
s31168,0.993,1
s31169,0.9890000000000001,1
s31170,1.0,1
s31171,0.977,1
s31172,1.0,1
s31173,0.997,1
s31174,0.9840000000000001,1
s31175,0.9840000000000001,1
s31176,1.0,1
s31177,0.997,1
s31178,1.0,1
s31179,1.0,1
s31180,1.0,1
s31181,1.0,1
s31182,1.0,1
s31183,1.0,1
s31184,0.9440000000000001,1
s31185,0.998,1
s31186,1.0,1
s31187,1.0,1
s31188,0.985,1
s31189,0.958,1
s31190,0.9840000000000001,1
s31191,0.885,1
s31192,0.997,1
s31193,1.0,1
s31194,0.872,1
s31195,0.992,1
s31196,1.0,1
s31197,0.997,1
s31198,0.997,1
s31199,1.0,1
s31200,0.9940000000000001,1
s31201,1.0,1
s31202,0.995,1
s31203,0.669,1
s31204,0.732,1
s31205,1.0,1
s31206,0.97,1
s31207,0.9890000000000001,1
s31208,0.986,1
s31209,1.0,1
s31210,0.927,1
s31211,0.938,1
s31212,0.816,1
s31213,0.809,1
s31214,1.0,1
s31215,0.7879999999999999,1
s31216,0.742,1
s31217,0.9129999999999999,1
s31218,0.996,1
s31219,1.0,1
s31220,0.996,1
s31221,0.825,1
s31222,0.995,1
s31223,1.0,1
s31224,0.5920000000000001,1
s31225,0.927,1
s31226,0.945,1
s31227,1.0,1
s31228,0.998,1
s31229,0.887,1
s31230,1.0,1
s31231,0.988,1
s31232,0.988,1
s31233,0.616,1
s31234,0.997,1
s31235,1.0,1
s31236,0.6579999999999999,1
s31237,1.0,1
s31238,0.619,1
s31239,0.997,1
s31240,0.9990000000000001,1
s31241,0.948,1
s31242,0.7170000000000001,1
s31243,0.7170000000000001,1
s31244,0.813,1
s31245,0.6970000000000001,1
s31246,0.976,1
s31247,0.968,1
s31248,0.991,1
s31249,0.762,1
s31250,0.998,1
s31251,0.813,1
s31252,0.813,1
s31253,0.531,1
s31254,0.996,1
s31255,1.0,1
s31256,0.996,1
s31257,1.0,1
s31258,1.0,1
s31259,1.0,1
s31260,1.0,1
s31261,1.0,1
s31262,0.9940000000000001,1
s31263,0.997,1
s31264,1.0,1
s31265,0.688,1
s31266,0.745,1
s31267,0.996,1
s31268,0.996,1
s31269,1.0,1
s31270,1.0,1
s31271,1.0,1
s31272,1.0,1
s31273,1.0,1
s31274,0.993,1
s31275,0.993,1
s31276,0.943,1
s31277,0.9940000000000001,1
s31278,1.0,1
s31279,1.0,1
s31280,0.8390000000000001,1
s31281,0.8959999999999999,1
s31282,0.975,1
s31283,1.0,1
s31284,1.0,1
s31285,0.9179999999999999,1
s31286,1.0,1
s31287,0.706,1
s31288,1.0,1
s31289,0.669,1
s31290,0.669,1
s31291,0.985,1
s31292,1.0,1
s31293,0.996,1
s31294,0.9309999999999999,1
s31295,0.982,1
s31296,0.995,1
s31297,0.765,1
s31298,0.992,1
s31299,1.0,1
s31300,0.993,1
s31301,1.0,1
s31302,0.667,1
s31303,1.0,1
s31304,0.6829999999999999,1
s31305,0.631,1
s31306,1.0,1
s31307,1.0,1
s31308,0.6829999999999999,1
s31309,1.0,1
s31310,1.0,1
s31311,0.98,1
s31312,0.638,1
s31313,0.833,1
s31314,0.998,1
s31315,0.996,1
s31316,0.996,1
s31317,0.996,1
s31318,0.993,1
s31319,0.991,1
s31320,1.0,1
s31321,0.915,1
s31322,1.0,1
s31323,1.0,1
s31324,1.0,1
s31325,1.0,1
s31326,0.596,1
s31327,0.993,1
s31328,0.9840000000000001,1
s31329,0.9840000000000001,1
s31330,0.951,1
s31331,1.0,1
s31332,1.0,1
s31333,0.905,1
s31334,0.953,1
s31335,0.649,1
s31336,1.0,1
s31337,0.8320000000000001,1
s31338,1.0,1
s31339,0.7340000000000001,1
s31340,0.995,1
s31341,0.875,1
s31342,0.815,1
s31343,0.993,1
s31344,1.0,1
s31345,0.9229999999999999,1
s31346,0.507,1
s31347,1.0,1
s31348,0.867,1
s31349,0.991,1
s31350,0.991,1
s31351,0.983,1
s31352,0.8079999999999999,1
s31353,0.6859999999999999,1
s31354,0.75,1
s31355,0.741,1
s31356,0.818,1
s31357,0.823,1
s31358,0.835,1
s31359,0.552,1
s31360,1.0,1
s31361,1.0,1
s31362,0.823,1
s31363,0.823,1
s31364,0.823,1
s31365,0.823,1
s31366,1.0,1
s31367,0.647,1
s31368,0.9570000000000001,1
s31369,0.992,1
s31370,0.996,1
s31371,0.983,1
s31372,0.5670000000000001,1
s31373,0.7020000000000001,1
s31374,0.601,1
s31375,0.53,1
s31376,0.728,1
s31377,0.9670000000000001,1
s31378,0.997,1
s31379,1.0,1
s31380,0.8270000000000001,1
s31381,0.823,1
s31382,0.823,1
s31383,0.823,1
s31384,0.823,1
s31385,0.841,1
s31386,0.997,1
s31387,0.986,1
s31388,0.981,1
s31389,0.981,1
s31390,0.981,1
s31391,0.988,1
s31392,0.988,1
s31393,0.96,1
s31394,0.972,1
s31395,0.972,1
s31396,0.956,1
s31397,0.9690000000000001,1
s31398,0.888,1
s31399,0.855,1
s31400,0.977,1
s31401,0.9590000000000001,1
s31402,1.0,1
s31403,0.614,1
s31404,0.596,1
s31405,1.0,1
s31406,0.823,1
s31407,0.8340000000000001,1
s31408,1.0,1
s31409,1.0,1
s31410,1.0,1
s31411,0.6890000000000001,1
s31412,0.9990000000000001,1
s31413,1.0,1
s31414,1.0,1
s31415,0.991,1
s31416,0.965,1
s31417,0.7809999999999999,1
s31418,0.977,1
s31419,0.7120000000000001,1
s31420,0.74,1
s31421,1.0,1
s31422,0.653,1
s31423,0.664,1
s31424,1.0,1
s31425,0.997,1
s31426,0.9259999999999999,1
s31427,0.996,1
s31428,1.0,1
s31429,1.0,1
s31430,0.848,1
s31431,0.985,1
s31432,0.718,1
s31433,0.633,1
s31434,0.7240000000000001,1
s31435,0.995,1
s31436,0.995,1
s31437,0.995,1
s31438,0.995,1
s31439,0.995,1
s31440,0.995,1
s31441,0.99,1
s31442,0.937,1
s31443,0.992,1
s31444,0.992,1
s31445,0.991,1
s31446,1.0,1
s31447,0.988,1
s31448,0.983,1
s31449,0.981,1
s31450,1.0,1
s31451,1.0,1
s31452,0.9690000000000001,1
s31453,0.997,1
s31454,1.0,1
s31455,0.998,1
s31456,0.6459999999999999,1
s31457,0.524,1
s31458,0.672,1
s31459,0.623,1
s31460,1.0,1
s31461,0.997,1
s31462,0.998,1
s31463,0.8809999999999999,1
s31464,0.679,1
s31465,0.779,1
s31466,0.9840000000000001,1
s31467,0.9059999999999999,1
s31468,1.0,1
s31469,1.0,1
s31470,0.6970000000000001,1
s31471,0.988,1
s31472,0.996,1
s31473,1.0,1
s31474,1.0,1
s31475,1.0,1
s31476,0.997,1
s31477,1.0,1
s31478,0.8959999999999999,1
s31479,1.0,1
s31480,1.0,1
s31481,0.991,1
s31482,1.0,1
s31483,1.0,1
s31484,1.0,1
s31485,0.997,1
s31486,0.866,1
s31487,0.684,1
s31488,1.0,1
s31489,0.711,1
s31490,1.0,1
s31491,1.0,1
s31492,0.9890000000000001,1
s31493,0.9940000000000001,1
s31494,0.975,1
s31495,0.522,1
s31496,0.599,1
s31497,1.0,1
s31498,0.997,1
s31499,1.0,1
s31500,0.851,1
s31501,0.995,1
s31502,0.9890000000000001,1
s31503,1.0,1
s31504,0.8220000000000001,1
s31505,0.8220000000000001,1
s31506,1.0,1
s31507,0.792,1
s31508,1.0,1
s31509,1.0,1
s31510,0.997,1
s31511,1.0,1
s31512,0.997,1
s31513,1.0,1
s31514,0.996,1
s31515,0.996,1
s31516,0.9940000000000001,1
s31517,1.0,1
s31518,1.0,1
s31519,0.818,1
s31520,1.0,1
s31521,0.9129999999999999,1
s31522,0.968,1
s31523,0.973,1
s31524,0.998,1
s31525,1.0,1
s31526,1.0,1
s31527,0.991,1
s31528,1.0,1
s31529,0.914,1
s31530,0.914,1
s31531,1.0,1
s31532,0.892,1
s31533,0.997,1
s31534,0.618,1
s31535,0.618,1
s31536,0.524,1
s31537,0.855,1
s31538,0.9279999999999999,1
s31539,0.966,1
s31540,0.9590000000000001,1
s31541,0.7959999999999999,1
s31542,0.7390000000000001,1
s31543,1.0,1
s31544,0.665,1
s31545,0.9179999999999999,1
s31546,0.6609999999999999,1
s31547,0.687,1
s31548,0.997,1
s31549,0.5489999999999999,1
s31550,0.987,1
s31551,1.0,1
s31552,0.581,1
s31553,0.838,1
s31554,0.7829999999999999,1
s31555,0.871,1
s31556,0.997,1
s31557,0.978,1
s31558,0.997,1
s31559,0.924,1
s31560,0.912,1
s31561,0.782,1
s31562,1.0,1
s31563,1.0,1
s31564,1.0,1
s31565,1.0,1
s31566,1.0,1
s31567,0.997,1
s31568,0.9129999999999999,1
s31569,0.887,1
s31570,0.995,1
s31571,0.982,1
s31572,0.8220000000000001,1
s31573,0.809,1
s31574,0.986,1
s31575,1.0,1
s31576,0.725,1
s31577,0.982,1
s31578,0.85,1
s31579,0.745,1
s31580,0.993,1
s31581,0.998,1
s31582,1.0,1
s31583,1.0,1
s31584,1.0,1
s31585,0.998,1
s31586,0.863,1
s31587,0.768,1
s31588,0.74,1
s31589,0.988,1
s31590,0.988,1
s31591,0.826,1
s31592,0.534,1
s31593,0.723,1
s31594,1.0,1
s31595,0.879,1
s31596,1.0,1
s31597,0.9590000000000001,1
s31598,0.997,1
s31599,1.0,1
s31600,0.642,1
s31601,1.0,1
s31602,1.0,1
s31603,0.99,1
s31604,0.998,1
s31605,1.0,1
s31606,0.9890000000000001,1
s31607,0.992,1
s31608,0.746,1
s31609,0.9790000000000001,1
s31610,0.9890000000000001,1
s31611,1.0,1
s31612,0.8740000000000001,1
s31613,1.0,1
s31614,0.9990000000000001,1
s31615,0.998,1
s31616,1.0,1
s31617,1.0,1
s31618,0.9940000000000001,1
s31619,0.872,1
s31620,1.0,1
s31621,1.0,1
s31622,0.6920000000000001,1
s31623,0.612,1
s31624,0.659,1
s31625,0.9359999999999999,1
s31626,0.985,1
s31627,1.0,1
s31628,0.995,1
s31629,0.742,1
s31630,0.8320000000000001,1
s31631,0.624,1
s31632,1.0,1
s31633,0.9940000000000001,1
s31634,0.995,1
s31635,0.79,1
s31636,1.0,1
s31637,0.9740000000000001,1
s31638,0.9740000000000001,1
s31639,1.0,1
s31640,0.996,1
s31641,0.64,1
s31642,1.0,1
s31643,1.0,1
s31644,0.9890000000000001,1
s31645,1.0,1
s31646,0.976,1
s31647,0.713,1
s31648,0.9740000000000001,1
s31649,0.995,1
s31650,0.9940000000000001,1
s31651,0.9940000000000001,1
s31652,0.9940000000000001,1
s31653,1.0,1
s31654,1.0,1
s31655,1.0,1
s31656,0.9590000000000001,1
s31657,0.9590000000000001,1
s31658,0.9590000000000001,1
s31659,0.9590000000000001,1
s31660,1.0,1
s31661,0.924,1
s31662,0.9940000000000001,1
s31663,0.968,1
s31664,0.59,1
s31665,0.988,1
s31666,0.997,1
s31667,0.9540000000000001,1
s31668,0.9940000000000001,1
s31669,0.9940000000000001,1
s31670,0.997,1
s31671,1.0,1
s31672,0.657,1
s31673,1.0,1
s31674,0.9329999999999999,1
s31675,0.992,1
s31676,0.8540000000000001,1
s31677,0.983,1
s31678,0.865,1
s31679,0.993,1
s31680,0.977,1
s31681,0.995,1
s31682,0.754,1
s31683,0.992,1
s31684,0.997,1
s31685,0.997,1
s31686,0.997,1
s31687,0.997,1
s31688,0.997,1
s31689,1.0,1
s31690,1.0,1
s31691,0.525,1
s31692,0.7170000000000001,1
s31693,0.929,1
s31694,0.841,1
s31695,0.7390000000000001,1
s31696,0.993,1
s31697,1.0,1
s31698,0.993,1
s31699,1.0,1
s31700,1.0,1
s31701,0.993,1
s31702,0.975,1
s31703,0.975,1
s31704,0.97,1
s31705,0.7859999999999999,1
s31706,0.735,1
s31707,1.0,1
s31708,0.998,1
s31709,0.821,1
s31710,0.741,1
s31711,0.615,1
s31712,0.764,1
s31713,0.6729999999999999,1
s31714,0.97,1
s31715,0.71,1
s31716,1.0,1
s31717,0.654,1
s31718,0.995,1
s31719,1.0,1
s31720,0.752,1
s31721,0.598,1
s31722,0.995,1
s31723,1.0,1
s31724,0.997,1
s31725,0.997,1
s31726,0.991,1
s31727,0.986,1
s31728,0.987,1
s31729,0.982,1
s31730,0.997,1
s31731,1.0,1
s31732,0.8370000000000001,1
s31733,1.0,1
s31734,1.0,1
s31735,0.5760000000000001,1
s31736,0.742,1
s31737,0.7509999999999999,1
s31738,1.0,1
s31739,0.976,1
s31740,0.961,1
s31741,1.0,1
s31742,1.0,1
s31743,0.87,1
s31744,0.9520000000000001,1
s31745,1.0,1
s31746,0.965,1
s31747,0.72,1
s31748,0.9940000000000001,1
s31749,0.991,1
s31750,0.611,1
s31751,0.836,1
s31752,0.955,1
s31753,0.995,1
s31754,1.0,1
s31755,0.997,1
s31756,1.0,1
s31757,0.995,1
s31758,0.997,1
s31759,1.0,1
s31760,1.0,1
s31761,0.94,1
s31762,0.747,1
s31763,0.9420000000000001,1
s31764,1.0,1
s31765,0.7509999999999999,1
s31766,0.953,1
s31767,0.966,1
s31768,0.7709999999999999,1
s31769,0.991,1
s31770,0.9940000000000001,1
s31771,0.879,1
s31772,0.879,1
s31773,0.825,1
s31774,0.69,1
s31775,1.0,1
s31776,0.6729999999999999,1
s31777,0.995,1
s31778,0.6859999999999999,1
s31779,0.7490000000000001,1
s31780,0.983,1
s31781,1.0,1
s31782,0.626,1
s31783,0.624,1
s31784,0.961,1
s31785,0.9640000000000001,1
s31786,0.973,1
s31787,0.9640000000000001,1
s31788,0.784,1
s31789,0.89,1
s31790,0.723,1
s31791,1.0,1
s31792,1.0,1
s31793,1.0,1
s31794,0.585,1
s31795,0.9940000000000001,1
s31796,0.9940000000000001,1
s31797,1.0,1
s31798,0.655,1
s31799,0.522,1
s31800,0.993,1
s31801,1.0,1
s31802,0.998,1
s31803,0.8440000000000001,1
s31804,0.929,1
s31805,1.0,1
s31806,0.9179999999999999,1
s31807,0.5579999999999999,1
s31808,0.995,1
s31809,0.73,1
s31810,0.932,1
s31811,1.0,1
s31812,0.6659999999999999,1
s31813,0.993,1
s31814,1.0,1
s31815,0.648,1
s31816,0.774,1
s31817,0.696,1
s31818,1.0,1
s31819,0.735,1
s31820,0.772,1
s31821,0.997,1
s31822,0.856,1
s31823,0.995,1
s31824,0.995,1
s31825,0.995,1
s31826,0.922,1
s31827,0.9179999999999999,1
s31828,1.0,1
s31829,0.9940000000000001,1
s31830,1.0,1
s31831,0.502,1
s31832,0.662,1
s31833,0.978,1
s31834,1.0,1
s31835,0.8,1
s31836,0.982,1
s31837,0.992,1
s31838,0.993,1
s31839,1.0,1
s31840,0.698,1
s31841,1.0,1
s31842,0.953,1
s31843,0.932,1
s31844,0.937,1
s31845,0.838,1
s31846,1.0,1
s31847,0.998,1
s31848,1.0,1
s31849,1.0,1
s31850,0.6629999999999999,1
s31851,0.725,1
s31852,0.523,1
s31853,0.649,1
s31854,0.831,1
s31855,0.9940000000000001,1
s31856,0.998,1
s31857,0.998,1
s31858,0.619,1
s31859,1.0,1
s31860,0.998,1
s31861,0.997,1
s31862,0.997,1
s31863,0.997,1
s31864,1.0,1
s31865,0.997,1
s31866,1.0,1
s31867,0.634,1
s31868,0.991,1
s31869,0.997,1
s31870,0.998,1
s31871,1.0,1
s31872,0.997,1
s31873,1.0,1
s31874,1.0,1
s31875,0.711,1
s31876,0.858,1
s31877,1.0,1
s31878,0.9990000000000001,1
s31879,0.9990000000000001,1
s31880,0.998,1
s31881,0.998,1
s31882,1.0,1
s31883,0.997,1
s31884,1.0,1
s31885,1.0,1
s31886,1.0,1
s31887,1.0,1
s31888,0.595,1
s31889,0.7170000000000001,1
s31890,0.867,1
s31891,0.6920000000000001,1
s31892,0.825,1
s31893,0.998,1
s31894,0.997,1
s31895,0.997,1
s31896,0.997,1
s31897,0.998,1
s31898,0.777,1
s31899,0.997,1
s31900,1.0,1
s31901,0.988,1
s31902,1.0,1
s31903,0.998,1
s31904,0.978,1
s31905,0.653,1
s31906,0.6509999999999999,1
s31907,1.0,1
s31908,0.995,1
s31909,0.85,1
s31910,0.9590000000000001,1
s31911,0.983,1
s31912,0.988,1
s31913,1.0,1
s31914,1.0,1
s31915,1.0,1
s31916,0.998,1
s31917,0.995,1
s31918,0.998,1
s31919,0.995,1
s31920,0.983,1
s31921,0.995,1
s31922,1.0,1
s31923,1.0,1
s31924,0.6409999999999999,1
s31925,0.978,1
s31926,1.0,1
s31927,0.978,1
s31928,1.0,1
s31929,0.8540000000000001,1
s31930,0.856,1
s31931,0.991,1
s31932,0.961,1
s31933,1.0,1
s31934,0.672,1
s31935,0.978,1
s31936,0.6709999999999999,1
s31937,0.978,1
s31938,0.535,1
s31939,1.0,1
s31940,0.997,1
s31941,0.605,1
s31942,1.0,1
s31943,1.0,1
s31944,1.0,1
s31945,0.6459999999999999,1
s31946,1.0,1
s31947,1.0,1
s31948,0.978,1
s31949,1.0,1
s31950,0.8590000000000001,1
s31951,0.851,1
s31952,0.877,1
s31953,0.997,1
s31954,0.983,1
s31955,0.57,1
s31956,0.777,1
s31957,0.74,1
s31958,0.927,1
s31959,1.0,1
s31960,0.7090000000000001,1
s31961,0.9940000000000001,1
s31962,0.9940000000000001,1
s31963,1.0,1
s31964,1.0,1
s31965,0.71,1
s31966,1.0,1
s31967,1.0,1
s31968,1.0,1
s31969,0.64,1
s31970,1.0,1
s31971,0.8009999999999999,1
s31972,0.7090000000000001,1
s31973,1.0,1
s31974,0.991,1
s31975,1.0,1
s31976,0.935,1
s31977,0.856,1
s31978,0.867,1
s31979,1.0,1
s31980,0.603,1
s31981,0.99,1
s31982,0.72,1
s31983,0.8490000000000001,1
s31984,0.993,1
s31985,0.993,1
s31986,0.6990000000000001,1
s31987,0.861,1
s31988,0.693,1
s31989,1.0,1
s31990,1.0,1
s31991,0.997,1
s31992,0.998,1
s31993,0.696,1
s31994,1.0,1
s31995,1.0,1
s31996,0.6940000000000001,1
s31997,0.9940000000000001,1
s31998,0.813,1
s31999,0.568,1
s32000,1.0,1
s32001,0.8640000000000001,1
s32002,0.995,1
s32003,1.0,1
s32004,0.9279999999999999,1
s32005,0.9790000000000001,1
s32006,0.9990000000000001,1
s32007,0.963,1
s32008,0.6,1
s32009,0.963,1
s32010,0.8220000000000001,1
s32011,0.902,1
s32012,1.0,1
s32013,1.0,1
s32014,1.0,1
s32015,0.765,1
s32016,1.0,1
s32017,0.765,1
s32018,0.82,1
s32019,0.895,1
s32020,0.902,1
s32021,0.902,1
s32022,0.7659999999999999,1
s32023,0.968,1
s32024,0.755,1
s32025,0.996,1
s32026,0.993,1
s32027,1.0,1
s32028,0.997,1
s32029,0.997,1
s32030,0.9940000000000001,1
s32031,0.996,1
s32032,0.997,1
s32033,1.0,1
s32034,0.9990000000000001,1
s32035,1.0,1
s32036,0.97,1
s32037,1.0,1
s32038,0.997,1
s32039,0.833,1
s32040,0.997,1
s32041,1.0,1
s32042,0.9940000000000001,1
s32043,1.0,1
s32044,0.993,1
s32045,1.0,1
s32046,1.0,1
s32047,0.955,1
s32048,1.0,1
s32049,0.64,1
s32050,0.997,1
s32051,0.8740000000000001,1
s32052,1.0,1
s32053,1.0,1
s32054,1.0,1
s32055,1.0,1
s32056,0.996,1
s32057,0.9179999999999999,1
s32058,0.6579999999999999,1
s32059,0.982,1
s32060,0.9590000000000001,1
s32061,0.5820000000000001,1
s32062,1.0,1
s32063,1.0,1
s32064,1.0,1
s32065,0.8340000000000001,1
s32066,0.7979999999999999,1
s32067,1.0,1
s32068,0.9570000000000001,1
s32069,0.821,1
s32070,0.9570000000000001,1
s32071,0.997,1
s32072,0.5429999999999999,1
s32073,1.0,1
s32074,1.0,1
s32075,0.958,1
s32076,1.0,1
s32077,1.0,1
s32078,0.785,1
s32079,0.998,1
s32080,0.988,1
s32081,0.998,1
s32082,0.54,1
s32083,0.996,1
s32084,1.0,1
s32085,0.7,1
s32086,1.0,1
s32087,0.956,1
s32088,0.992,1
s32089,0.9940000000000001,1
s32090,1.0,1
s32091,1.0,1
s32092,0.725,1
s32093,0.725,1
s32094,0.725,1
s32095,0.736,1
s32096,0.9840000000000001,1
s32097,0.878,1
s32098,0.946,1
s32099,0.993,1
s32100,0.98,1
s32101,0.9390000000000001,1
s32102,0.7609999999999999,1
s32103,0.8370000000000001,1
s32104,0.672,1
s32105,0.782,1
s32106,0.795,1
s32107,0.8140000000000001,1
s32108,0.745,1
s32109,0.825,1
s32110,1.0,1
s32111,1.0,1
s32112,1.0,1
s32113,0.868,1
s32114,0.779,1
s32115,0.9129999999999999,1
s32116,1.0,1
s32117,0.6629999999999999,1
s32118,1.0,1
s32119,0.735,1
s32120,0.927,1
s32121,0.65,1
s32122,1.0,1
s32123,0.691,1
s32124,0.96,1
s32125,0.99,1
s32126,0.992,1
s32127,0.9740000000000001,1
s32128,0.762,1
s32129,0.87,1
s32130,0.568,1
s32131,0.956,1
s32132,1.0,1
s32133,0.892,1
s32134,0.973,1
s32135,1.0,1
s32136,0.996,1
s32137,1.0,1
s32138,1.0,1
s32139,0.841,1
s32140,0.85,1
s32141,1.0,1
s32142,0.995,1
s32143,1.0,1
s32144,1.0,1
s32145,1.0,1
s32146,1.0,1
s32147,1.0,1
s32148,0.997,1
s32149,0.998,1
s32150,0.856,1
s32151,0.841,1
s32152,0.835,1
s32153,0.991,1
s32154,0.835,1
s32155,1.0,1
s32156,0.987,1
s32157,0.606,1
s32158,0.919,1
s32159,0.919,1
s32160,0.972,1
s32161,0.83,1
s32162,0.8340000000000001,1
s32163,0.9520000000000001,1
s32164,1.0,1
s32165,0.998,1
s32166,0.556,1
s32167,0.9940000000000001,1
s32168,0.9940000000000001,1
s32169,0.9940000000000001,1
s32170,0.9940000000000001,1
s32171,0.5539999999999999,1
s32172,0.7809999999999999,1
s32173,1.0,1
s32174,0.997,1
s32175,1.0,1
s32176,0.767,1
s32177,1.0,1
s32178,0.9420000000000001,1
s32179,0.9420000000000001,1
s32180,0.987,1
s32181,0.996,1
s32182,0.49700000000000005,1
s32183,0.972,1
s32184,0.648,1
s32185,1.0,1
s32186,1.0,1
s32187,0.953,1
s32188,0.997,1
s32189,1.0,1
s32190,1.0,1
s32191,1.0,1
s32192,0.77,1
s32193,0.773,1
s32194,1.0,1
s32195,1.0,1
s32196,0.97,1
s32197,0.996,1
s32198,0.625,1
s32199,0.62,1
s32200,1.0,1
s32201,0.998,1
s32202,0.9940000000000001,1
s32203,1.0,1
s32204,1.0,1
s32205,1.0,1
s32206,1.0,1
s32207,0.782,1
s32208,0.995,1
s32209,1.0,1
s32210,0.858,1
s32211,0.691,1
s32212,0.603,1
s32213,1.0,1
s32214,0.7959999999999999,1
s32215,0.987,1
s32216,0.672,1
s32217,0.846,1
s32218,1.0,1
s32219,1.0,1
s32220,0.629,1
s32221,0.7759999999999999,1
s32222,0.632,1
s32223,1.0,1
s32224,1.0,1
s32225,0.9940000000000001,1
s32226,0.995,1
s32227,0.995,1
s32228,0.898,1
s32229,0.894,1
s32230,0.9940000000000001,1
s32231,0.815,1
s32232,0.748,1
s32233,0.68,1
s32234,0.833,1
s32235,1.0,1
s32236,0.639,1
s32237,0.995,1
s32238,0.648,1
s32239,1.0,1
s32240,0.868,1
s32241,0.8170000000000001,1
s32242,0.995,1
s32243,0.623,1
s32244,0.617,1
s32245,1.0,1
s32246,0.997,1
s32247,1.0,1
s32248,1.0,1
s32249,1.0,1
s32250,0.98,1
s32251,0.996,1
s32252,0.738,1
s32253,1.0,1
s32254,0.995,1
s32255,0.997,1
s32256,0.654,1
s32257,1.0,1
s32258,1.0,1
s32259,1.0,1
s32260,1.0,1
s32261,0.998,1
s32262,1.0,1
s32263,0.99,1
s32264,0.669,1
s32265,0.741,1
s32266,0.9940000000000001,1
s32267,0.626,1
s32268,1.0,1
s32269,1.0,1
s32270,1.0,1
s32271,0.909,1
s32272,0.9890000000000001,1
s32273,0.8190000000000001,1
s32274,0.988,1
s32275,0.883,1
s32276,0.7879999999999999,1
s32277,0.6,1
s32278,1.0,1
s32279,0.9940000000000001,1
s32280,0.993,1
s32281,0.9470000000000001,1
s32282,1.0,1
s32283,1.0,1
s32284,0.992,1
s32285,0.9540000000000001,1
s32286,0.9540000000000001,1
s32287,0.943,1
s32288,0.755,1
s32289,1.0,1
s32290,1.0,1
s32291,0.998,1
s32292,0.998,1
s32293,0.526,1
s32294,0.887,1
s32295,0.872,1
s32296,0.526,1
s32297,0.883,1
s32298,0.851,1
s32299,0.759,1
s32300,0.995,1
s32301,1.0,1
s32302,0.675,1
s32303,0.754,1
s32304,0.754,1
s32305,0.754,1
s32306,0.682,1
s32307,0.985,1
s32308,0.99,1
s32309,0.99,1
s32310,0.975,1
s32311,1.0,1
s32312,0.726,1
s32313,0.601,1
s32314,0.997,1
s32315,0.7190000000000001,1
s32316,0.725,1
s32317,0.6970000000000001,1
s32318,0.995,1
s32319,0.99,1
s32320,1.0,1
s32321,0.976,1
s32322,1.0,1
s32323,0.99,1
s32324,0.997,1
s32325,0.606,1
s32326,0.995,1
s32327,0.97,1
s32328,0.995,1
s32329,0.99,1
s32330,0.9840000000000001,1
s32331,0.7490000000000001,1
s32332,0.55,1
s32333,1.0,1
s32334,0.988,1
s32335,0.9329999999999999,1
s32336,0.638,1
s32337,0.614,1
s32338,0.992,1
s32339,0.762,1
s32340,0.965,1
s32341,0.935,1
s32342,0.845,1
s32343,0.799,1
s32344,0.785,1
s32345,0.785,1
s32346,1.0,1
s32347,0.996,1
s32348,1.0,1
s32349,1.0,1
s32350,0.9840000000000001,1
s32351,1.0,1
s32352,1.0,1
s32353,0.997,1
s32354,0.996,1
s32355,1.0,1
s32356,0.998,1
s32357,0.998,1
s32358,1.0,1
s32359,1.0,1
s32360,0.998,1
s32361,1.0,1
s32362,1.0,1
s32363,0.696,1
s32364,1.0,1
s32365,1.0,1
s32366,0.5820000000000001,1
s32367,1.0,1
s32368,0.8029999999999999,1
s32369,0.635,1
s32370,0.73,1
s32371,0.9209999999999999,1
s32372,0.684,1
s32373,0.998,1
s32374,0.998,1
s32375,1.0,1
s32376,1.0,1
s32377,0.987,1
s32378,0.981,1
s32379,0.879,1
s32380,1.0,1
s32381,1.0,1
s32382,0.569,1
s32383,0.594,1
s32384,1.0,1
s32385,1.0,1
s32386,0.8370000000000001,1
s32387,1.0,1
s32388,0.865,1
s32389,0.953,1
s32390,1.0,1
s32391,1.0,1
s32392,0.993,1
s32393,1.0,1
s32394,0.8,1
s32395,0.8,1
s32396,0.8,1
s32397,1.0,1
s32398,1.0,1
s32399,0.993,1
s32400,1.0,1
s32401,1.0,1
s32402,1.0,1
s32403,0.73,1
s32404,1.0,1
s32405,0.9179999999999999,1
s32406,0.9690000000000001,1
s32407,0.9790000000000001,1
s32408,0.961,1
s32409,0.9890000000000001,1
s32410,0.961,1
s32411,0.937,1
s32412,0.78,1
s32413,1.0,1
s32414,0.986,1
s32415,0.938,1
s32416,0.99,1
s32417,0.7909999999999999,1
s32418,0.8079999999999999,1
s32419,0.935,1
s32420,0.524,1
s32421,0.53,1
s32422,1.0,1
s32423,1.0,1
s32424,1.0,1
s32425,0.8959999999999999,1
s32426,0.7,1
s32427,0.904,1
s32428,0.975,1
s32429,0.601,1
s32430,1.0,1
s32431,0.753,1
s32432,1.0,1
s32433,0.8009999999999999,1
s32434,0.846,1
s32435,1.0,1
s32436,0.534,1
s32437,1.0,1
s32438,1.0,1
s32439,0.628,1
s32440,0.995,1
s32441,0.995,1
s32442,0.601,1
s32443,1.0,1
s32444,0.688,1
s32445,0.698,1
s32446,0.624,1
s32447,0.983,1
s32448,0.636,1
s32449,0.767,1
s32450,0.9890000000000001,1
s32451,0.573,1
s32452,1.0,1
s32453,1.0,1
s32454,0.672,1
s32455,0.73,1
s32456,0.997,1
s32457,0.991,1
s32458,0.9259999999999999,1
s32459,0.897,1
s32460,1.0,1
s32461,0.7879999999999999,1
s32462,0.953,1
s32463,0.9740000000000001,1
s32464,0.9740000000000001,1
s32465,0.568,1
s32466,0.82,1
s32467,0.996,1
s32468,0.993,1
s32469,0.996,1
s32470,0.48,1
s32471,0.862,1
s32472,0.775,1
s32473,0.998,1
s32474,1.0,1
s32475,1.0,1
s32476,1.0,1
s32477,0.64,1
s32478,0.733,1
s32479,0.73,1
s32480,0.753,1
s32481,1.0,1
s32482,1.0,1
s32483,0.9890000000000001,1
s32484,1.0,1
s32485,0.9890000000000001,1
s32486,1.0,1
s32487,0.736,1
s32488,0.7440000000000001,1
s32489,0.742,1
s32490,0.797,1
s32491,0.873,1
s32492,1.0,1
s32493,0.873,1
s32494,0.982,1
s32495,0.91,1
s32496,1.0,1
s32497,0.631,1
s32498,1.0,1
s32499,0.615,1
s32500,0.995,1
s32501,0.61,1
s32502,1.0,1
s32503,0.61,1
s32504,0.728,1
s32505,0.705,1
s32506,0.687,1
s32507,0.929,1
s32508,0.992,1
s32509,0.993,1
s32510,1.0,1
s32511,0.955,1
s32512,0.956,1
s32513,0.888,1
s32514,1.0,1
s32515,1.0,1
s32516,1.0,1
s32517,0.998,1
s32518,1.0,1
s32519,1.0,1
s32520,1.0,1
s32521,0.992,1
s32522,0.992,1
s32523,1.0,1
s32524,0.992,1
s32525,1.0,1
s32526,0.6559999999999999,1
s32527,1.0,1
s32528,1.0,1
s32529,1.0,1
s32530,0.836,1
s32531,0.677,1
s32532,0.73,1
s32533,1.0,1
s32534,0.73,1
s32535,1.0,1
s32536,0.9940000000000001,1
s32537,0.665,1
s32538,0.613,1
s32539,0.9940000000000001,1
s32540,0.9840000000000001,1
s32541,0.621,1
s32542,0.59,1
s32543,0.9940000000000001,1
s32544,0.9570000000000001,1
s32545,0.62,1
s32546,0.617,1
s32547,0.823,1
s32548,0.953,1
s32549,0.73,1
s32550,0.5479999999999999,1
s32551,0.995,1
s32552,1.0,1
s32553,0.503,1
s32554,1.0,1
s32555,1.0,1
s32556,0.622,1
s32557,1.0,1
s32558,0.996,1
s32559,0.983,1
s32560,1.0,1
s32561,0.573,1
s32562,0.992,1
s32563,0.988,1
s32564,1.0,1
s32565,1.0,1
s32566,1.0,1
s32567,0.997,1
s32568,0.9990000000000001,1
s32569,1.0,1
s32570,0.665,1
s32571,1.0,1
s32572,0.6859999999999999,1
s32573,1.0,1
s32574,1.0,1
s32575,1.0,1
s32576,0.997,1
s32577,0.997,1
s32578,0.998,1
s32579,0.991,1
s32580,0.991,1
s32581,0.991,1
s32582,0.991,1
s32583,0.991,1
s32584,0.991,1
s32585,0.991,1
s32586,1.0,1
s32587,1.0,1
s32588,0.888,1
s32589,0.987,1
s32590,1.0,1
s32591,0.919,1
s32592,0.884,1
s32593,1.0,1
s32594,0.515,1
s32595,0.515,1
s32596,1.0,1
s32597,0.992,1
s32598,0.7659999999999999,1
s32599,1.0,1
s32600,1.0,1
s32601,0.9840000000000001,1
s32602,0.67,1
s32603,0.83,1
s32604,0.996,1
s32605,0.996,1
s32606,0.998,1
s32607,0.997,1
s32608,1.0,1
s32609,0.978,1
s32610,0.907,1
s32611,1.0,1
s32612,0.542,1
s32613,0.998,1
s32614,1.0,1
s32615,0.992,1
s32616,0.71,1
s32617,0.997,1
s32618,0.84,1
s32619,0.997,1
s32620,1.0,1
s32621,1.0,1
s32622,0.8270000000000001,1
s32623,0.91,1
s32624,0.843,1
s32625,0.8170000000000001,1
s32626,1.0,1
s32627,1.0,1
s32628,1.0,1
s32629,1.0,1
s32630,1.0,1
s32631,1.0,1
s32632,0.5820000000000001,1
s32633,0.833,1
s32634,1.0,1
s32635,0.976,1
s32636,0.996,1
s32637,1.0,1
s32638,0.9790000000000001,1
s32639,0.601,1
s32640,1.0,1
s32641,0.9940000000000001,1
s32642,0.767,1
s32643,0.802,1
s32644,0.6890000000000001,1
s32645,0.774,1
s32646,1.0,1
s32647,0.919,1
s32648,0.919,1
s32649,0.865,1
s32650,0.861,1
s32651,1.0,1
s32652,1.0,1
s32653,0.991,1
s32654,1.0,1
s32655,1.0,1
s32656,1.0,1
s32657,1.0,1
s32658,1.0,1
s32659,0.996,1
s32660,0.626,1
s32661,0.998,1
s32662,0.9940000000000001,1
s32663,0.9940000000000001,1
s32664,0.968,1
s32665,1.0,1
s32666,0.9940000000000001,1
s32667,0.991,1
s32668,1.0,1
s32669,1.0,1
s32670,0.978,1
s32671,0.986,1
s32672,0.611,1
s32673,0.765,1
s32674,0.601,1
s32675,0.9690000000000001,1
s32676,0.9940000000000001,1
s32677,1.0,1
s32678,0.935,1
s32679,0.847,1
s32680,0.604,1
s32681,0.995,1
s32682,0.818,1
s32683,0.9620000000000001,1
s32684,1.0,1
s32685,0.996,1
s32686,0.7979999999999999,1
s32687,0.988,1
s32688,0.9620000000000001,1
s32689,1.0,1
s32690,1.0,1
s32691,0.993,1
s32692,0.855,1
s32693,0.9109999999999999,1
s32694,0.733,1
s32695,0.99,1
s32696,0.925,1
s32697,0.9540000000000001,1
s32698,0.72,1
s32699,0.992,1
s32700,1.0,1
s32701,0.991,1
s32702,0.993,1
s32703,0.997,1
s32704,0.675,1
s32705,0.664,1
s32706,0.836,1
s32707,1.0,1
s32708,1.0,1
s32709,0.941,1
s32710,0.6559999999999999,1
s32711,1.0,1
s32712,1.0,1
s32713,0.99,1
s32714,1.0,1
s32715,0.985,1
s32716,0.9790000000000001,1
s32717,0.98,1
s32718,0.985,1
s32719,0.7070000000000001,1
s32720,0.647,1
s32721,0.643,1
s32722,0.983,1
s32723,0.741,1
s32724,0.713,1
s32725,0.9890000000000001,1
s32726,1.0,1
s32727,0.982,1
s32728,1.0,1
s32729,1.0,1
s32730,0.993,1
s32731,1.0,1
s32732,1.0,1
s32733,1.0,1
s32734,1.0,1
s32735,1.0,1
s32736,0.623,1
s32737,1.0,1
s32738,0.991,1
s32739,0.637,1
s32740,0.636,1
s32741,0.997,1
s32742,1.0,1
s32743,1.0,1
s32744,0.9940000000000001,1
s32745,1.0,1
s32746,0.982,1
s32747,1.0,1
s32748,1.0,1
s32749,1.0,1
s32750,0.96,1
s32751,0.757,1
s32752,0.856,1
s32753,1.0,1
s32754,1.0,1
s32755,0.997,1
s32756,1.0,1
s32757,0.9840000000000001,1
s32758,0.745,1
s32759,0.9890000000000001,1
s32760,0.802,1
s32761,1.0,1
s32762,0.99,1
s32763,0.998,1
s32764,0.998,1
s32765,0.996,1
s32766,1.0,1
s32767,1.0,1
s32768,1.0,1
s32769,1.0,1
s32770,1.0,1
s32771,0.998,1
s32772,1.0,1
s32773,0.997,1
s32774,0.976,1
s32775,0.981,1
s32776,1.0,1
s32777,0.9790000000000001,1
s32778,0.991,1
s32779,0.995,1
s32780,0.991,1
s32781,1.0,1
s32782,0.9309999999999999,1
s32783,0.996,1
s32784,0.996,1
s32785,1.0,1
s32786,1.0,1
s32787,0.9840000000000001,1
s32788,0.7070000000000001,1
s32789,1.0,1
s32790,1.0,1
s32791,1.0,1
s32792,1.0,1
s32793,1.0,1
s32794,0.995,1
s32795,1.0,1
s32796,1.0,1
s32797,0.998,1
s32798,0.992,1
s32799,0.7140000000000001,1
s32800,1.0,1
s32801,0.75,1
s32802,0.996,1
s32803,0.816,1
s32804,0.996,1
s32805,0.996,1
s32806,0.988,1
s32807,0.679,1
s32808,0.997,1
s32809,0.987,1
s32810,1.0,1
s32811,0.893,1
s32812,0.997,1
s32813,1.0,1
s32814,1.0,1
s32815,0.945,1
s32816,1.0,1
s32817,0.95,1
s32818,0.795,1
s32819,0.922,1
s32820,0.894,1
s32821,1.0,1
s32822,0.632,1
s32823,0.5710000000000001,1
s32824,0.991,1
s32825,0.995,1
s32826,0.976,1
s32827,0.6409999999999999,1
s32828,0.638,1
s32829,1.0,1
s32830,0.674,1
s32831,0.976,1
s32832,0.9640000000000001,1
s32833,0.975,1
s32834,0.691,1
s32835,0.996,1
s32836,0.594,1
s32837,1.0,1
s32838,0.863,1
s32839,0.841,1
s32840,1.0,1
s32841,0.996,1
s32842,1.0,1
s32843,0.752,1
s32844,0.716,1
s32845,1.0,1
s32846,0.8390000000000001,1
s32847,1.0,1
s32848,1.0,1
s32849,1.0,1
s32850,1.0,1
s32851,1.0,1
s32852,1.0,1
s32853,1.0,1
s32854,0.602,1
s32855,0.597,1
s32856,0.997,1
s32857,0.996,1
s32858,0.9940000000000001,1
s32859,0.9940000000000001,1
s32860,0.9940000000000001,1
s32861,0.998,1
s32862,0.996,1
s32863,0.7609999999999999,1
s32864,0.863,1
s32865,0.99,1
s32866,0.9940000000000001,1
s32867,0.997,1
s32868,0.638,1
s32869,1.0,1
s32870,0.976,1
s32871,0.972,1
s32872,0.976,1
s32873,0.638,1
s32874,0.9990000000000001,1
s32875,1.0,1
s32876,0.9109999999999999,1
s32877,0.993,1
s32878,1.0,1
s32879,1.0,1
s32880,0.976,1
s32881,0.998,1
s32882,0.976,1
s32883,0.955,1
s32884,0.955,1
s32885,1.0,1
s32886,0.922,1
s32887,0.875,1
s32888,0.998,1
s32889,0.9109999999999999,1
s32890,0.919,1
s32891,0.919,1
s32892,1.0,1
s32893,0.772,1
s32894,0.992,1
s32895,0.992,1
s32896,0.992,1
s32897,0.992,1
s32898,0.992,1
s32899,0.871,1
s32900,0.8270000000000001,1
s32901,0.997,1
s32902,0.838,1
s32903,0.843,1
s32904,0.6779999999999999,1
s32905,0.649,1
s32906,1.0,1
s32907,0.9990000000000001,1
s32908,1.0,1
s32909,0.996,1
s32910,0.9740000000000001,1
s32911,0.9840000000000001,1
s32912,1.0,1
s32913,1.0,1
s32914,0.889,1
s32915,0.875,1
s32916,1.0,1
s32917,0.987,1
s32918,0.986,1
s32919,0.997,1
s32920,0.75,1
s32921,0.6509999999999999,1
s32922,0.655,1
s32923,1.0,1
s32924,1.0,1
s32925,1.0,1
s32926,0.9640000000000001,1
s32927,0.975,1
s32928,0.9940000000000001,1
s32929,0.9840000000000001,1
s32930,0.973,1
s32931,0.85,1
s32932,1.0,1
s32933,1.0,1
s32934,0.87,1
s32935,0.9390000000000001,1
s32936,0.935,1
s32937,0.563,1
s32938,0.8640000000000001,1
s32939,0.843,1
s32940,0.997,1
s32941,1.0,1
s32942,0.968,1
s32943,0.99,1
s32944,0.782,1
s32945,1.0,1
s32946,0.44299999999999995,1
s32947,0.465,1
s32948,0.465,1
s32949,1.0,1
s32950,1.0,1
s32951,1.0,1
s32952,0.986,1
s32953,0.995,1
s32954,0.995,1
s32955,0.633,1
s32956,0.914,1
s32957,0.993,1
s32958,1.0,1
s32959,0.792,1
s32960,0.925,1
s32961,1.0,1
s32962,1.0,1
s32963,0.72,1
s32964,0.98,1
s32965,1.0,1
s32966,0.998,1
s32967,1.0,1
s32968,0.998,1
s32969,1.0,1
s32970,0.996,1
s32971,0.8420000000000001,1
s32972,0.853,1
s32973,0.835,1
s32974,0.866,1
s32975,0.987,1
s32976,0.9890000000000001,1
s32977,0.9840000000000001,1
s32978,0.996,1
s32979,0.951,1
s32980,0.998,1
s32981,1.0,1
s32982,1.0,1
s32983,0.986,1
s32984,0.9670000000000001,1
s32985,0.868,1
s32986,1.0,1
s32987,0.8740000000000001,1
s32988,0.8440000000000001,1
s32989,0.813,1
s32990,0.872,1
s32991,0.7959999999999999,1
s32992,1.0,1
s32993,0.618,1
s32994,1.0,1
s32995,1.0,1
s32996,1.0,1
s32997,1.0,1
s32998,0.998,1
s32999,0.998,1
s33000,0.998,1
s33001,1.0,1
s33002,0.997,1
s33003,1.0,1
s33004,1.0,1
s33005,0.991,1
s33006,0.713,1
s33007,0.956,1
s33008,0.986,1
s33009,0.986,1
s33010,1.0,1
s33011,0.993,1
s33012,0.953,1
s33013,1.0,1
s33014,1.0,1
s33015,1.0,1
s33016,0.733,1
s33017,1.0,1
s33018,0.995,1
s33019,0.924,1
s33020,0.985,1
s33021,1.0,1
s33022,0.9159999999999999,1
s33023,0.924,1
s33024,1.0,1
s33025,1.0,1
s33026,0.449,1
s33027,1.0,1
s33028,0.778,1
s33029,1.0,1
s33030,0.7440000000000001,1
s33031,0.8270000000000001,1
s33032,0.9590000000000001,1
s33033,1.0,1
s33034,0.997,1
s33035,0.97,1
s33036,0.998,1
s33037,0.997,1
s33038,0.905,1
s33039,1.0,1
s33040,1.0,1
s33041,0.5920000000000001,1
s33042,1.0,1
s33043,0.5920000000000001,1
s33044,0.662,1
s33045,0.899,1
s33046,0.998,1
s33047,1.0,1
s33048,0.885,1
s33049,1.0,1
s33050,1.0,1
s33051,0.997,1
s33052,0.754,1
s33053,0.7120000000000001,1
s33054,0.607,1
s33055,0.605,1
s33056,0.997,1
s33057,0.879,1
s33058,0.861,1
s33059,0.8809999999999999,1
s33060,0.6509999999999999,1
s33061,1.0,1
s33062,0.99,1
s33063,0.99,1
s33064,0.99,1
s33065,0.99,1
s33066,0.99,1
s33067,0.99,1
s33068,0.99,1
s33069,1.0,1
s33070,1.0,1
s33071,0.563,1
s33072,0.818,1
s33073,1.0,1
s33074,0.971,1
s33075,0.632,1
s33076,0.629,1
s33077,0.8220000000000001,1
s33078,1.0,1
s33079,0.985,1
s33080,0.8690000000000001,1
s33081,0.894,1
s33082,1.0,1
s33083,1.0,1
s33084,1.0,1
s33085,1.0,1
s33086,0.997,1
s33087,0.773,1
s33088,0.998,1
s33089,1.0,1
s33090,0.993,1
s33091,1.0,1
s33092,1.0,1
s33093,1.0,1
s33094,0.998,1
s33095,1.0,1
s33096,0.998,1
s33097,1.0,1
s33098,0.7190000000000001,1
s33099,0.593,1
s33100,0.7440000000000001,1
s33101,1.0,1
s33102,0.841,1
s33103,0.546,1
s33104,0.59,1
s33105,0.6940000000000001,1
s33106,0.998,1
s33107,0.997,1
s33108,1.0,1
s33109,0.996,1
s33110,1.0,1
s33111,0.996,1
s33112,0.723,1
s33113,0.604,1
s33114,0.958,1
s33115,0.996,1
s33116,0.988,1
s33117,0.602,1
s33118,0.602,1
s33119,0.602,1
s33120,0.6559999999999999,1
s33121,0.932,1
s33122,0.9279999999999999,1
s33123,0.877,1
s33124,1.0,1
s33125,1.0,1
s33126,1.0,1
s33127,0.877,1
s33128,1.0,1
s33129,1.0,1
s33130,0.9940000000000001,1
s33131,0.627,1
s33132,1.0,1
s33133,0.96,1
s33134,0.556,1
s33135,0.669,1
s33136,0.76,1
s33137,0.9940000000000001,1
s33138,0.8759999999999999,1
s33139,0.99,1
s33140,0.622,1
s33141,1.0,1
s33142,1.0,1
s33143,0.9540000000000001,1
s33144,1.0,1
s33145,0.912,1
s33146,0.754,1
s33147,1.0,1
s33148,0.993,1
s33149,1.0,1
s33150,1.0,1
s33151,0.985,1
s33152,1.0,1
s33153,1.0,1
s33154,0.938,1
s33155,0.8109999999999999,1
s33156,0.938,1
s33157,0.88,1
s33158,1.0,1
s33159,1.0,1
s33160,1.0,1
s33161,1.0,1
s33162,0.818,1
s33163,0.732,1
s33164,0.992,1
s33165,0.865,1
s33166,1.0,1
s33167,1.0,1
s33168,0.971,1
s33169,0.706,1
s33170,0.99,1
s33171,1.0,1
s33172,0.988,1
s33173,0.855,1
s33174,0.861,1
s33175,0.868,1
s33176,0.8959999999999999,1
s33177,0.8440000000000001,1
s33178,0.9159999999999999,1
s33179,0.902,1
s33180,0.8440000000000001,1
s33181,0.981,1
s33182,0.981,1
s33183,0.9640000000000001,1
s33184,0.589,1
s33185,0.988,1
s33186,0.992,1
s33187,0.992,1
s33188,0.995,1
s33189,0.583,1
s33190,1.0,1
s33191,1.0,1
s33192,1.0,1
s33193,0.997,1
s33194,0.59,1
s33195,0.752,1
s33196,0.992,1
s33197,1.0,1
s33198,0.528,1
s33199,0.8490000000000001,1
s33200,1.0,1
s33201,0.812,1
s33202,0.988,1
s33203,1.0,1
s33204,0.73,1
s33205,0.996,1
s33206,0.987,1
s33207,0.705,1
s33208,0.56,1
s33209,0.863,1
s33210,1.0,1
s33211,0.789,1
s33212,0.986,1
s33213,0.9670000000000001,1
s33214,1.0,1
s33215,1.0,1
s33216,0.995,1
s33217,1.0,1
s33218,0.992,1
s33219,0.8029999999999999,1
s33220,1.0,1
s33221,0.64,1
s33222,0.5710000000000001,1
s33223,0.8059999999999999,1
s33224,0.8759999999999999,1
s33225,1.0,1
s33226,0.7490000000000001,1
s33227,0.996,1
s33228,0.998,1
s33229,1.0,1
s33230,0.9740000000000001,1
s33231,0.526,1
s33232,0.523,1
s33233,0.997,1
s33234,0.7659999999999999,1
s33235,0.992,1
s33236,0.725,1
s33237,0.986,1
s33238,0.731,1
s33239,0.733,1
s33240,1.0,1
s33241,0.981,1
s33242,0.9490000000000001,1
s33243,0.946,1
s33244,0.731,1
s33245,0.91,1
s33246,0.991,1
s33247,0.991,1
s33248,0.777,1
s33249,0.991,1
s33250,0.991,1
s33251,0.504,1
s33252,0.667,1
s33253,1.0,1
s33254,1.0,1
s33255,0.992,1
s33256,0.586,1
s33257,0.996,1
s33258,1.0,1
s33259,1.0,1
s33260,1.0,1
s33261,0.6629999999999999,1
s33262,0.91,1
s33263,0.929,1
s33264,0.644,1
s33265,0.9009999999999999,1
s33266,0.494,1
s33267,1.0,1
s33268,1.0,1
s33269,1.0,1
s33270,0.879,1
s33271,0.7809999999999999,1
s33272,0.992,1
s33273,0.997,1
s33274,0.995,1
s33275,1.0,1
s33276,0.92,1
s33277,0.9009999999999999,1
s33278,0.935,1
s33279,0.89,1
s33280,0.8859999999999999,1
s33281,1.0,1
s33282,1.0,1
s33283,0.7859999999999999,1
s33284,0.794,1
s33285,0.996,1
s33286,0.878,1
s33287,1.0,1
s33288,0.8,1
s33289,0.8,1
s33290,1.0,1
s33291,1.0,1
s33292,1.0,1
s33293,1.0,1
s33294,1.0,1
s33295,1.0,1
s33296,0.622,1
s33297,1.0,1
s33298,0.903,1
s33299,0.992,1
s33300,1.0,1
s33301,1.0,1
s33302,0.667,1
s33303,0.878,1
s33304,1.0,1
s33305,1.0,1
s33306,1.0,1
s33307,0.958,1
s33308,0.5589999999999999,1
s33309,1.0,1
s33310,1.0,1
s33311,0.997,1
s33312,0.973,1
s33313,0.83,1
s33314,0.958,1
s33315,1.0,1
s33316,1.0,1
s33317,0.995,1
s33318,0.992,1
s33319,0.9890000000000001,1
s33320,1.0,1
s33321,0.892,1
s33322,0.7809999999999999,1
s33323,0.8859999999999999,1
s33324,0.7809999999999999,1
s33325,0.49,1
s33326,1.0,1
s33327,0.993,1
s33328,0.9309999999999999,1
s33329,0.86,1
s33330,1.0,1
s33331,0.862,1
s33332,0.858,1
s33333,0.9390000000000001,1
s33334,0.861,1
s33335,0.996,1
s33336,1.0,1
s33337,0.968,1
s33338,0.998,1
s33339,0.909,1
s33340,0.975,1
s33341,0.995,1
s33342,0.7440000000000001,1
s33343,0.7440000000000001,1
s33344,0.993,1
s33345,0.99,1
s33346,0.992,1
s33347,0.986,1
s33348,0.992,1
s33349,0.992,1
s33350,0.9940000000000001,1
s33351,0.96,1
s33352,0.878,1
s33353,0.672,1
s33354,0.733,1
s33355,1.0,1
s33356,0.879,1
s33357,1.0,1
s33358,1.0,1
s33359,1.0,1
s33360,0.713,1
s33361,1.0,1
s33362,0.993,1
s33363,0.86,1
s33364,0.919,1
s33365,0.966,1
s33366,0.8220000000000001,1
s33367,0.8109999999999999,1
s33368,0.736,1
s33369,0.742,1
s33370,0.991,1
s33371,0.948,1
s33372,1.0,1
s33373,0.919,1
s33374,0.9129999999999999,1
s33375,0.919,1
s33376,1.0,1
s33377,1.0,1
s33378,1.0,1
s33379,0.8240000000000001,1
s33380,0.988,1
s33381,1.0,1
s33382,1.0,1
s33383,1.0,1
s33384,0.919,1
s33385,0.607,1
s33386,0.603,1
s33387,0.997,1
s33388,0.996,1
s33389,0.9940000000000001,1
s33390,1.0,1
s33391,1.0,1
s33392,0.998,1
s33393,0.9129999999999999,1
s33394,0.9129999999999999,1
s33395,0.985,1
s33396,0.996,1
s33397,0.99,1
s33398,0.996,1
s33399,1.0,1
s33400,0.929,1
s33401,0.9129999999999999,1
s33402,0.919,1
s33403,0.976,1
s33404,1.0,1
s33405,0.7020000000000001,1
s33406,0.679,1
s33407,0.682,1
s33408,0.9620000000000001,1
s33409,1.0,1
s33410,0.648,1
s33411,0.76,1
s33412,0.742,1
s33413,0.99,1
s33414,1.0,1
s33415,1.0,1
s33416,0.77,1
s33417,1.0,1
s33418,1.0,1
s33419,0.682,1
s33420,1.0,1
s33421,0.995,1
s33422,0.885,1
s33423,0.807,1
s33424,0.97,1
s33425,0.9620000000000001,1
s33426,0.723,1
s33427,0.898,1
s33428,0.998,1
s33429,0.978,1
s33430,0.998,1
s33431,0.998,1
s33432,0.6509999999999999,1
s33433,0.81,1
s33434,0.846,1
s33435,0.973,1
s33436,1.0,1
s33437,0.945,1
s33438,0.96,1
s33439,0.9,1
s33440,0.997,1
s33441,0.991,1
s33442,0.6859999999999999,1
s33443,0.693,1
s33444,0.429,1
s33445,1.0,1
s33446,1.0,1
s33447,1.0,1
s33448,1.0,1
s33449,0.9890000000000001,1
s33450,0.777,1
s33451,0.878,1
s33452,0.902,1
s33453,1.0,1
s33454,0.6890000000000001,1
s33455,0.9129999999999999,1
s33456,0.9079999999999999,1
s33457,0.9940000000000001,1
s33458,1.0,1
s33459,0.996,1
s33460,1.0,1
s33461,0.996,1
s33462,0.9670000000000001,1
s33463,0.7859999999999999,1
s33464,0.843,1
s33465,0.976,1
s33466,0.99,1
s33467,0.988,1
s33468,0.968,1
s33469,1.0,1
s33470,0.8079999999999999,1
s33471,0.981,1
s33472,0.769,1
s33473,0.904,1
s33474,0.636,1
s33475,1.0,1
s33476,0.8959999999999999,1
s33477,0.8859999999999999,1
s33478,0.748,1
s33479,0.8859999999999999,1
s33480,0.8859999999999999,1
s33481,0.99,1
s33482,0.8690000000000001,1
s33483,0.9690000000000001,1
s33484,0.885,1
s33485,1.0,1
s33486,0.595,1
s33487,0.71,1
s33488,0.64,1
s33489,1.0,1
s33490,1.0,1
s33491,1.0,1
s33492,1.0,1
s33493,0.998,1
s33494,1.0,1
s33495,1.0,1
s33496,0.7709999999999999,1
s33497,0.7759999999999999,1
s33498,0.973,1
s33499,0.98,1
s33500,0.852,1
s33501,1.0,1
s33502,1.0,1
s33503,0.98,1
s33504,1.0,1
s33505,1.0,1
s33506,1.0,1
s33507,0.995,1
s33508,0.9840000000000001,1
s33509,0.787,1
s33510,1.0,1
s33511,1.0,1
s33512,0.9129999999999999,1
s33513,0.9940000000000001,1
s33514,0.838,1
s33515,0.826,1
s33516,0.8220000000000001,1
s33517,0.77,1
s33518,0.9009999999999999,1
s33519,1.0,1
s33520,0.9570000000000001,1
s33521,0.996,1
s33522,0.591,1
s33523,0.996,1
s33524,0.821,1
s33525,0.8320000000000001,1
s33526,0.591,1
s33527,1.0,1
s33528,0.754,1
s33529,0.754,1
s33530,1.0,1
s33531,0.638,1
s33532,0.85,1
s33533,0.89,1
s33534,0.848,1
s33535,0.833,1
s33536,0.8340000000000001,1
s33537,1.0,1
s33538,1.0,1
s33539,1.0,1
s33540,0.7,1
s33541,1.0,1
s33542,0.5710000000000001,1
s33543,1.0,1
s33544,1.0,1
s33545,1.0,1
s33546,1.0,1
s33547,0.98,1
s33548,0.991,1
s33549,0.99,1
s33550,0.9940000000000001,1
s33551,1.0,1
s33552,1.0,1
s33553,0.993,1
s33554,1.0,1
s33555,0.998,1
s33556,1.0,1
s33557,0.997,1
s33558,1.0,1
s33559,1.0,1
s33560,1.0,1
s33561,0.995,1
s33562,0.965,1
s33563,0.966,1
s33564,0.997,1
s33565,1.0,1
s33566,0.997,1
s33567,0.992,1
s33568,0.992,1
s33569,0.792,1
s33570,0.609,1
s33571,0.5920000000000001,1
s33572,1.0,1
s33573,0.608,1
s33574,0.841,1
s33575,0.8590000000000001,1
s33576,0.7909999999999999,1
s33577,0.996,1
s33578,0.997,1
s33579,0.997,1
s33580,0.997,1
s33581,0.997,1
s33582,0.672,1
s33583,0.563,1
s33584,1.0,1
s33585,0.973,1
s33586,0.973,1
s33587,0.9940000000000001,1
s33588,0.9890000000000001,1
s33589,0.973,1
s33590,0.973,1
s33591,0.996,1
s33592,0.997,1
s33593,0.738,1
s33594,1.0,1
s33595,0.6579999999999999,1
s33596,1.0,1
s33597,0.996,1
s33598,0.5589999999999999,1
s33599,0.731,1
s33600,0.634,1
s33601,0.665,1
s33602,0.634,1
s33603,0.667,1
s33604,0.996,1
s33605,0.6990000000000001,1
s33606,0.975,1
s33607,0.998,1
s33608,1.0,1
s33609,0.993,1
s33610,0.9890000000000001,1
s33611,1.0,1
s33612,1.0,1
s33613,0.9309999999999999,1
s33614,0.847,1
s33615,0.988,1
s33616,1.0,1
s33617,0.983,1
s33618,0.983,1
s33619,0.983,1
s33620,0.983,1
s33621,0.983,1
s33622,0.991,1
s33623,0.9059999999999999,1
s33624,0.89,1
s33625,1.0,1
s33626,0.7120000000000001,1
s33627,1.0,1
s33628,1.0,1
s33629,1.0,1
s33630,1.0,1
s33631,0.99,1
s33632,0.988,1
s33633,1.0,1
s33634,0.946,1
s33635,0.89,1
s33636,0.904,1
s33637,1.0,1
s33638,0.978,1
s33639,1.0,1
s33640,0.701,1
s33641,0.701,1
s33642,0.998,1
s33643,0.983,1
s33644,1.0,1
s33645,0.6759999999999999,1
s33646,1.0,1
s33647,1.0,1
s33648,1.0,1
s33649,0.898,1
s33650,0.9309999999999999,1
s33651,0.695,1
s33652,0.5589999999999999,1
s33653,0.9129999999999999,1
s33654,0.9059999999999999,1
s33655,0.9129999999999999,1
s33656,0.9129999999999999,1
s33657,0.9059999999999999,1
s33658,0.9129999999999999,1
s33659,0.8959999999999999,1
s33660,0.997,1
s33661,0.7090000000000001,1
s33662,0.867,1
s33663,0.9990000000000001,1
s33664,0.7020000000000001,1
s33665,0.752,1
s33666,1.0,1
s33667,1.0,1
s33668,0.992,1
s33669,1.0,1
s33670,1.0,1
s33671,1.0,1
s33672,0.998,1
s33673,0.6759999999999999,1
s33674,0.987,1
s33675,1.0,1
s33676,0.981,1
s33677,0.7340000000000001,1
s33678,1.0,1
s33679,1.0,1
s33680,0.7909999999999999,1
s33681,0.7909999999999999,1
s33682,1.0,1
s33683,0.698,1
s33684,0.94,1
s33685,1.0,1
s33686,0.9159999999999999,1
s33687,0.919,1
s33688,1.0,1
s33689,1.0,1
s33690,1.0,1
s33691,0.997,1
s33692,1.0,1
s33693,0.648,1
s33694,0.988,1
s33695,1.0,1
s33696,0.645,1
s33697,1.0,1
s33698,0.997,1
s33699,0.693,1
s33700,0.885,1
s33701,0.809,1
s33702,0.648,1
s33703,0.865,1
s33704,0.934,1
s33705,0.609,1
s33706,0.875,1
s33707,0.922,1
s33708,1.0,1
s33709,1.0,1
s33710,0.648,1
s33711,0.648,1
s33712,0.648,1
s33713,1.0,1
s33714,0.648,1
s33715,0.804,1
s33716,0.9790000000000001,1
s33717,0.89,1
s33718,0.9359999999999999,1
s33719,1.0,1
s33720,0.997,1
s33721,0.995,1
s33722,0.995,1
s33723,0.934,1
s33724,0.833,1
s33725,0.772,1
s33726,0.863,1
s33727,1.0,1
s33728,1.0,1
s33729,1.0,1
s33730,0.8440000000000001,1
s33731,0.774,1
s33732,0.845,1
s33733,1.0,1
s33734,1.0,1
s33735,0.9279999999999999,1
s33736,0.835,1
s33737,0.9159999999999999,1
s33738,0.7659999999999999,1
s33739,1.0,1
s33740,1.0,1
s33741,0.977,1
s33742,0.932,1
s33743,0.932,1
s33744,0.9309999999999999,1
s33745,1.0,1
s33746,0.794,1
s33747,0.9890000000000001,1
s33748,0.78,1
s33749,1.0,1
s33750,1.0,1
s33751,0.669,1
s33752,1.0,1
s33753,0.589,1
s33754,0.993,1
s33755,0.698,1
s33756,0.998,1
s33757,1.0,1
s33758,0.998,1
s33759,0.998,1
s33760,1.0,1
s33761,0.998,1
s33762,0.821,1
s33763,0.982,1
s33764,1.0,1
s33765,0.785,1
s33766,0.752,1
s33767,1.0,1
s33768,0.9840000000000001,1
s33769,0.594,1
s33770,0.616,1
s33771,0.88,1
s33772,0.902,1
s33773,0.9940000000000001,1
s33774,0.847,1
s33775,1.0,1
s33776,0.88,1
s33777,0.848,1
s33778,0.973,1
s33779,0.985,1
s33780,0.893,1
s33781,0.9620000000000001,1
s33782,1.0,1
s33783,1.0,1
s33784,0.897,1
s33785,0.807,1
s33786,1.0,1
s33787,1.0,1
s33788,0.8320000000000001,1
s33789,0.9109999999999999,1
s33790,1.0,1
s33791,0.997,1
s33792,0.785,1
s33793,0.9790000000000001,1
s33794,0.7909999999999999,1
s33795,0.9790000000000001,1
s33796,0.79,1
s33797,0.993,1
s33798,0.997,1
s33799,0.983,1
s33800,0.992,1
s33801,0.998,1
s33802,0.935,1
s33803,1.0,1
s33804,0.998,1
s33805,0.9079999999999999,1
s33806,1.0,1
s33807,0.777,1
s33808,0.991,1
s33809,1.0,1
s33810,0.996,1
s33811,0.722,1
s33812,0.715,1
s33813,0.715,1
s33814,0.759,1
s33815,0.715,1
s33816,1.0,1
s33817,0.88,1
s33818,0.792,1
s33819,0.5379999999999999,1
s33820,0.589,1
s33821,0.6759999999999999,1
s33822,0.99,1
s33823,1.0,1
s33824,0.606,1
s33825,0.774,1
s33826,0.895,1
s33827,0.496,1
s33828,0.75,1
s33829,0.628,1
s33830,0.7559999999999999,1
s33831,0.763,1
s33832,0.757,1
s33833,0.96,1
s33834,0.467,1
s33835,1.0,1
s33836,0.996,1
s33837,0.992,1
s33838,1.0,1
s33839,1.0,1
s33840,1.0,1
s33841,0.9059999999999999,1
s33842,0.993,1
s33843,0.773,1
s33844,1.0,1
s33845,0.987,1
s33846,1.0,1
s33847,1.0,1
s33848,0.925,1
s33849,0.721,1
s33850,0.7190000000000001,1
s33851,0.564,1
s33852,0.997,1
s33853,1.0,1
s33854,0.995,1
s33855,0.995,1
s33856,0.995,1
s33857,1.0,1
s33858,0.9570000000000001,1
s33859,0.993,1
s33860,0.993,1
s33861,0.997,1
s33862,0.995,1
s33863,0.759,1
s33864,0.8320000000000001,1
s33865,0.8320000000000001,1
s33866,0.767,1
s33867,0.8270000000000001,1
s33868,0.759,1
s33869,0.9079999999999999,1
s33870,0.998,1
s33871,0.595,1
s33872,1.0,1
s33873,1.0,1
s33874,0.785,1
s33875,0.997,1
s33876,1.0,1
s33877,0.998,1
s33878,0.995,1
s33879,1.0,1
s33880,0.9309999999999999,1
s33881,0.938,1
s33882,0.919,1
s33883,1.0,1
s33884,0.991,1
s33885,1.0,1
s33886,0.998,1
s33887,0.9890000000000001,1
s33888,0.9890000000000001,1
s33889,0.997,1
s33890,1.0,1
s33891,0.763,1
s33892,0.991,1
s33893,0.9840000000000001,1
s33894,1.0,1
s33895,0.858,1
s33896,0.586,1
s33897,1.0,1
s33898,1.0,1
s33899,0.998,1
s33900,0.995,1
s33901,0.65,1
s33902,0.996,1
s33903,0.6629999999999999,1
s33904,0.998,1
s33905,0.98,1
s33906,0.72,1
s33907,0.76,1
s33908,0.987,1
s33909,0.998,1
s33910,0.708,1
s33911,0.795,1
s33912,0.708,1
s33913,1.0,1
s33914,0.752,1
s33915,1.0,1
s33916,1.0,1
s33917,0.987,1
s33918,0.965,1
s33919,0.998,1
s33920,1.0,1
s33921,0.973,1
s33922,1.0,1
s33923,0.9940000000000001,1
s33924,1.0,1
s33925,0.9940000000000001,1
s33926,0.998,1
s33927,1.0,1
s33928,0.982,1
s33929,0.9690000000000001,1
s33930,0.706,1
s33931,0.987,1
s33932,0.9690000000000001,1
s33933,1.0,1
s33934,1.0,1
s33935,0.982,1
s33936,0.9740000000000001,1
s33937,0.991,1
s33938,0.982,1
s33939,0.9690000000000001,1
s33940,0.987,1
s33941,0.9740000000000001,1
s33942,0.982,1
s33943,0.9690000000000001,1
s33944,0.987,1
s33945,0.9740000000000001,1
s33946,0.9570000000000001,1
s33947,0.988,1
s33948,0.998,1
s33949,0.958,1
s33950,0.7929999999999999,1
s33951,0.741,1
s33952,0.982,1
s33953,0.9690000000000001,1
s33954,0.9740000000000001,1
s33955,0.965,1
s33956,0.9740000000000001,1
s33957,0.965,1
s33958,0.996,1
s33959,0.987,1
s33960,0.9690000000000001,1
s33961,0.91,1
s33962,0.917,1
s33963,0.523,1
s33964,1.0,1
s33965,1.0,1
s33966,0.9129999999999999,1
s33967,0.995,1
s33968,0.997,1
s33969,0.8140000000000001,1
s33970,0.813,1
s33971,0.66,1
s33972,0.615,1
s33973,0.9329999999999999,1
s33974,1.0,1
s33975,0.7,1
s33976,0.6709999999999999,1
s33977,0.976,1
s33978,0.977,1
s33979,0.862,1
s33980,0.981,1
s33981,0.745,1
s33982,1.0,1
s33983,0.919,1
s33984,0.852,1
s33985,1.0,1
s33986,0.695,1
s33987,1.0,1
s33988,1.0,1
s33989,0.9940000000000001,1
s33990,1.0,1
s33991,1.0,1
s33992,1.0,1
s33993,1.0,1
s33994,0.6970000000000001,1
s33995,1.0,1
s33996,0.612,1
s33997,0.8059999999999999,1
s33998,0.97,1
s33999,0.662,1
s34000,0.662,1
s34001,0.662,1
s34002,1.0,1
s34003,1.0,1
s34004,1.0,1
s34005,0.75,1
s34006,0.998,1
s34007,1.0,1
s34008,0.679,1
s34009,0.937,1
s34010,0.55,1
s34011,0.619,1
s34012,1.0,1
s34013,0.996,1
s34014,1.0,1
s34015,1.0,1
s34016,0.789,1
s34017,1.0,1
s34018,0.9390000000000001,1
s34019,1.0,1
s34020,1.0,1
s34021,1.0,1
s34022,0.723,1
s34023,0.601,1
s34024,0.7659999999999999,1
s34025,0.841,1
s34026,1.0,1
s34027,1.0,1
s34028,0.883,1
s34029,0.875,1
s34030,0.904,1
s34031,0.976,1
s34032,0.583,1
s34033,1.0,1
s34034,1.0,1
s34035,0.564,1
s34036,0.8059999999999999,1
s34037,0.848,1
s34038,0.795,1
s34039,0.851,1
s34040,0.878,1
s34041,0.772,1
s34042,0.503,1
s34043,0.595,1
s34044,1.0,1
s34045,0.5820000000000001,1
s34046,1.0,1
s34047,0.818,1
s34048,0.9940000000000001,1
s34049,0.9279999999999999,1
s34050,0.768,1
s34051,0.8340000000000001,1
s34052,1.0,1
s34053,0.631,1
s34054,1.0,1
s34055,1.0,1
s34056,0.581,1
s34057,1.0,1
s34058,0.892,1
s34059,0.92,1
s34060,1.0,1
s34061,1.0,1
s34062,0.747,1
s34063,0.8859999999999999,1
s34064,0.863,1
s34065,0.838,1
s34066,0.997,1
s34067,0.8420000000000001,1
s34068,0.8490000000000001,1
s34069,1.0,1
s34070,0.606,1
s34071,0.7759999999999999,1
s34072,0.679,1
s34073,0.995,1
s34074,0.732,1
s34075,0.982,1
s34076,0.978,1
s34077,0.982,1
s34078,1.0,1
s34079,1.0,1
s34080,0.977,1
s34081,0.907,1
s34082,1.0,1
s34083,1.0,1
s34084,0.545,1
s34085,0.794,1
s34086,0.993,1
s34087,0.9940000000000001,1
s34088,1.0,1
s34089,0.995,1
s34090,0.8340000000000001,1
s34091,0.9279999999999999,1
s34092,1.0,1
s34093,0.997,1
s34094,0.945,1
s34095,0.81,1
s34096,0.696,1
s34097,1.0,1
s34098,0.997,1
s34099,0.993,1
s34100,0.706,1
s34101,0.987,1
s34102,0.985,1
s34103,0.996,1
s34104,0.996,1
s34105,1.0,1
s34106,0.983,1
s34107,1.0,1
s34108,1.0,1
s34109,1.0,1
s34110,0.7809999999999999,1
s34111,1.0,1
s34112,0.996,1
s34113,1.0,1
s34114,1.0,1
s34115,1.0,1
s34116,0.993,1
s34117,1.0,1
s34118,0.7959999999999999,1
s34119,0.7959999999999999,1
s34120,0.792,1
s34121,0.6829999999999999,1
s34122,1.0,1
s34123,1.0,1
s34124,1.0,1
s34125,1.0,1
s34126,1.0,1
s34127,0.9470000000000001,1
s34128,0.87,1
s34129,1.0,1
s34130,0.677,1
s34131,0.75,1
s34132,1.0,1
s34133,1.0,1
s34134,0.919,1
s34135,0.998,1
s34136,0.993,1
s34137,1.0,1
s34138,1.0,1
s34139,0.662,1
s34140,0.601,1
s34141,1.0,1
s34142,0.584,1
s34143,0.6409999999999999,1
s34144,0.998,1
s34145,0.992,1
s34146,0.818,1
s34147,0.8440000000000001,1
s34148,0.792,1
s34149,0.9,1
s34150,0.9940000000000001,1
s34151,1.0,1
s34152,0.919,1
s34153,0.9620000000000001,1
s34154,0.73,1
s34155,1.0,1
s34156,0.951,1
s34157,1.0,1
s34158,1.0,1
s34159,1.0,1
s34160,0.929,1
s34161,1.0,1
s34162,1.0,1
s34163,0.973,1
s34164,1.0,1
s34165,0.655,1
s34166,0.997,1
s34167,1.0,1
s34168,1.0,1
s34169,1.0,1
s34170,1.0,1
s34171,0.616,1
s34172,1.0,1
s34173,1.0,1
s34174,0.9179999999999999,1
s34175,1.0,1
s34176,0.76,1
s34177,0.998,1
s34178,0.993,1
s34179,0.97,1
s34180,0.94,1
s34181,0.685,1
s34182,0.9890000000000001,1
s34183,0.757,1
s34184,0.987,1
s34185,0.977,1
s34186,1.0,1
s34187,0.9229999999999999,1
s34188,1.0,1
s34189,1.0,1
s34190,0.877,1
s34191,0.713,1
s34192,0.496,1
s34193,0.7,1
s34194,0.9540000000000001,1
s34195,0.76,1
s34196,1.0,1
s34197,0.9940000000000001,1
s34198,0.985,1
s34199,0.58,1
s34200,0.9940000000000001,1
s34201,1.0,1
s34202,0.7120000000000001,1
s34203,1.0,1
s34204,0.997,1
s34205,1.0,1
s34206,0.997,1
s34207,0.987,1
s34208,0.684,1
s34209,0.8270000000000001,1
s34210,0.825,1
s34211,0.843,1
s34212,0.9279999999999999,1
s34213,0.708,1
s34214,0.872,1
s34215,0.884,1
s34216,0.996,1
s34217,0.9790000000000001,1
s34218,0.871,1
s34219,0.898,1
s34220,1.0,1
s34221,1.0,1
s34222,0.9790000000000001,1
s34223,1.0,1
s34224,0.759,1
s34225,0.8220000000000001,1
s34226,0.8290000000000001,1
s34227,0.8220000000000001,1
s34228,1.0,1
s34229,1.0,1
s34230,1.0,1
s34231,1.0,1
s34232,0.987,1
s34233,0.997,1
s34234,0.9109999999999999,1
s34235,0.9209999999999999,1
s34236,0.912,1
s34237,0.992,1
s34238,1.0,1
s34239,0.784,1
s34240,0.992,1
s34241,0.992,1
s34242,0.992,1
s34243,1.0,1
s34244,0.899,1
s34245,0.795,1
s34246,0.987,1
s34247,0.997,1
s34248,0.997,1
s34249,0.997,1
s34250,1.0,1
s34251,0.997,1
s34252,0.997,1
s34253,0.96,1
s34254,1.0,1
s34255,0.9740000000000001,1
s34256,0.616,1
s34257,1.0,1
s34258,0.917,1
s34259,0.613,1
s34260,0.546,1
s34261,0.9990000000000001,1
s34262,1.0,1
s34263,0.8220000000000001,1
s34264,0.8220000000000001,1
s34265,0.9079999999999999,1
s34266,0.9079999999999999,1
s34267,1.0,1
s34268,0.772,1
s34269,0.995,1
s34270,0.7929999999999999,1
s34271,1.0,1
s34272,0.898,1
s34273,0.932,1
s34274,0.98,1
s34275,0.932,1
s34276,0.995,1
s34277,1.0,1
s34278,0.9890000000000001,1
s34279,0.9890000000000001,1
s34280,1.0,1
s34281,0.636,1
s34282,0.997,1
s34283,0.998,1
s34284,0.919,1
s34285,0.9209999999999999,1
s34286,0.985,1
s34287,0.966,1
s34288,1.0,1
s34289,0.8340000000000001,1
s34290,0.9640000000000001,1
s34291,0.995,1
s34292,0.84,1
s34293,0.9159999999999999,1
s34294,1.0,1
s34295,0.995,1
s34296,0.995,1
s34297,0.991,1
s34298,0.996,1
s34299,0.7170000000000001,1
s34300,0.8370000000000001,1
s34301,1.0,1
s34302,0.9159999999999999,1
s34303,1.0,1
s34304,1.0,1
s34305,0.991,1
s34306,0.996,1
s34307,0.996,1
s34308,0.996,1
s34309,0.996,1
s34310,1.0,1
s34311,0.998,1
s34312,0.997,1
s34313,1.0,1
s34314,0.99,1
s34315,1.0,1
s34316,0.997,1
s34317,1.0,1
s34318,0.9129999999999999,1
s34319,0.9129999999999999,1
s34320,1.0,1
s34321,0.841,1
s34322,0.99,1
s34323,0.995,1
s34324,0.992,1
s34325,1.0,1
s34326,1.0,1
s34327,1.0,1
s34328,1.0,1
s34329,0.996,1
s34330,0.991,1
s34331,0.723,1
s34332,0.8190000000000001,1
s34333,1.0,1
s34334,0.7929999999999999,1
s34335,0.995,1
s34336,0.871,1
s34337,0.995,1
s34338,1.0,1
s34339,1.0,1
s34340,0.955,1
s34341,0.987,1
s34342,1.0,1
s34343,0.7290000000000001,1
s34344,0.977,1
s34345,0.963,1
s34346,0.682,1
s34347,1.0,1
s34348,1.0,1
s34349,0.988,1
s34350,0.642,1
s34351,0.731,1
s34352,0.727,1
s34353,0.578,1
s34354,1.0,1
s34355,0.54,1
s34356,1.0,1
s34357,1.0,1
s34358,0.93,1
s34359,1.0,1
s34360,0.838,1
s34361,0.732,1
s34362,0.789,1
s34363,0.8240000000000001,1
s34364,0.6459999999999999,1
s34365,1.0,1
s34366,0.742,1
s34367,1.0,1
s34368,0.915,1
s34369,1.0,1
s34370,1.0,1
s34371,1.0,1
s34372,1.0,1
s34373,0.903,1
s34374,1.0,1
s34375,0.858,1
s34376,0.7659999999999999,1
s34377,1.0,1
s34378,1.0,1
s34379,1.0,1
s34380,1.0,1
s34381,0.965,1
s34382,0.855,1
s34383,1.0,1
s34384,0.8859999999999999,1
s34385,0.9940000000000001,1
s34386,0.997,1
s34387,0.998,1
s34388,1.0,1
s34389,1.0,1
s34390,1.0,1
s34391,0.9079999999999999,1
s34392,1.0,1
s34393,1.0,1
s34394,1.0,1
s34395,0.794,1
s34396,0.8320000000000001,1
s34397,0.943,1
s34398,0.753,1
s34399,0.753,1
s34400,1.0,1
s34401,0.7979999999999999,1
s34402,0.943,1
s34403,0.9840000000000001,1
s34404,1.0,1
s34405,0.997,1
s34406,1.0,1
s34407,0.997,1
s34408,0.9670000000000001,1
s34409,0.919,1
s34410,1.0,1
s34411,0.7979999999999999,1
s34412,0.98,1
s34413,0.922,1
s34414,0.8240000000000001,1
s34415,0.62,1
s34416,0.992,1
s34417,0.9740000000000001,1
s34418,0.627,1
s34419,0.696,1
s34420,0.9890000000000001,1
s34421,0.983,1
s34422,0.9490000000000001,1
s34423,1.0,1
s34424,1.0,1
s34425,0.565,1
s34426,0.802,1
s34427,0.602,1
s34428,0.996,1
s34429,0.887,1
s34430,0.588,1
s34431,0.768,1
s34432,0.9690000000000001,1
s34433,1.0,1
s34434,0.938,1
s34435,0.997,1
s34436,0.857,1
s34437,1.0,1
s34438,0.972,1
s34439,0.8740000000000001,1
s34440,0.997,1
s34441,1.0,1
s34442,0.993,1
s34443,0.997,1
s34444,0.8059999999999999,1
s34445,0.746,1
s34446,1.0,1
s34447,1.0,1
s34448,1.0,1
s34449,1.0,1
s34450,0.83,1
s34451,0.997,1
s34452,0.598,1
s34453,0.741,1
s34454,0.958,1
s34455,0.636,1
s34456,0.9890000000000001,1
s34457,0.75,1
s34458,0.996,1
s34459,1.0,1
s34460,0.992,1
s34461,0.995,1
s34462,0.919,1
s34463,1.0,1
s34464,0.9940000000000001,1
s34465,0.903,1
s34466,1.0,1
s34467,0.998,1
s34468,0.996,1
s34469,0.9940000000000001,1
s34470,1.0,1
s34471,0.6409999999999999,1
s34472,1.0,1
s34473,0.78,1
s34474,0.601,1
s34475,0.7759999999999999,1
s34476,0.599,1
s34477,0.642,1
s34478,0.9940000000000001,1
s34479,0.988,1
s34480,0.9890000000000001,1
s34481,0.9940000000000001,1
s34482,1.0,1
s34483,1.0,1
s34484,0.9209999999999999,1
s34485,1.0,1
s34486,1.0,1
s34487,0.9490000000000001,1
s34488,0.995,1
s34489,1.0,1
s34490,0.9440000000000001,1
s34491,0.775,1
s34492,0.9990000000000001,1
s34493,0.919,1
s34494,0.88,1
s34495,1.0,1
s34496,1.0,1
s34497,0.9790000000000001,1
s34498,1.0,1
s34499,0.997,1
s34500,0.981,1
s34501,0.833,1
s34502,0.733,1
s34503,0.809,1
s34504,0.555,1
s34505,0.882,1
s34506,0.975,1
s34507,0.584,1
s34508,0.963,1
s34509,1.0,1
s34510,0.9129999999999999,1
s34511,0.736,1
s34512,0.9740000000000001,1
s34513,0.9690000000000001,1
s34514,0.997,1
s34515,1.0,1
s34516,1.0,1
s34517,0.993,1
s34518,0.9790000000000001,1
s34519,0.9790000000000001,1
s34520,0.9790000000000001,1
s34521,0.9329999999999999,1
s34522,0.858,1
s34523,0.992,1
s34524,0.61,1
s34525,1.0,1
s34526,0.998,1
s34527,0.825,1
s34528,0.857,1
s34529,0.8640000000000001,1
s34530,1.0,1
s34531,0.785,1
s34532,0.614,1
s34533,1.0,1
s34534,1.0,1
s34535,0.97,1
s34536,1.0,1
s34537,1.0,1
s34538,1.0,1
s34539,0.561,1
s34540,0.561,1
s34541,0.584,1
s34542,0.9620000000000001,1
s34543,0.872,1
s34544,0.885,1
s34545,0.848,1
s34546,0.716,1
s34547,1.0,1
s34548,1.0,1
s34549,0.7659999999999999,1
s34550,1.0,1
s34551,0.99,1
s34552,0.7659999999999999,1
s34553,0.8340000000000001,1
s34554,0.8740000000000001,1
s34555,0.898,1
s34556,1.0,1
s34557,0.955,1
s34558,0.7659999999999999,1
s34559,0.995,1
s34560,0.995,1
s34561,0.763,1
s34562,0.993,1
s34563,0.7859999999999999,1
s34564,0.8059999999999999,1
s34565,1.0,1
s34566,0.997,1
s34567,0.9159999999999999,1
s34568,0.735,1
s34569,0.855,1
s34570,0.998,1
s34571,1.0,1
s34572,1.0,1
s34573,0.584,1
s34574,0.76,1
s34575,0.754,1
s34576,0.898,1
s34577,0.474,1
s34578,1.0,1
s34579,0.85,1
s34580,0.873,1
s34581,0.674,1
s34582,0.78,1
s34583,1.0,1
s34584,1.0,1
s34585,0.638,1
s34586,1.0,1
s34587,0.996,1
s34588,1.0,1
s34589,0.85,1
s34590,1.0,1
s34591,0.993,1
s34592,0.993,1
s34593,0.938,1
s34594,0.993,1
s34595,0.977,1
s34596,1.0,1
s34597,0.997,1
s34598,0.8740000000000001,1
s34599,0.77,1
s34600,1.0,1
s34601,1.0,1
s34602,1.0,1
s34603,0.996,1
s34604,1.0,1
s34605,1.0,1
s34606,0.995,1
s34607,0.645,1
s34608,0.986,1
s34609,1.0,1
s34610,1.0,1
s34611,1.0,1
s34612,0.836,1
s34613,1.0,1
s34614,1.0,1
s34615,0.993,1
s34616,0.993,1
s34617,0.99,1
s34618,0.9840000000000001,1
s34619,0.987,1
s34620,0.993,1
s34621,0.917,1
s34622,1.0,1
s34623,0.873,1
s34624,0.789,1
s34625,0.843,1
s34626,0.784,1
s34627,0.977,1
s34628,0.6859999999999999,1
s34629,0.991,1
s34630,0.593,1
s34631,0.6859999999999999,1
s34632,0.9620000000000001,1
s34633,1.0,1
s34634,1.0,1
s34635,1.0,1
s34636,0.992,1
s34637,1.0,1
s34638,0.981,1
s34639,1.0,1
s34640,0.871,1
s34641,1.0,1
s34642,0.841,1
s34643,1.0,1
s34644,1.0,1
s34645,1.0,1
s34646,1.0,1
s34647,0.998,1
s34648,0.998,1
s34649,0.998,1
s34650,0.821,1
s34651,0.792,1
s34652,0.843,1
s34653,1.0,1
s34654,0.85,1
s34655,0.92,1
s34656,0.915,1
s34657,0.9940000000000001,1
s34658,0.871,1
s34659,0.738,1
s34660,0.893,1
s34661,0.922,1
s34662,1.0,1
s34663,0.6940000000000001,1
s34664,0.995,1
s34665,0.995,1
s34666,1.0,1
s34667,1.0,1
s34668,1.0,1
s34669,0.8079999999999999,1
s34670,1.0,1
s34671,0.996,1
s34672,1.0,1
s34673,0.616,1
s34674,1.0,1
s34675,1.0,1
s34676,1.0,1
s34677,1.0,1
s34678,1.0,1
s34679,1.0,1
s34680,1.0,1
s34681,1.0,1
s34682,0.997,1
s34683,0.8079999999999999,1
s34684,1.0,1
s34685,1.0,1
s34686,0.82,1
s34687,0.992,1
s34688,1.0,1
s34689,0.617,1
s34690,0.996,1
s34691,0.58,1
s34692,0.9940000000000001,1
s34693,0.99,1
s34694,0.99,1
s34695,0.633,1
s34696,0.635,1
s34697,0.633,1
s34698,0.9840000000000001,1
s34699,1.0,1
s34700,0.9229999999999999,1
s34701,0.914,1
s34702,0.84,1
s34703,1.0,1
s34704,1.0,1
s34705,1.0,1
s34706,0.8,1
s34707,0.562,1
s34708,0.987,1
s34709,0.919,1
s34710,0.919,1
s34711,0.98,1
s34712,1.0,1
s34713,1.0,1
s34714,0.82,1
s34715,0.879,1
s34716,1.0,1
s34717,0.865,1
s34718,0.677,1
s34719,0.877,1
s34720,0.541,1
s34721,0.7979999999999999,1
s34722,1.0,1
s34723,1.0,1
s34724,1.0,1
s34725,1.0,1
s34726,1.0,1
s34727,1.0,1
s34728,0.8190000000000001,1
s34729,1.0,1
s34730,1.0,1
s34731,0.985,1
s34732,0.917,1
s34733,0.996,1
s34734,0.997,1
s34735,0.998,1
s34736,0.998,1
s34737,0.996,1
s34738,1.0,1
s34739,0.9890000000000001,1
s34740,1.0,1
s34741,0.9790000000000001,1
s34742,0.991,1
s34743,0.991,1
s34744,0.59,1
s34745,0.997,1
s34746,0.997,1
s34747,0.997,1
s34748,0.992,1
s34749,1.0,1
s34750,0.995,1
s34751,1.0,1
s34752,0.996,1
s34753,1.0,1
s34754,0.636,1
s34755,0.99,1
s34756,0.715,1
s34757,1.0,1
s34758,0.606,1
s34759,1.0,1
s34760,1.0,1
s34761,0.542,1
s34762,0.551,1
s34763,0.991,1
s34764,1.0,1
s34765,0.997,1
s34766,0.7020000000000001,1
s34767,0.998,1
s34768,0.708,1
s34769,0.94,1
s34770,0.988,1
s34771,0.705,1
s34772,1.0,1
s34773,1.0,1
s34774,1.0,1
s34775,1.0,1
s34776,1.0,1
s34777,0.915,1
s34778,0.885,1
s34779,1.0,1
s34780,0.759,1
s34781,0.9520000000000001,1
s34782,1.0,1
s34783,1.0,1
s34784,0.985,1
s34785,0.998,1
s34786,0.998,1
s34787,0.996,1
s34788,0.998,1
s34789,0.997,1
s34790,1.0,1
s34791,0.9940000000000001,1
s34792,0.684,1
s34793,0.955,1
s34794,0.7,1
s34795,1.0,1
s34796,1.0,1
s34797,1.0,1
s34798,1.0,1
s34799,0.991,1
s34800,0.841,1
s34801,0.836,1
s34802,0.664,1
s34803,0.9890000000000001,1
s34804,0.997,1
s34805,0.997,1
s34806,0.977,1
s34807,1.0,1
s34808,0.82,1
s34809,0.9940000000000001,1
s34810,0.9940000000000001,1
s34811,0.991,1
s34812,0.7709999999999999,1
s34813,0.621,1
s34814,0.992,1
s34815,0.677,1
s34816,0.677,1
s34817,0.858,1
s34818,0.852,1
s34819,0.9109999999999999,1
s34820,0.996,1
s34821,0.9359999999999999,1
s34822,0.8420000000000001,1
s34823,0.9279999999999999,1
s34824,0.995,1
s34825,0.995,1
s34826,0.879,1
s34827,0.7240000000000001,1
s34828,0.961,1
s34829,1.0,1
s34830,1.0,1
s34831,0.9940000000000001,1
s34832,1.0,1
s34833,0.9940000000000001,1
s34834,1.0,1
s34835,1.0,1
s34836,0.812,1
s34837,0.998,1
s34838,0.992,1
s34839,0.992,1
s34840,0.992,1
s34841,1.0,1
s34842,0.619,1
s34843,0.7609999999999999,1
s34844,1.0,1
s34845,0.9590000000000001,1
s34846,0.998,1
s34847,1.0,1
s34848,1.0,1
s34849,1.0,1
s34850,1.0,1
s34851,1.0,1
s34852,1.0,1
s34853,0.981,1
s34854,1.0,1
s34855,0.983,1
s34856,0.9940000000000001,1
s34857,0.9940000000000001,1
s34858,1.0,1
s34859,1.0,1
s34860,0.993,1
s34861,0.568,1
s34862,1.0,1
s34863,1.0,1
s34864,0.794,1
s34865,0.848,1
s34866,0.769,1
s34867,0.752,1
s34868,0.6729999999999999,1
s34869,0.9079999999999999,1
s34870,0.8320000000000001,1
s34871,0.568,1
s34872,0.836,1
s34873,1.0,1
s34874,0.715,1
s34875,1.0,1
s34876,0.715,1
s34877,0.715,1
s34878,0.986,1
s34879,0.983,1
s34880,1.0,1
s34881,0.965,1
s34882,0.9940000000000001,1
s34883,0.9620000000000001,1
s34884,1.0,1
s34885,1.0,1
s34886,0.996,1
s34887,0.996,1
s34888,1.0,1
s34889,1.0,1
s34890,1.0,1
s34891,1.0,1
s34892,0.665,1
s34893,0.521,1
s34894,1.0,1
s34895,0.997,1
s34896,0.997,1
s34897,0.995,1
s34898,0.997,1
s34899,0.997,1
s34900,0.99,1
s34901,0.988,1
s34902,0.992,1
s34903,1.0,1
s34904,1.0,1
s34905,0.7240000000000001,1
s34906,0.9229999999999999,1
s34907,1.0,1
s34908,1.0,1
s34909,0.915,1
s34910,0.9890000000000001,1
s34911,0.77,1
s34912,0.77,1
s34913,0.992,1
s34914,0.935,1
s34915,0.927,1
s34916,0.718,1
s34917,0.6559999999999999,1
s34918,1.0,1
s34919,1.0,1
s34920,1.0,1
s34921,0.9309999999999999,1
s34922,0.981,1
s34923,0.981,1
s34924,0.981,1
s34925,0.992,1
s34926,0.77,1
s34927,1.0,1
s34928,0.998,1
s34929,0.997,1
s34930,0.7140000000000001,1
s34931,0.805,1
s34932,0.802,1
s34933,0.993,1
s34934,1.0,1
s34935,1.0,1
s34936,1.0,1
s34937,0.7879999999999999,1
s34938,0.9109999999999999,1
s34939,1.0,1
s34940,0.996,1
s34941,0.765,1
s34942,0.768,1
s34943,0.991,1
s34944,1.0,1
s34945,1.0,1
s34946,0.941,1
s34947,0.631,1
s34948,0.9990000000000001,1
s34949,0.767,1
s34950,1.0,1
s34951,1.0,1
s34952,1.0,1
s34953,0.997,1
s34954,0.996,1
s34955,0.935,1
s34956,0.96,1
s34957,0.9520000000000001,1
s34958,1.0,1
s34959,1.0,1
s34960,0.721,1
s34961,1.0,1
s34962,1.0,1
s34963,1.0,1
s34964,0.996,1
s34965,0.823,1
s34966,0.91,1
s34967,1.0,1
s34968,1.0,1
s34969,1.0,1
s34970,0.993,1
s34971,0.988,1
s34972,1.0,1
s34973,0.863,1
s34974,0.8859999999999999,1
s34975,0.992,1
s34976,0.852,1
s34977,0.992,1
s34978,1.0,1
s34979,0.875,1
s34980,0.892,1
s34981,0.8859999999999999,1
s34982,0.94,1
s34983,0.981,1
s34984,0.721,1
s34985,1.0,1
s34986,0.6809999999999999,1
s34987,0.679,1
s34988,0.9940000000000001,1
s34989,0.8009999999999999,1
s34990,0.987,1
s34991,0.987,1
s34992,0.772,1
s34993,0.7859999999999999,1
s34994,0.996,1
s34995,1.0,1
s34996,0.9109999999999999,1
s34997,0.9109999999999999,1
s34998,0.9109999999999999,1
s34999,0.995,1
s35000,0.995,1
s35001,1.0,1
s35002,0.779,1
s35003,0.575,1
s35004,0.7490000000000001,1
s35005,1.0,1
s35006,0.753,1
s35007,0.9620000000000001,1
s35008,0.9940000000000001,1
s35009,0.6809999999999999,1
s35010,1.0,1
s35011,1.0,1
s35012,1.0,1
s35013,1.0,1
s35014,0.982,1
s35015,1.0,1
s35016,0.998,1
s35017,1.0,1
s35018,0.981,1
s35019,1.0,1
s35020,1.0,1
s35021,1.0,1
s35022,0.995,1
s35023,1.0,1
s35024,1.0,1
s35025,1.0,1
s35026,1.0,1
s35027,1.0,1
s35028,1.0,1
s35029,1.0,1
s35030,1.0,1
s35031,1.0,1
s35032,1.0,1
s35033,1.0,1
s35034,1.0,1
s35035,1.0,1
s35036,0.981,1
s35037,0.9159999999999999,1
s35038,0.825,1
s35039,0.9640000000000001,1
s35040,0.9740000000000001,1
s35041,0.91,1
s35042,1.0,1
s35043,0.866,1
s35044,1.0,1
s35045,0.542,1
s35046,0.539,1
s35047,1.0,1
s35048,0.992,1
s35049,0.7909999999999999,1
s35050,0.7,1
s35051,1.0,1
s35052,0.789,1
s35053,0.863,1
s35054,0.898,1
s35055,0.8809999999999999,1
s35056,1.0,1
s35057,0.993,1
s35058,0.679,1
s35059,0.654,1
s35060,0.631,1
s35061,1.0,1
s35062,0.995,1
s35063,1.0,1
s35064,0.6629999999999999,1
s35065,0.726,1
s35066,1.0,1
s35067,0.642,1
s35068,0.995,1
s35069,0.991,1
s35070,1.0,1
s35071,0.557,1
s35072,1.0,1
s35073,0.997,1
s35074,1.0,1
s35075,1.0,1
s35076,1.0,1
s35077,0.9179999999999999,1
s35078,1.0,1
s35079,0.598,1
s35080,0.5670000000000001,1
s35081,0.57,1
s35082,1.0,1
s35083,1.0,1
s35084,1.0,1
s35085,0.9990000000000001,1
s35086,0.953,1
s35087,1.0,1
s35088,1.0,1
s35089,0.5710000000000001,1
s35090,1.0,1
s35091,0.9670000000000001,1
s35092,0.961,1
s35093,0.531,1
s35094,0.654,1
s35095,1.0,1
s35096,0.998,1
s35097,0.997,1
s35098,0.998,1
s35099,0.998,1
s35100,1.0,1
s35101,0.997,1
s35102,1.0,1
s35103,0.561,1
s35104,0.563,1
s35105,0.561,1
s35106,0.669,1
s35107,0.995,1
s35108,1.0,1
s35109,0.846,1
s35110,0.841,1
s35111,0.995,1
s35112,0.993,1
s35113,0.601,1
s35114,0.601,1
s35115,0.601,1
s35116,0.963,1
s35117,0.9940000000000001,1
s35118,0.9890000000000001,1
s35119,0.995,1
s35120,1.0,1
s35121,0.675,1
s35122,1.0,1
s35123,1.0,1
s35124,0.991,1
s35125,0.9620000000000001,1
s35126,0.9940000000000001,1
s35127,1.0,1
s35128,1.0,1
s35129,0.978,1
s35130,0.978,1
s35131,0.898,1
s35132,1.0,1
s35133,1.0,1
s35134,0.977,1
s35135,0.998,1
s35136,0.8909999999999999,1
s35137,1.0,1
s35138,1.0,1
s35139,0.813,1
s35140,0.706,1
s35141,0.705,1
s35142,0.705,1
s35143,0.706,1
s35144,0.705,1
s35145,0.706,1
s35146,0.705,1
s35147,0.705,1
s35148,0.843,1
s35149,1.0,1
s35150,1.0,1
s35151,0.737,1
s35152,1.0,1
s35153,1.0,1
s35154,0.997,1
s35155,1.0,1
s35156,0.898,1
s35157,0.99,1
s35158,1.0,1
s35159,1.0,1
s35160,1.0,1
s35161,1.0,1
s35162,0.6609999999999999,1
s35163,0.654,1
s35164,0.915,1
s35165,0.831,1
s35166,0.728,1
s35167,0.7240000000000001,1
s35168,0.72,1
s35169,0.72,1
s35170,1.0,1
s35171,0.831,1
s35172,0.9009999999999999,1
s35173,0.867,1
s35174,0.7659999999999999,1
s35175,0.915,1
s35176,0.831,1
s35177,0.728,1
s35178,0.789,1
s35179,1.0,1
s35180,0.995,1
s35181,1.0,1
s35182,0.7120000000000001,1
s35183,0.584,1
s35184,1.0,1
s35185,0.628,1
s35186,1.0,1
s35187,1.0,1
s35188,0.9620000000000001,1
s35189,0.997,1
s35190,0.833,1
s35191,0.9359999999999999,1
s35192,0.615,1
s35193,1.0,1
s35194,0.997,1
s35195,0.873,1
s35196,1.0,1
s35197,0.9940000000000001,1
s35198,0.619,1
s35199,1.0,1
s35200,1.0,1
s35201,0.8340000000000001,1
s35202,0.664,1
s35203,0.9329999999999999,1
s35204,0.991,1
s35205,0.784,1
s35206,0.784,1
s35207,0.784,1
s35208,0.917,1
s35209,1.0,1
s35210,1.0,1
s35211,1.0,1
s35212,1.0,1
s35213,0.9990000000000001,1
s35214,0.9990000000000001,1
s35215,0.975,1
s35216,1.0,1
s35217,1.0,1
s35218,0.992,1
s35219,1.0,1
s35220,0.597,1
s35221,0.594,1
s35222,1.0,1
s35223,1.0,1
s35224,0.846,1
s35225,1.0,1
s35226,1.0,1
s35227,0.99,1
s35228,1.0,1
s35229,0.609,1
s35230,0.9620000000000001,1
s35231,0.978,1
s35232,0.992,1
s35233,0.983,1
s35234,0.725,1
s35235,0.996,1
s35236,0.9840000000000001,1
s35237,0.797,1
s35238,1.0,1
s35239,1.0,1
s35240,0.8540000000000001,1
s35241,1.0,1
s35242,0.638,1
s35243,0.636,1
s35244,0.636,1
s35245,0.9059999999999999,1
s35246,0.965,1
s35247,1.0,1
s35248,0.997,1
s35249,0.975,1
s35250,0.975,1
s35251,0.9640000000000001,1
s35252,0.9570000000000001,1
s35253,0.968,1
s35254,0.968,1
s35255,0.972,1
s35256,0.975,1
s35257,0.968,1
s35258,0.975,1
s35259,0.993,1
s35260,0.992,1
s35261,0.997,1
s35262,1.0,1
s35263,0.86,1
s35264,0.867,1
s35265,0.76,1
s35266,0.782,1
s35267,0.86,1
s35268,0.7759999999999999,1
s35269,0.862,1
s35270,0.993,1
s35271,0.763,1
s35272,0.685,1
s35273,0.6970000000000001,1
s35274,0.685,1
s35275,1.0,1
s35276,1.0,1
s35277,0.997,1
s35278,0.997,1
s35279,1.0,1
s35280,0.997,1
s35281,0.725,1
s35282,0.669,1
s35283,0.67,1
s35284,1.0,1
s35285,0.977,1
s35286,0.7040000000000001,1
s35287,1.0,1
s35288,0.996,1
s35289,0.946,1
s35290,1.0,1
s35291,0.991,1
s35292,0.991,1
s35293,0.991,1
s35294,0.991,1
s35295,0.991,1
s35296,0.8059999999999999,1
s35297,0.9940000000000001,1
s35298,0.887,1
s35299,1.0,1
s35300,0.705,1
s35301,1.0,1
s35302,1.0,1
s35303,0.652,1
s35304,1.0,1
s35305,0.758,1
s35306,0.589,1
s35307,1.0,1
s35308,0.985,1
s35309,0.81,1
s35310,0.992,1
s35311,0.995,1
s35312,0.732,1
s35313,0.733,1
s35314,0.731,1
s35315,1.0,1
s35316,0.988,1
s35317,0.99,1
s35318,0.794,1
s35319,0.907,1
s35320,1.0,1
s35321,0.993,1
s35322,1.0,1
s35323,0.8340000000000001,1
s35324,1.0,1
s35325,0.9620000000000001,1
s35326,0.621,1
s35327,1.0,1
s35328,0.929,1
s35329,1.0,1
s35330,0.91,1
s35331,0.9890000000000001,1
s35332,0.6920000000000001,1
s35333,0.9940000000000001,1
s35334,0.647,1
s35335,0.5870000000000001,1
s35336,0.8370000000000001,1
s35337,0.99,1
s35338,0.8370000000000001,1
s35339,0.996,1
s35340,0.996,1
s35341,1.0,1
s35342,0.7190000000000001,1
s35343,0.92,1
s35344,0.991,1
s35345,1.0,1
s35346,0.995,1
s35347,1.0,1
s35348,0.851,1
s35349,0.98,1
s35350,0.98,1
s35351,1.0,1
s35352,1.0,1
s35353,1.0,1
s35354,0.705,1
s35355,0.9940000000000001,1
s35356,0.631,1
s35357,0.6659999999999999,1
s35358,0.802,1
s35359,0.7040000000000001,1
s35360,0.71,1
s35361,0.89,1
s35362,0.8859999999999999,1
s35363,1.0,1
s35364,0.672,1
s35365,0.737,1
s35366,1.0,1
s35367,0.804,1
s35368,1.0,1
s35369,0.996,1
s35370,0.996,1
s35371,0.986,1
s35372,0.95,1
s35373,0.995,1
s35374,0.9940000000000001,1
s35375,0.6629999999999999,1
s35376,0.9790000000000001,1
s35377,0.8,1
s35378,0.797,1
s35379,0.8270000000000001,1
s35380,0.9940000000000001,1
s35381,0.7829999999999999,1
s35382,0.664,1
s35383,0.988,1
s35384,1.0,1
s35385,0.757,1
s35386,1.0,1
s35387,0.91,1
s35388,0.759,1
s35389,0.757,1
s35390,0.996,1
s35391,0.996,1
s35392,0.975,1
s35393,0.757,1
s35394,0.983,1
s35395,0.991,1
s35396,1.0,1
s35397,1.0,1
s35398,1.0,1
s35399,1.0,1
s35400,0.993,1
s35401,1.0,1
s35402,0.623,1
s35403,1.0,1
s35404,0.5379999999999999,1
s35405,1.0,1
s35406,1.0,1
s35407,1.0,1
s35408,0.991,1
s35409,1.0,1
s35410,0.674,1
s35411,1.0,1
s35412,0.67,1
s35413,0.674,1
s35414,1.0,1
s35415,1.0,1
s35416,0.987,1
s35417,1.0,1
s35418,1.0,1
s35419,1.0,1
s35420,0.966,1
s35421,0.991,1
s35422,1.0,1
s35423,0.981,1
s35424,0.996,1
s35425,0.996,1
s35426,1.0,1
s35427,0.9670000000000001,1
s35428,1.0,1
s35429,0.997,1
s35430,1.0,1
s35431,0.995,1
s35432,1.0,1
s35433,0.6459999999999999,1
s35434,1.0,1
s35435,1.0,1
s35436,0.995,1
s35437,1.0,1
s35438,1.0,1
s35439,0.997,1
s35440,0.997,1
s35441,0.6829999999999999,1
s35442,0.991,1
s35443,0.992,1
s35444,0.992,1
s35445,0.992,1
s35446,0.991,1
s35447,0.997,1
s35448,0.991,1
s35449,0.618,1
s35450,0.991,1
s35451,0.828,1
s35452,1.0,1
s35453,1.0,1
s35454,0.991,1
s35455,0.973,1
s35456,0.9129999999999999,1
s35457,0.92,1
s35458,0.986,1
s35459,0.991,1
s35460,0.991,1
s35461,1.0,1
s35462,1.0,1
s35463,1.0,1
s35464,0.965,1
s35465,0.9129999999999999,1
s35466,1.0,1
s35467,0.693,1
s35468,0.6920000000000001,1
s35469,1.0,1
s35470,0.985,1
s35471,0.98,1
s35472,0.825,1
s35473,0.996,1
s35474,1.0,1
s35475,1.0,1
s35476,0.9940000000000001,1
s35477,0.992,1
s35478,0.9890000000000001,1
s35479,0.988,1
s35480,0.985,1
s35481,0.983,1
s35482,0.995,1
s35483,0.993,1
s35484,0.997,1
s35485,0.9109999999999999,1
s35486,0.9990000000000001,1
s35487,0.991,1
s35488,0.733,1
s35489,0.988,1
s35490,0.667,1
s35491,1.0,1
s35492,1.0,1
s35493,1.0,1
s35494,1.0,1
s35495,0.976,1
s35496,0.693,1
s35497,1.0,1
s35498,0.738,1
s35499,1.0,1
s35500,1.0,1
s35501,1.0,1
s35502,0.9840000000000001,1
s35503,0.757,1
s35504,0.757,1
s35505,0.754,1
s35506,1.0,1
s35507,0.927,1
s35508,0.978,1
s35509,1.0,1
s35510,1.0,1
s35511,0.505,1
s35512,1.0,1
s35513,0.9,1
s35514,1.0,1
s35515,1.0,1
s35516,0.997,1
s35517,0.924,1
s35518,0.89,1
s35519,0.701,1
s35520,0.8370000000000001,1
s35521,1.0,1
s35522,1.0,1
s35523,1.0,1
s35524,1.0,1
s35525,0.584,1
s35526,0.987,1
s35527,0.987,1
s35528,0.985,1
s35529,0.9890000000000001,1
s35530,0.996,1
s35531,1.0,1
s35532,0.615,1
s35533,1.0,1
s35534,1.0,1
s35535,1.0,1
s35536,0.69,1
s35537,0.997,1
s35538,0.995,1
s35539,0.903,1
s35540,0.846,1
s35541,1.0,1
s35542,0.77,1
s35543,0.993,1
s35544,0.995,1
s35545,0.68,1
s35546,0.7040000000000001,1
s35547,0.987,1
s35548,0.917,1
s35549,0.917,1
s35550,0.753,1
s35551,0.971,1
s35552,0.617,1
s35553,1.0,1
s35554,1.0,1
s35555,0.987,1
s35556,0.784,1
s35557,1.0,1
s35558,0.765,1
s35559,0.9670000000000001,1
s35560,0.812,1
s35561,0.992,1
s35562,0.9129999999999999,1
s35563,0.9670000000000001,1
s35564,1.0,1
s35565,0.978,1
s35566,1.0,1
s35567,1.0,1
s35568,0.903,1
s35569,0.903,1
s35570,0.6559999999999999,1
s35571,0.654,1
s35572,0.654,1
s35573,1.0,1
s35574,0.754,1
s35575,0.764,1
s35576,1.0,1
s35577,0.996,1
s35578,0.871,1
s35579,0.991,1
s35580,0.991,1
s35581,0.991,1
s35582,0.991,1
s35583,0.489,1
s35584,0.902,1
s35585,1.0,1
s35586,1.0,1
s35587,0.99,1
s35588,1.0,1
s35589,0.662,1
s35590,0.998,1
s35591,1.0,1
s35592,1.0,1
s35593,0.99,1
s35594,0.997,1
s35595,1.0,1
s35596,0.865,1
s35597,0.634,1
s35598,0.93,1
s35599,1.0,1
s35600,1.0,1
s35601,1.0,1
s35602,0.998,1
s35603,1.0,1
s35604,1.0,1
s35605,0.998,1
s35606,0.998,1
s35607,0.996,1
s35608,1.0,1
s35609,1.0,1
s35610,0.992,1
s35611,0.743,1
s35612,0.884,1
s35613,0.972,1
s35614,0.8809999999999999,1
s35615,0.966,1
s35616,0.953,1
s35617,0.6859999999999999,1
s35618,0.904,1
s35619,0.986,1
s35620,0.919,1
s35621,0.8029999999999999,1
s35622,0.986,1
s35623,1.0,1
s35624,0.9129999999999999,1
s35625,0.7709999999999999,1
s35626,1.0,1
s35627,0.996,1
s35628,0.6970000000000001,1
s35629,0.995,1
s35630,0.9940000000000001,1
s35631,1.0,1
s35632,1.0,1
s35633,0.993,1
s35634,1.0,1
s35635,0.585,1
s35636,0.997,1
s35637,1.0,1
s35638,0.9490000000000001,1
s35639,1.0,1
s35640,1.0,1
s35641,1.0,1
s35642,0.924,1
s35643,0.59,1
s35644,0.737,1
s35645,1.0,1
s35646,0.992,1
s35647,0.996,1
s35648,0.764,1
s35649,0.755,1
s35650,0.997,1
s35651,0.777,1
s35652,0.983,1
s35653,1.0,1
s35654,0.5760000000000001,1
s35655,0.5760000000000001,1
s35656,0.5760000000000001,1
s35657,0.997,1
s35658,0.992,1
s35659,0.9840000000000001,1
s35660,1.0,1
s35661,1.0,1
s35662,1.0,1
s35663,0.9520000000000001,1
s35664,0.856,1
s35665,1.0,1
s35666,0.973,1
s35667,0.816,1
s35668,0.935,1
s35669,0.995,1
s35670,0.94,1
s35671,0.935,1
s35672,0.9470000000000001,1
s35673,0.7170000000000001,1
s35674,1.0,1
s35675,1.0,1
s35676,0.695,1
s35677,0.991,1
s35678,0.982,1
s35679,0.9890000000000001,1
s35680,1.0,1
s35681,0.996,1
s35682,0.993,1
s35683,0.983,1
s35684,1.0,1
s35685,0.531,1
s35686,0.516,1
s35687,0.8170000000000001,1
s35688,0.773,1
s35689,0.9940000000000001,1
s35690,1.0,1
s35691,0.9890000000000001,1
s35692,0.92,1
s35693,0.856,1
s35694,1.0,1
s35695,0.544,1
s35696,0.711,1
s35697,0.711,1
s35698,0.9840000000000001,1
s35699,1.0,1
s35700,0.9840000000000001,1
s35701,0.924,1
s35702,0.9670000000000001,1
s35703,0.9670000000000001,1
s35704,1.0,1
s35705,0.996,1
s35706,0.993,1
s35707,0.997,1
s35708,0.98,1
s35709,0.9670000000000001,1
s35710,1.0,1
s35711,0.993,1
s35712,0.993,1
s35713,0.993,1
s35714,0.688,1
s35715,0.622,1
s35716,0.833,1
s35717,0.6759999999999999,1
s35718,0.9179999999999999,1
s35719,0.9129999999999999,1
s35720,0.8859999999999999,1
s35721,0.934,1
s35722,0.8859999999999999,1
s35723,0.882,1
s35724,0.898,1
s35725,0.91,1
s35726,0.92,1
s35727,0.91,1
s35728,0.902,1
s35729,0.818,1
s35730,1.0,1
s35731,1.0,1
s35732,0.997,1
s35733,0.6829999999999999,1
s35734,1.0,1
s35735,1.0,1
s35736,1.0,1
s35737,0.55,1
s35738,1.0,1
s35739,0.524,1
s35740,1.0,1
s35741,0.649,1
s35742,0.987,1
s35743,0.754,1
s35744,0.621,1
s35745,0.997,1
s35746,0.716,1
s35747,0.998,1
s35748,1.0,1
s35749,0.996,1
s35750,0.992,1
s35751,0.996,1
s35752,0.696,1
s35753,0.997,1
s35754,1.0,1
s35755,0.9940000000000001,1
s35756,0.9940000000000001,1
s35757,0.978,1
s35758,0.991,1
s35759,0.991,1
s35760,0.67,1
s35761,0.982,1
s35762,0.98,1
s35763,0.956,1
s35764,0.6920000000000001,1
s35765,0.992,1
s35766,0.69,1
s35767,0.6920000000000001,1
s35768,0.6779999999999999,1
s35769,0.841,1
s35770,0.904,1
s35771,1.0,1
s35772,0.6779999999999999,1
s35773,0.993,1
s35774,0.772,1
s35775,0.914,1
s35776,0.998,1
s35777,0.998,1
s35778,1.0,1
s35779,1.0,1
s35780,1.0,1
s35781,0.998,1
s35782,0.745,1
s35783,0.998,1
s35784,0.919,1
s35785,0.919,1
s35786,1.0,1
s35787,0.867,1
s35788,0.764,1
s35789,0.9640000000000001,1
s35790,0.96,1
s35791,0.96,1
s35792,0.815,1
s35793,0.988,1
s35794,0.988,1
s35795,0.764,1
s35796,1.0,1
s35797,1.0,1
s35798,0.7290000000000001,1
s35799,0.8009999999999999,1
s35800,0.909,1
s35801,0.8,1
s35802,0.9079999999999999,1
s35803,0.902,1
s35804,0.7490000000000001,1
s35805,0.768,1
s35806,0.873,1
s35807,0.565,1
s35808,0.7490000000000001,1
s35809,0.863,1
s35810,1.0,1
s35811,0.995,1
s35812,1.0,1
s35813,0.6779999999999999,1
s35814,0.998,1
s35815,0.992,1
s35816,1.0,1
s35817,1.0,1
s35818,1.0,1
s35819,1.0,1
s35820,0.9129999999999999,1
s35821,0.919,1
s35822,0.782,1
s35823,1.0,1
s35824,1.0,1
s35825,1.0,1
s35826,0.664,1
s35827,1.0,1
s35828,0.6970000000000001,1
s35829,0.983,1
s35830,1.0,1
s35831,0.978,1
s35832,0.787,1
s35833,0.862,1
s35834,0.998,1
s35835,1.0,1
s35836,0.983,1
s35837,0.998,1
s35838,0.7909999999999999,1
s35839,0.898,1
s35840,0.8740000000000001,1
s35841,0.7609999999999999,1
s35842,1.0,1
s35843,0.655,1
s35844,1.0,1
s35845,0.735,1
s35846,0.997,1
s35847,1.0,1
s35848,1.0,1
s35849,1.0,1
s35850,0.996,1
s35851,1.0,1
s35852,1.0,1
s35853,0.757,1
s35854,1.0,1
s35855,0.9540000000000001,1
s35856,0.996,1
s35857,0.987,1
s35858,0.995,1
s35859,0.956,1
s35860,0.9890000000000001,1
s35861,0.9359999999999999,1
s35862,1.0,1
s35863,0.998,1
s35864,1.0,1
s35865,0.92,1
s35866,0.838,1
s35867,0.609,1
s35868,0.8109999999999999,1
s35869,0.9229999999999999,1
s35870,0.996,1
s35871,0.992,1
s35872,0.7859999999999999,1
s35873,0.96,1
s35874,0.9390000000000001,1
s35875,0.9390000000000001,1
s35876,0.935,1
s35877,1.0,1
s35878,0.938,1
s35879,1.0,1
s35880,0.7140000000000001,1
s35881,0.981,1
s35882,0.785,1
s35883,0.912,1
s35884,0.74,1
s35885,0.6609999999999999,1
s35886,1.0,1
s35887,1.0,1
s35888,0.975,1
s35889,1.0,1
s35890,0.9690000000000001,1
s35891,1.0,1
s35892,0.754,1
s35893,1.0,1
s35894,0.423,1
s35895,0.6920000000000001,1
s35896,0.53,1
s35897,1.0,1
s35898,0.779,1
s35899,0.715,1
s35900,1.0,1
s35901,0.7659999999999999,1
s35902,0.9129999999999999,1
s35903,0.9129999999999999,1
s35904,0.9129999999999999,1
s35905,0.9129999999999999,1
s35906,0.9059999999999999,1
s35907,0.9129999999999999,1
s35908,0.792,1
s35909,0.855,1
s35910,1.0,1
s35911,1.0,1
s35912,0.981,1
s35913,0.848,1
s35914,0.5870000000000001,1
s35915,0.647,1
s35916,0.731,1
s35917,0.862,1
s35918,0.6709999999999999,1
s35919,0.8059999999999999,1
s35920,0.919,1
s35921,0.998,1
s35922,0.723,1
s35923,1.0,1
s35924,0.585,1
s35925,0.846,1
s35926,1.0,1
s35927,0.742,1
s35928,0.8420000000000001,1
s35929,0.905,1
s35930,1.0,1
s35931,1.0,1
s35932,1.0,1
s35933,1.0,1
s35934,1.0,1
s35935,0.995,1
s35936,0.706,1
s35937,0.862,1
s35938,0.919,1
s35939,0.998,1
s35940,0.747,1
s35941,0.677,1
s35942,0.5479999999999999,1
s35943,0.601,1
s35944,0.735,1
s35945,1.0,1
s35946,0.996,1
s35947,0.99,1
s35948,1.0,1
s35949,0.986,1
s35950,0.996,1
s35951,1.0,1
s35952,1.0,1
s35953,1.0,1
s35954,0.985,1
s35955,0.997,1
s35956,1.0,1
s35957,1.0,1
s35958,1.0,1
s35959,1.0,1
s35960,0.997,1
s35961,1.0,1
s35962,1.0,1
s35963,1.0,1
s35964,1.0,1
s35965,0.8440000000000001,1
s35966,0.988,1
s35967,0.747,1
s35968,0.782,1
s35969,0.929,1
s35970,0.6990000000000001,1
s35971,0.893,1
s35972,0.924,1
s35973,0.99,1
s35974,0.664,1
s35975,0.6609999999999999,1
s35976,1.0,1
s35977,0.818,1
s35978,0.826,1
s35979,1.0,1
s35980,0.845,1
s35981,0.943,1
s35982,1.0,1
s35983,0.981,1
s35984,0.995,1
s35985,0.594,1
s35986,0.594,1
s35987,0.7290000000000001,1
s35988,0.8109999999999999,1
s35989,0.613,1
s35990,0.998,1
s35991,0.98,1
s35992,0.877,1
s35993,0.9129999999999999,1
s35994,0.9129999999999999,1
s35995,0.6679999999999999,1
s35996,0.98,1
s35997,0.483,1
s35998,1.0,1
s35999,1.0,1
s36000,0.995,1
s36001,0.995,1
s36002,0.96,1
s36003,0.971,1
s36004,1.0,1
s36005,0.8370000000000001,1
s36006,0.629,1
s36007,1.0,1
s36008,1.0,1
s36009,1.0,1
s36010,1.0,1
s36011,1.0,1
s36012,1.0,1
s36013,1.0,1
s36014,1.0,1
s36015,0.992,1
s36016,0.991,1
s36017,0.997,1
s36018,0.997,1
s36019,1.0,1
s36020,0.55,1
s36021,0.552,1
s36022,0.55,1
s36023,0.7170000000000001,1
s36024,0.815,1
s36025,0.7609999999999999,1
s36026,0.784,1
s36027,0.9890000000000001,1
s36028,0.777,1
s36029,0.787,1
s36030,1.0,1
s36031,1.0,1
s36032,0.753,1
s36033,1.0,1
s36034,0.948,1
s36035,0.945,1
s36036,0.618,1
s36037,0.878,1
s36038,1.0,1
s36039,0.8540000000000001,1
s36040,0.8540000000000001,1
s36041,1.0,1
s36042,1.0,1
s36043,0.965,1
s36044,1.0,1
s36045,1.0,1
s36046,0.924,1
s36047,1.0,1
s36048,1.0,1
s36049,1.0,1
s36050,0.8190000000000001,1
s36051,0.81,1
s36052,0.919,1
s36053,0.8190000000000001,1
s36054,0.768,1
s36055,1.0,1
s36056,0.996,1
s36057,1.0,1
s36058,0.9670000000000001,1
s36059,0.924,1
s36060,0.644,1
s36061,0.775,1
s36062,0.917,1
s36063,1.0,1
s36064,0.924,1
s36065,1.0,1
s36066,0.8909999999999999,1
s36067,0.946,1
s36068,0.955,1
s36069,1.0,1
s36070,1.0,1
s36071,1.0,1
s36072,1.0,1
s36073,0.934,1
s36074,0.903,1
s36075,1.0,1
s36076,0.795,1
s36077,0.765,1
s36078,1.0,1
s36079,1.0,1
s36080,1.0,1
s36081,1.0,1
s36082,1.0,1
s36083,1.0,1
s36084,1.0,1
s36085,0.769,1
s36086,0.998,1
s36087,0.769,1
s36088,0.997,1
s36089,0.557,1
s36090,0.653,1
s36091,0.789,1
s36092,0.935,1
s36093,0.9840000000000001,1
s36094,0.9840000000000001,1
s36095,0.99,1
s36096,1.0,1
s36097,0.99,1
s36098,0.99,1
s36099,1.0,1
s36100,0.996,1
s36101,1.0,1
s36102,1.0,1
s36103,0.97,1
s36104,1.0,1
s36105,0.991,1
s36106,1.0,1
s36107,1.0,1
s36108,0.953,1
s36109,0.601,1
s36110,1.0,1
s36111,0.988,1
s36112,0.987,1
s36113,0.9890000000000001,1
s36114,0.653,1
s36115,1.0,1
s36116,1.0,1
s36117,0.875,1
s36118,0.91,1
s36119,1.0,1
s36120,0.8759999999999999,1
s36121,1.0,1
s36122,0.9540000000000001,1
s36123,0.9570000000000001,1
s36124,0.997,1
s36125,0.995,1
s36126,0.996,1
s36127,0.8490000000000001,1
s36128,0.868,1
s36129,0.868,1
s36130,1.0,1
s36131,0.996,1
s36132,1.0,1
s36133,1.0,1
s36134,0.877,1
s36135,1.0,1
s36136,1.0,1
s36137,0.982,1
s36138,0.667,1
s36139,0.66,1
s36140,0.997,1
s36141,0.997,1
s36142,0.619,1
s36143,0.9790000000000001,1
s36144,0.7240000000000001,1
s36145,1.0,1
s36146,0.991,1
s36147,0.956,1
s36148,0.996,1
s36149,0.763,1
s36150,0.821,1
s36151,0.998,1
s36152,1.0,1
s36153,0.973,1
s36154,1.0,1
s36155,0.973,1
s36156,1.0,1
s36157,0.996,1
s36158,1.0,1
s36159,0.703,1
s36160,0.993,1
s36161,0.919,1
s36162,1.0,1
s36163,0.919,1
s36164,0.625,1
s36165,0.99,1
s36166,1.0,1
s36167,0.998,1
s36168,0.983,1
s36169,1.0,1
s36170,0.889,1
s36171,0.946,1
s36172,1.0,1
s36173,0.995,1
s36174,1.0,1
s36175,0.9490000000000001,1
s36176,0.996,1
s36177,1.0,1
s36178,1.0,1
s36179,1.0,1
s36180,0.992,1
s36181,0.815,1
s36182,0.992,1
s36183,1.0,1
s36184,0.8029999999999999,1
s36185,0.863,1
s36186,1.0,1
s36187,0.972,1
s36188,0.757,1
s36189,0.551,1
s36190,0.9940000000000001,1
s36191,1.0,1
s36192,1.0,1
s36193,1.0,1
s36194,0.757,1
s36195,0.677,1
s36196,0.998,1
s36197,0.669,1
s36198,1.0,1
s36199,1.0,1
s36200,0.611,1
s36201,0.5379999999999999,1
s36202,0.759,1
s36203,0.9590000000000001,1
s36204,1.0,1
s36205,1.0,1
s36206,1.0,1
s36207,1.0,1
s36208,0.907,1
s36209,0.996,1
s36210,0.878,1
s36211,0.993,1
s36212,1.0,1
s36213,0.848,1
s36214,0.7759999999999999,1
s36215,1.0,1
s36216,0.998,1
s36217,0.993,1
s36218,0.996,1
s36219,1.0,1
s36220,0.627,1
s36221,1.0,1
s36222,1.0,1
s36223,0.997,1
s36224,0.983,1
s36225,0.997,1
s36226,0.983,1
s36227,0.996,1
s36228,1.0,1
s36229,0.988,1
s36230,0.662,1
s36231,0.997,1
s36232,1.0,1
s36233,1.0,1
s36234,1.0,1
s36235,0.737,1
s36236,1.0,1
s36237,1.0,1
s36238,1.0,1
s36239,0.997,1
s36240,0.997,1
s36241,0.99,1
s36242,1.0,1
s36243,0.998,1
s36244,0.718,1
s36245,0.718,1
s36246,0.718,1
s36247,0.919,1
s36248,1.0,1
s36249,0.758,1
s36250,1.0,1
s36251,0.996,1
s36252,0.983,1
s36253,0.983,1
s36254,0.951,1
s36255,0.95,1
s36256,0.948,1
s36257,0.8,1
s36258,0.986,1
s36259,1.0,1
s36260,0.7490000000000001,1
s36261,0.993,1
s36262,1.0,1
s36263,1.0,1
s36264,0.665,1
s36265,1.0,1
s36266,1.0,1
s36267,1.0,1
s36268,1.0,1
s36269,0.998,1
s36270,0.998,1
s36271,1.0,1
s36272,0.9890000000000001,1
s36273,1.0,1
s36274,0.545,1
s36275,0.799,1
s36276,0.568,1
s36277,0.785,1
s36278,0.7390000000000001,1
s36279,0.95,1
s36280,1.0,1
s36281,1.0,1
s36282,0.688,1
s36283,0.996,1
s36284,0.996,1
s36285,1.0,1
s36286,0.619,1
s36287,0.623,1
s36288,0.619,1
s36289,0.996,1
s36290,0.941,1
s36291,0.81,1
s36292,0.79,1
s36293,0.8440000000000001,1
s36294,0.992,1
s36295,0.992,1
s36296,0.6729999999999999,1
s36297,1.0,1
s36298,0.99,1
s36299,0.996,1
s36300,0.996,1
s36301,0.996,1
s36302,0.828,1
s36303,0.985,1
s36304,0.982,1
s36305,1.0,1
s36306,0.6809999999999999,1
s36307,1.0,1
s36308,0.971,1
s36309,0.99,1
s36310,0.9640000000000001,1
s36311,0.988,1
s36312,0.996,1
s36313,0.988,1
s36314,1.0,1
s36315,0.981,1
s36316,0.998,1
s36317,0.997,1
s36318,0.97,1
s36319,0.97,1
s36320,0.992,1
s36321,0.988,1
s36322,0.97,1
s36323,0.97,1
s36324,0.955,1
s36325,0.955,1
s36326,0.955,1
s36327,0.8009999999999999,1
s36328,0.998,1
s36329,0.9309999999999999,1
s36330,0.8,1
s36331,0.9540000000000001,1
s36332,1.0,1
s36333,1.0,1
s36334,0.99,1
s36335,0.9890000000000001,1
s36336,0.996,1
s36337,1.0,1
s36338,1.0,1
s36339,0.998,1
s36340,1.0,1
s36341,0.62,1
s36342,1.0,1
s36343,0.883,1
s36344,0.992,1
s36345,0.934,1
s36346,1.0,1
s36347,0.8079999999999999,1
s36348,0.934,1
s36349,1.0,1
s36350,0.764,1
s36351,0.9940000000000001,1
s36352,1.0,1
s36353,1.0,1
s36354,0.992,1
s36355,1.0,1
s36356,0.997,1
s36357,1.0,1
s36358,0.9590000000000001,1
s36359,0.924,1
s36360,0.758,1
s36361,1.0,1
s36362,1.0,1
s36363,0.992,1
s36364,0.996,1
s36365,0.895,1
s36366,1.0,1
s36367,1.0,1
s36368,0.512,1
s36369,1.0,1
s36370,0.542,1
s36371,1.0,1
s36372,0.539,1
s36373,0.973,1
s36374,0.945,1
s36375,0.965,1
s36376,0.9440000000000001,1
s36377,0.6409999999999999,1
s36378,0.551,1
s36379,0.551,1
s36380,1.0,1
s36381,0.722,1
s36382,0.978,1
s36383,0.9059999999999999,1
s36384,0.784,1
s36385,1.0,1
s36386,0.813,1
s36387,0.998,1
s36388,0.976,1
s36389,0.9540000000000001,1
s36390,0.865,1
s36391,0.976,1
s36392,1.0,1
s36393,1.0,1
s36394,0.695,1
s36395,1.0,1
s36396,0.998,1
s36397,0.8859999999999999,1
s36398,1.0,1
s36399,0.5429999999999999,1
s36400,0.997,1
s36401,1.0,1
s36402,1.0,1
s36403,0.9940000000000001,1
s36404,1.0,1
s36405,0.7709999999999999,1
s36406,0.785,1
s36407,0.85,1
s36408,0.88,1
s36409,0.8270000000000001,1
s36410,0.898,1
s36411,0.833,1
s36412,0.7979999999999999,1
s36413,0.9229999999999999,1
s36414,0.831,1
s36415,0.9129999999999999,1
s36416,0.976,1
s36417,0.784,1
s36418,1.0,1
s36419,0.858,1
s36420,0.8490000000000001,1
s36421,1.0,1
s36422,0.63,1
s36423,0.726,1
s36424,0.81,1
s36425,0.688,1
s36426,0.9940000000000001,1
s36427,1.0,1
s36428,1.0,1
s36429,1.0,1
s36430,0.9079999999999999,1
s36431,1.0,1
s36432,0.965,1
s36433,1.0,1
s36434,0.997,1
s36435,0.993,1
s36436,1.0,1
s36437,0.919,1
s36438,1.0,1
s36439,0.998,1
s36440,1.0,1
s36441,0.993,1
s36442,0.812,1
s36443,0.89,1
s36444,0.961,1
s36445,0.992,1
s36446,0.946,1
s36447,1.0,1
s36448,1.0,1
s36449,1.0,1
s36450,0.748,1
s36451,0.987,1
s36452,0.991,1
s36453,1.0,1
s36454,0.835,1
s36455,0.546,1
s36456,0.998,1
s36457,0.7829999999999999,1
s36458,0.659,1
s36459,0.7559999999999999,1
s36460,0.885,1
s36461,0.948,1
s36462,0.991,1
s36463,0.611,1
s36464,0.982,1
s36465,0.905,1
s36466,0.991,1
s36467,0.616,1
s36468,1.0,1
s36469,0.654,1
s36470,1.0,1
s36471,1.0,1
s36472,0.5660000000000001,1
s36473,0.991,1
s36474,0.98,1
s36475,0.9620000000000001,1
s36476,1.0,1
s36477,0.792,1
s36478,0.637,1
s36479,0.6940000000000001,1
s36480,1.0,1
s36481,0.802,1
s36482,0.758,1
s36483,0.6990000000000001,1
s36484,0.813,1
s36485,0.7959999999999999,1
s36486,0.613,1
s36487,0.56,1
s36488,0.9309999999999999,1
s36489,1.0,1
s36490,0.9470000000000001,1
s36491,1.0,1
s36492,0.991,1
s36493,0.996,1
s36494,0.965,1
s36495,0.953,1
s36496,0.9079999999999999,1
s36497,0.9209999999999999,1
s36498,0.9690000000000001,1
s36499,1.0,1
s36500,0.904,1
s36501,0.909,1
s36502,0.922,1
s36503,0.9,1
s36504,1.0,1
s36505,0.9990000000000001,1
s36506,0.9990000000000001,1
s36507,0.9740000000000001,1
s36508,0.9940000000000001,1
s36509,0.997,1
s36510,1.0,1
s36511,0.6859999999999999,1
s36512,0.986,1
s36513,1.0,1
s36514,0.6659999999999999,1
s36515,0.703,1
s36516,0.9670000000000001,1
s36517,0.929,1
s36518,0.991,1
s36519,0.8190000000000001,1
s36520,0.997,1
s36521,0.8959999999999999,1
s36522,0.9079999999999999,1
s36523,0.73,1
s36524,0.555,1
s36525,1.0,1
s36526,1.0,1
s36527,1.0,1
s36528,0.998,1
s36529,0.9109999999999999,1
s36530,0.578,1
s36531,1.0,1
s36532,0.991,1
s36533,1.0,1
s36534,1.0,1
s36535,0.991,1
s36536,0.8959999999999999,1
s36537,1.0,1
s36538,1.0,1
s36539,1.0,1
s36540,0.44299999999999995,1
s36541,0.645,1
s36542,0.996,1
s36543,0.612,1
s36544,0.996,1
s36545,1.0,1
s36546,0.9940000000000001,1
s36547,1.0,1
s36548,0.915,1
s36549,0.993,1
s36550,0.9990000000000001,1
s36551,0.68,1
s36552,0.92,1
s36553,1.0,1
s36554,0.9890000000000001,1
s36555,0.917,1
s36556,0.917,1
s36557,0.9209999999999999,1
s36558,0.917,1
s36559,0.917,1
s36560,0.912,1
s36561,0.912,1
s36562,0.611,1
s36563,0.9009999999999999,1
s36564,0.998,1
s36565,0.977,1
s36566,1.0,1
s36567,1.0,1
s36568,1.0,1
s36569,1.0,1
s36570,1.0,1
s36571,0.777,1
s36572,1.0,1
s36573,0.995,1
s36574,0.841,1
s36575,0.99,1
s36576,1.0,1
s36577,1.0,1
s36578,0.7190000000000001,1
s36579,1.0,1
s36580,0.7829999999999999,1
s36581,0.9940000000000001,1
s36582,0.993,1
s36583,1.0,1
s36584,1.0,1
s36585,1.0,1
s36586,0.9990000000000001,1
s36587,0.69,1
s36588,0.5720000000000001,1
s36589,0.736,1
s36590,0.993,1
s36591,1.0,1
s36592,0.609,1
s36593,1.0,1
s36594,0.9790000000000001,1
s36595,1.0,1
s36596,1.0,1
s36597,1.0,1
s36598,1.0,1
s36599,1.0,1
s36600,0.8540000000000001,1
s36601,0.934,1
s36602,0.99,1
s36603,0.9940000000000001,1
s36604,0.983,1
s36605,1.0,1
s36606,0.975,1
s36607,1.0,1
s36608,0.9129999999999999,1
s36609,0.995,1
s36610,0.997,1
s36611,0.598,1
s36612,0.9209999999999999,1
s36613,0.914,1
s36614,0.905,1
s36615,0.9009999999999999,1
s36616,0.899,1
s36617,0.89,1
s36618,0.897,1
s36619,0.888,1
s36620,0.997,1
s36621,0.532,1
s36622,1.0,1
s36623,0.7390000000000001,1
s36624,1.0,1
s36625,1.0,1
s36626,1.0,1
s36627,0.998,1
s36628,0.9279999999999999,1
s36629,0.997,1
s36630,0.775,1
s36631,1.0,1
s36632,1.0,1
s36633,1.0,1
s36634,0.603,1
s36635,1.0,1
s36636,1.0,1
s36637,1.0,1
s36638,0.998,1
s36639,1.0,1
s36640,1.0,1
s36641,1.0,1
s36642,0.958,1
s36643,1.0,1
s36644,0.887,1
s36645,0.884,1
s36646,0.887,1
s36647,0.8859999999999999,1
s36648,0.992,1
s36649,1.0,1
s36650,0.895,1
s36651,0.8320000000000001,1
s36652,0.992,1
s36653,0.987,1
s36654,1.0,1
s36655,0.857,1
s36656,0.904,1
s36657,1.0,1
s36658,1.0,1
s36659,1.0,1
s36660,0.9620000000000001,1
s36661,0.764,1
s36662,1.0,1
s36663,0.993,1
s36664,0.997,1
s36665,0.973,1
s36666,0.997,1
s36667,0.996,1
s36668,0.997,1
s36669,1.0,1
s36670,0.998,1
s36671,0.998,1
s36672,0.987,1
s36673,1.0,1
s36674,0.831,1
s36675,0.868,1
s36676,0.992,1
s36677,0.8220000000000001,1
s36678,0.8859999999999999,1
s36679,1.0,1
s36680,1.0,1
s36681,0.991,1
s36682,1.0,1
s36683,0.9,1
s36684,1.0,1
s36685,1.0,1
s36686,0.9940000000000001,1
s36687,0.9940000000000001,1
s36688,0.9940000000000001,1
s36689,0.9890000000000001,1
s36690,0.802,1
s36691,1.0,1
s36692,0.991,1
s36693,0.99,1
s36694,0.9840000000000001,1
s36695,0.995,1
s36696,1.0,1
s36697,0.993,1
s36698,0.976,1
s36699,1.0,1
s36700,1.0,1
s36701,1.0,1
s36702,1.0,1
s36703,1.0,1
s36704,0.551,1
s36705,0.998,1
s36706,0.8859999999999999,1
s36707,0.998,1
s36708,0.997,1
s36709,1.0,1
s36710,0.8859999999999999,1
s36711,0.79,1
s36712,0.929,1
s36713,1.0,1
s36714,0.986,1
s36715,1.0,1
s36716,1.0,1
s36717,0.993,1
s36718,0.9990000000000001,1
s36719,1.0,1
s36720,1.0,1
s36721,1.0,1
s36722,0.9129999999999999,1
s36723,0.915,1
s36724,0.8490000000000001,1
s36725,0.96,1
s36726,0.83,1
s36727,1.0,1
s36728,1.0,1
s36729,0.607,1
s36730,0.695,1
s36731,0.8590000000000001,1
s36732,0.7090000000000001,1
s36733,0.687,1
s36734,0.687,1
s36735,1.0,1
s36736,1.0,1
s36737,0.963,1
s36738,0.919,1
s36739,0.737,1
s36740,1.0,1
s36741,0.9520000000000001,1
s36742,1.0,1
s36743,0.618,1
s36744,0.981,1
s36745,0.976,1
s36746,0.97,1
s36747,0.765,1
s36748,0.97,1
s36749,1.0,1
s36750,0.996,1
s36751,0.9840000000000001,1
s36752,0.795,1
s36753,0.998,1
s36754,1.0,1
s36755,0.919,1
s36756,0.946,1
s36757,0.8859999999999999,1
s36758,0.688,1
s36759,0.8859999999999999,1
s36760,0.998,1
s36761,0.998,1
s36762,0.8859999999999999,1
s36763,0.998,1
s36764,0.8859999999999999,1
s36765,1.0,1
s36766,0.998,1
s36767,1.0,1
s36768,0.82,1
s36769,1.0,1
s36770,0.986,1
s36771,0.998,1
s36772,0.998,1
s36773,0.955,1
s36774,0.992,1
s36775,0.988,1
s36776,1.0,1
s36777,1.0,1
s36778,0.997,1
s36779,1.0,1
s36780,0.84,1
s36781,0.996,1
s36782,1.0,1
s36783,0.9640000000000001,1
s36784,1.0,1
s36785,0.9890000000000001,1
s36786,0.985,1
s36787,0.688,1
s36788,0.971,1
s36789,0.977,1
s36790,0.981,1
s36791,1.0,1
s36792,1.0,1
s36793,0.92,1
s36794,1.0,1
s36795,0.5589999999999999,1
s36796,0.561,1
s36797,0.8240000000000001,1
s36798,0.8190000000000001,1
s36799,0.993,1
s36800,0.997,1
s36801,0.802,1
s36802,0.884,1
s36803,0.897,1
s36804,0.985,1
s36805,0.893,1
s36806,0.992,1
s36807,1.0,1
s36808,1.0,1
s36809,0.9620000000000001,1
s36810,0.7659999999999999,1
s36811,0.768,1
s36812,0.777,1
s36813,0.9890000000000001,1
s36814,0.991,1
s36815,1.0,1
s36816,0.9790000000000001,1
s36817,0.978,1
s36818,0.633,1
s36819,1.0,1
s36820,0.757,1
s36821,1.0,1
s36822,0.74,1
s36823,0.622,1
s36824,0.627,1
s36825,0.736,1
s36826,0.9940000000000001,1
s36827,1.0,1
s36828,1.0,1
s36829,1.0,1
s36830,0.6729999999999999,1
s36831,0.6940000000000001,1
s36832,1.0,1
s36833,0.638,1
s36834,0.995,1
s36835,0.65,1
s36836,0.677,1
s36837,0.86,1
s36838,0.922,1
s36839,0.934,1
s36840,0.875,1
s36841,0.769,1
s36842,1.0,1
s36843,0.638,1
s36844,0.9129999999999999,1
s36845,0.977,1
s36846,0.971,1
s36847,0.9690000000000001,1
s36848,0.7909999999999999,1
s36849,0.9690000000000001,1
s36850,0.995,1
s36851,0.9690000000000001,1
s36852,0.768,1
s36853,0.9690000000000001,1
s36854,0.7829999999999999,1
s36855,0.9690000000000001,1
s36856,0.866,1
s36857,1.0,1
s36858,0.9990000000000001,1
s36859,0.9990000000000001,1
s36860,0.9990000000000001,1
s36861,1.0,1
s36862,0.706,1
s36863,1.0,1
s36864,0.889,1
s36865,0.941,1
s36866,1.0,1
s36867,1.0,1
s36868,1.0,1
s36869,1.0,1
s36870,0.898,1
s36871,0.569,1
s36872,1.0,1
s36873,1.0,1
s36874,0.769,1
s36875,1.0,1
s36876,0.982,1
s36877,1.0,1
s36878,0.9540000000000001,1
s36879,0.9740000000000001,1
s36880,0.993,1
s36881,0.8590000000000001,1
s36882,0.9940000000000001,1
s36883,0.95,1
s36884,0.885,1
s36885,0.9490000000000001,1
s36886,0.998,1
s36887,0.9940000000000001,1
s36888,0.878,1
s36889,0.9159999999999999,1
s36890,0.986,1
s36891,1.0,1
s36892,0.9359999999999999,1
s36893,0.9670000000000001,1
s36894,0.992,1
s36895,0.934,1
s36896,1.0,1
s36897,0.883,1
s36898,1.0,1
s36899,1.0,1
s36900,0.997,1
s36901,0.977,1
s36902,0.826,1
s36903,0.898,1
s36904,1.0,1
s36905,0.997,1
s36906,0.997,1
s36907,0.997,1
s36908,0.9129999999999999,1
s36909,1.0,1
s36910,0.528,1
s36911,0.677,1
s36912,0.6729999999999999,1
s36913,0.975,1
s36914,0.9940000000000001,1
s36915,0.99,1
s36916,0.91,1
s36917,1.0,1
s36918,1.0,1
s36919,0.679,1
s36920,0.785,1
s36921,0.895,1
s36922,0.848,1
s36923,0.998,1
s36924,1.0,1
s36925,1.0,1
s36926,0.998,1
s36927,1.0,1
s36928,1.0,1
s36929,1.0,1
s36930,0.992,1
s36931,0.995,1
s36932,1.0,1
s36933,0.7170000000000001,1
s36934,1.0,1
s36935,0.987,1
s36936,0.948,1
s36937,0.6609999999999999,1
s36938,0.843,1
s36939,1.0,1
s36940,0.997,1
s36941,0.997,1
s36942,0.997,1
s36943,0.997,1
s36944,0.9740000000000001,1
s36945,0.99,1
s36946,0.6759999999999999,1
s36947,0.9940000000000001,1
s36948,0.679,1
s36949,0.674,1
s36950,0.674,1
s36951,1.0,1
s36952,0.996,1
s36953,1.0,1
s36954,1.0,1
s36955,1.0,1
s36956,1.0,1
s36957,1.0,1
s36958,0.998,1
s36959,0.6559999999999999,1
s36960,0.9990000000000001,1
s36961,1.0,1
s36962,1.0,1
s36963,0.998,1
s36964,0.998,1
s36965,0.66,1
s36966,0.986,1
s36967,1.0,1
s36968,1.0,1
s36969,0.585,1
s36970,0.9570000000000001,1
s36971,1.0,1
s36972,1.0,1
s36973,0.915,1
s36974,0.988,1
s36975,0.995,1
s36976,0.894,1
s36977,0.7909999999999999,1
s36978,0.655,1
s36979,0.9940000000000001,1
s36980,0.9620000000000001,1
s36981,1.0,1
s36982,0.9590000000000001,1
s36983,0.992,1
s36984,0.9309999999999999,1
s36985,0.998,1
s36986,0.519,1
s36987,1.0,1
s36988,0.988,1
s36989,1.0,1
s36990,1.0,1
s36991,1.0,1
s36992,1.0,1
s36993,1.0,1
s36994,0.981,1
s36995,1.0,1
s36996,0.993,1
s36997,0.74,1
s36998,1.0,1
s36999,0.941,1
s37000,1.0,1
s37001,0.997,1
s37002,1.0,1
s37003,0.9309999999999999,1
s37004,0.95,1
s37005,0.95,1
s37006,0.93,1
s37007,0.95,1
s37008,0.9940000000000001,1
s37009,0.721,1
s37010,0.721,1
s37011,0.9329999999999999,1
s37012,0.86,1
s37013,0.9390000000000001,1
s37014,0.966,1
s37015,0.971,1
s37016,0.9790000000000001,1
s37017,0.955,1
s37018,0.922,1
s37019,0.9690000000000001,1
s37020,0.965,1
s37021,0.988,1
s37022,0.9359999999999999,1
s37023,0.7709999999999999,1
s37024,0.8390000000000001,1
s37025,1.0,1
s37026,1.0,1
s37027,1.0,1
s37028,0.987,1
s37029,0.992,1
s37030,0.741,1
s37031,0.919,1
s37032,1.0,1
s37033,0.621,1
s37034,0.665,1
s37035,0.665,1
s37036,1.0,1
s37037,0.8290000000000001,1
s37038,0.9840000000000001,1
s37039,0.995,1
s37040,0.996,1
s37041,0.998,1
s37042,0.996,1
s37043,0.9840000000000001,1
s37044,0.8270000000000001,1
s37045,0.8270000000000001,1
s37046,1.0,1
s37047,1.0,1
s37048,0.986,1
s37049,0.98,1
s37050,0.996,1
s37051,0.615,1
s37052,0.996,1
s37053,0.883,1
s37054,1.0,1
s37055,0.815,1
s37056,1.0,1
s37057,0.996,1
s37058,0.9890000000000001,1
s37059,1.0,1
s37060,1.0,1
s37061,0.986,1
s37062,0.996,1
s37063,0.988,1
s37064,0.9840000000000001,1
s37065,0.996,1
s37066,0.992,1
s37067,0.5870000000000001,1
s37068,0.868,1
s37069,1.0,1
s37070,1.0,1
s37071,0.615,1
s37072,1.0,1
s37073,0.853,1
s37074,1.0,1
s37075,1.0,1
s37076,0.815,1
s37077,1.0,1
s37078,0.981,1
s37079,0.998,1
s37080,1.0,1
s37081,0.977,1
s37082,0.851,1
s37083,1.0,1
s37084,1.0,1
s37085,0.8809999999999999,1
s37086,0.752,1
s37087,0.889,1
s37088,0.6629999999999999,1
s37089,1.0,1
s37090,1.0,1
s37091,1.0,1
s37092,0.897,1
s37093,0.945,1
s37094,1.0,1
s37095,0.875,1
s37096,1.0,1
s37097,1.0,1
s37098,0.877,1
s37099,0.871,1
s37100,1.0,1
s37101,1.0,1
s37102,0.9990000000000001,1
s37103,1.0,1
s37104,0.615,1
s37105,1.0,1
s37106,1.0,1
s37107,0.9009999999999999,1
s37108,0.8959999999999999,1
s37109,0.759,1
s37110,1.0,1
s37111,1.0,1
s37112,1.0,1
s37113,0.9940000000000001,1
s37114,0.983,1
s37115,0.863,1
s37116,0.6559999999999999,1
s37117,0.594,1
s37118,0.9490000000000001,1
s37119,0.998,1
s37120,0.9540000000000001,1
s37121,0.815,1
s37122,1.0,1
s37123,0.9690000000000001,1
s37124,0.998,1
s37125,1.0,1
s37126,0.977,1
s37127,0.852,1
s37128,1.0,1
s37129,0.882,1
s37130,0.752,1
s37131,0.889,1
s37132,0.6629999999999999,1
s37133,1.0,1
s37134,1.0,1
s37135,0.8959999999999999,1
s37136,1.0,1
s37137,1.0,1
s37138,0.871,1
s37139,1.0,1
s37140,1.0,1
s37141,0.945,1
s37142,1.0,1
s37143,1.0,1
s37144,0.998,1
s37145,1.0,1
s37146,1.0,1
s37147,0.993,1
s37148,0.998,1
s37149,0.893,1
s37150,0.991,1
s37151,1.0,1
s37152,0.695,1
s37153,0.998,1
s37154,0.755,1
s37155,0.9940000000000001,1
s37156,0.991,1
s37157,0.991,1
s37158,0.987,1
s37159,1.0,1
s37160,0.986,1
s37161,0.9940000000000001,1
s37162,0.902,1
s37163,0.7490000000000001,1
s37164,0.998,1
s37165,1.0,1
s37166,1.0,1
s37167,1.0,1
s37168,1.0,1
s37169,0.8320000000000001,1
s37170,0.62,1
s37171,0.797,1
s37172,1.0,1
s37173,0.7759999999999999,1
s37174,0.992,1
s37175,1.0,1
s37176,1.0,1
s37177,1.0,1
s37178,1.0,1
s37179,1.0,1
s37180,0.995,1
s37181,1.0,1
s37182,0.0,0
s37183,0.998,1
s37184,0.995,1
s37185,1.0,1
s37186,1.0,1
s37187,0.993,1
s37188,1.0,1
s37189,1.0,1
s37190,0.638,1
s37191,1.0,1
s37192,0.986,1
s37193,1.0,1
s37194,0.9940000000000001,1
s37195,0.998,1
s37196,1.0,1
s37197,0.99,1
s37198,0.99,1
s37199,0.986,1
s37200,1.0,1
s37201,0.785,1
s37202,1.0,1
s37203,0.659,1
s37204,0.997,1
s37205,0.6629999999999999,1
s37206,1.0,1
s37207,1.0,1
s37208,0.6779999999999999,1
s37209,0.659,1
s37210,1.0,1
s37211,0.713,1
s37212,0.993,1
s37213,0.902,1
s37214,1.0,1
s37215,0.7090000000000001,1
s37216,0.9840000000000001,1
s37217,0.8009999999999999,1
s37218,0.789,1
s37219,1.0,1
s37220,0.529,1
s37221,0.9940000000000001,1
s37222,0.7559999999999999,1
s37223,0.998,1
s37224,0.748,1
s37225,1.0,1
s37226,0.873,1
s37227,0.9840000000000001,1
s37228,1.0,1
s37229,1.0,1
s37230,0.9940000000000001,1
s37231,0.9940000000000001,1
s37232,0.98,1
s37233,0.995,1
s37234,0.993,1
s37235,0.998,1
s37236,0.9690000000000001,1
s37237,0.8270000000000001,1
s37238,0.8290000000000001,1
s37239,0.937,1
s37240,0.912,1
s37241,0.7609999999999999,1
s37242,0.895,1
s37243,0.6629999999999999,1
s37244,0.8740000000000001,1
s37245,0.982,1
s37246,0.9259999999999999,1
s37247,1.0,1
s37248,0.9790000000000001,1
s37249,0.985,1
s37250,0.9,1
s37251,1.0,1
s37252,0.8959999999999999,1
s37253,0.945,1
s37254,0.9640000000000001,1
s37255,0.953,1
s37256,0.9129999999999999,1
s37257,1.0,1
s37258,0.99,1
s37259,0.9329999999999999,1
s37260,0.828,1
s37261,0.8640000000000001,1
s37262,0.9840000000000001,1
s37263,0.985,1
s37264,0.966,1
s37265,0.9309999999999999,1
s37266,0.987,1
s37267,0.871,1
s37268,0.86,1
s37269,0.8909999999999999,1
s37270,0.9940000000000001,1
s37271,0.9940000000000001,1
s37272,0.9890000000000001,1
s37273,1.0,1
s37274,0.997,1
s37275,0.6779999999999999,1
s37276,0.51,1
s37277,0.9840000000000001,1
s37278,0.9840000000000001,1
s37279,0.996,1
s37280,0.5329999999999999,1
s37281,1.0,1
s37282,0.775,1
s37283,1.0,1
s37284,1.0,1
s37285,0.988,1
s37286,0.644,1
s37287,1.0,1
s37288,1.0,1
s37289,0.996,1
s37290,0.997,1
s37291,0.529,1
s37292,1.0,1
s37293,1.0,1
s37294,0.997,1
s37295,1.0,1
s37296,1.0,1
s37297,0.815,1
s37298,0.853,1
s37299,0.987,1
s37300,0.993,1
s37301,0.882,1
s37302,1.0,1
s37303,0.696,1
s37304,1.0,1
s37305,1.0,1
s37306,0.855,1
s37307,0.5760000000000001,1
s37308,1.0,1
s37309,1.0,1
s37310,0.759,1
s37311,1.0,1
s37312,0.7559999999999999,1
s37313,0.9840000000000001,1
s37314,0.7490000000000001,1
s37315,0.997,1
s37316,0.987,1
s37317,0.9159999999999999,1
s37318,0.998,1
s37319,1.0,1
s37320,0.996,1
s37321,1.0,1
s37322,0.628,1
s37323,1.0,1
s37324,0.82,1
s37325,0.9279999999999999,1
s37326,1.0,1
s37327,1.0,1
s37328,1.0,1
s37329,1.0,1
s37330,0.9740000000000001,1
s37331,0.698,1
s37332,1.0,1
s37333,0.996,1
s37334,0.985,1
s37335,1.0,1
s37336,0.718,1
s37337,1.0,1
s37338,0.995,1
s37339,0.976,1
s37340,0.987,1
s37341,1.0,1
s37342,0.995,1
s37343,0.995,1
s37344,0.995,1
s37345,0.992,1
s37346,0.992,1
s37347,0.997,1
s37348,1.0,1
s37349,0.9309999999999999,1
s37350,0.9390000000000001,1
s37351,0.943,1
s37352,1.0,1
s37353,0.848,1
s37354,1.0,1
s37355,0.785,1
s37356,0.951,1
s37357,0.94,1
s37358,0.706,1
s37359,0.7340000000000001,1
s37360,0.98,1
s37361,0.773,1
s37362,1.0,1
s37363,0.767,1
s37364,0.772,1
s37365,1.0,1
s37366,0.993,1
s37367,0.743,1
s37368,0.992,1
s37369,1.0,1
s37370,0.99,1
s37371,1.0,1
s37372,1.0,1
s37373,0.529,1
s37374,0.531,1
s37375,1.0,1
s37376,1.0,1
s37377,0.997,1
s37378,1.0,1
s37379,0.997,1
s37380,1.0,1
s37381,0.997,1
s37382,1.0,1
s37383,1.0,1
s37384,0.8490000000000001,1
s37385,0.992,1
s37386,1.0,1
s37387,1.0,1
s37388,1.0,1
s37389,0.953,1
s37390,0.993,1
s37391,0.853,1
s37392,0.9520000000000001,1
s37393,0.995,1
s37394,1.0,1
s37395,0.619,1
s37396,1.0,1
s37397,0.8,1
s37398,0.988,1
s37399,0.8170000000000001,1
s37400,1.0,1
s37401,1.0,1
s37402,1.0,1
s37403,0.975,1
s37404,0.909,1
s37405,0.9840000000000001,1
s37406,1.0,1
s37407,1.0,1
s37408,0.996,1
s37409,0.992,1
s37410,0.992,1
s37411,0.8270000000000001,1
s37412,0.65,1
s37413,0.648,1
s37414,0.648,1
s37415,0.648,1
s37416,0.78,1
s37417,0.9329999999999999,1
s37418,1.0,1
s37419,0.7170000000000001,1
s37420,1.0,1
s37421,0.997,1
s37422,0.7759999999999999,1
s37423,0.7759999999999999,1
s37424,0.7759999999999999,1
s37425,1.0,1
s37426,0.99,1
s37427,0.9940000000000001,1
s37428,1.0,1
s37429,1.0,1
s37430,0.998,1
s37431,1.0,1
s37432,1.0,1
s37433,0.616,1
s37434,0.8590000000000001,1
s37435,1.0,1
s37436,0.995,1
s37437,0.662,1
s37438,0.892,1
s37439,0.996,1
s37440,0.987,1
s37441,1.0,1
s37442,1.0,1
s37443,0.996,1
s37444,1.0,1
s37445,1.0,1
s37446,1.0,1
s37447,1.0,1
s37448,0.996,1
s37449,1.0,1
s37450,0.996,1
s37451,1.0,1
s37452,0.81,1
s37453,1.0,1
s37454,1.0,1
s37455,1.0,1
s37456,0.997,1
s37457,0.998,1
s37458,0.9440000000000001,1
s37459,0.943,1
s37460,0.616,1
s37461,1.0,1
s37462,0.852,1
s37463,1.0,1
s37464,0.852,1
s37465,0.998,1
s37466,0.85,1
s37467,0.85,1
s37468,1.0,1
s37469,1.0,1
s37470,0.9620000000000001,1
s37471,0.9940000000000001,1
s37472,0.9940000000000001,1
s37473,0.9540000000000001,1
s37474,1.0,1
s37475,0.99,1
s37476,0.992,1
s37477,1.0,1
s37478,1.0,1
s37479,0.9059999999999999,1
s37480,1.0,1
s37481,0.7809999999999999,1
s37482,0.993,1
s37483,0.59,1
s37484,1.0,1
s37485,0.873,1
s37486,0.634,1
s37487,0.919,1
s37488,0.893,1
s37489,0.853,1
s37490,0.858,1
s37491,1.0,1
s37492,1.0,1
s37493,1.0,1
s37494,0.9940000000000001,1
s37495,1.0,1
s37496,0.996,1
s37497,0.988,1
s37498,0.996,1
s37499,0.995,1
s37500,0.998,1
s37501,0.8059999999999999,1
s37502,0.998,1
s37503,1.0,1
s37504,0.6990000000000001,1
s37505,0.927,1
s37506,0.746,1
s37507,0.677,1
s37508,1.0,1
s37509,0.759,1
s37510,0.755,1
s37511,0.871,1
s37512,0.7979999999999999,1
s37513,1.0,1
s37514,0.657,1
s37515,0.755,1
s37516,0.755,1
s37517,1.0,1
s37518,0.653,1
s37519,0.659,1
s37520,0.9840000000000001,1
s37521,0.9840000000000001,1
s37522,0.992,1
s37523,0.992,1
s37524,0.778,1
s37525,0.992,1
s37526,0.992,1
s37527,0.992,1
s37528,1.0,1
s37529,0.992,1
s37530,0.992,1
s37531,0.992,1
s37532,0.992,1
s37533,0.992,1
s37534,0.992,1
s37535,0.996,1
s37536,1.0,1
s37537,1.0,1
s37538,0.852,1
s37539,1.0,1
s37540,1.0,1
s37541,0.998,1
s37542,1.0,1
s37543,0.99,1
s37544,0.995,1
s37545,0.995,1
s37546,0.84,1
s37547,0.84,1
s37548,1.0,1
s37549,0.998,1
s37550,0.998,1
s37551,0.998,1
s37552,0.998,1
s37553,0.998,1
s37554,0.998,1
s37555,0.998,1
s37556,0.998,1
s37557,0.7909999999999999,1
s37558,1.0,1
s37559,0.993,1
s37560,0.955,1
s37561,0.799,1
s37562,1.0,1
s37563,1.0,1
s37564,1.0,1
s37565,1.0,1
s37566,0.998,1
s37567,0.998,1
s37568,0.708,1
s37569,1.0,1
s37570,0.616,1
s37571,0.851,1
s37572,0.75,1
s37573,0.7070000000000001,1
s37574,0.797,1
s37575,0.708,1
s37576,0.996,1
s37577,0.987,1
s37578,1.0,1
s37579,1.0,1
s37580,1.0,1
s37581,1.0,1
s37582,1.0,1
s37583,0.851,1
s37584,0.574,1
s37585,1.0,1
s37586,0.998,1
s37587,0.586,1
s37588,0.792,1
s37589,0.9940000000000001,1
s37590,0.6,1
s37591,0.6829999999999999,1
s37592,0.6940000000000001,1
s37593,0.816,1
s37594,1.0,1
s37595,0.996,1
s37596,0.995,1
s37597,0.995,1
s37598,0.6659999999999999,1
s37599,0.7140000000000001,1
s37600,0.998,1
s37601,0.9309999999999999,1
s37602,0.9570000000000001,1
s37603,1.0,1
s37604,0.0,0
s37605,1.0,1
s37606,1.0,1
s37607,1.0,1
s37608,0.993,1
s37609,0.99,1
s37610,0.852,1
s37611,1.0,1
s37612,1.0,1
s37613,1.0,1
s37614,1.0,1
s37615,1.0,1
s37616,0.8290000000000001,1
s37617,1.0,1
s37618,1.0,1
s37619,1.0,1
s37620,1.0,1
s37621,1.0,1
s37622,0.9940000000000001,1
s37623,0.8190000000000001,1
s37624,0.996,1
s37625,0.848,1
s37626,0.983,1
s37627,1.0,1
s37628,0.584,1
s37629,0.946,1
s37630,1.0,1
s37631,1.0,1
s37632,1.0,1
s37633,0.995,1
s37634,1.0,1
s37635,0.976,1
s37636,0.998,1
s37637,1.0,1
s37638,1.0,1
s37639,0.997,1
s37640,1.0,1
s37641,0.802,1
s37642,0.804,1
s37643,0.804,1
s37644,0.889,1
s37645,0.998,1
s37646,1.0,1
s37647,0.996,1
s37648,0.7609999999999999,1
s37649,0.85,1
s37650,1.0,1
s37651,1.0,1
s37652,0.879,1
s37653,0.988,1
s37654,0.871,1
s37655,1.0,1
s37656,1.0,1
s37657,0.654,1
s37658,1.0,1
s37659,0.7879999999999999,1
s37660,0.8009999999999999,1
s37661,0.925,1
s37662,1.0,1
s37663,0.992,1
s37664,0.987,1
s37665,0.99,1
s37666,1.0,1
s37667,1.0,1
s37668,0.9940000000000001,1
s37669,0.637,1
s37670,0.997,1
s37671,0.998,1
s37672,1.0,1
s37673,0.968,1
s37674,0.992,1
s37675,0.997,1
s37676,1.0,1
s37677,0.922,1
s37678,0.996,1
s37679,0.985,1
s37680,0.988,1
s37681,0.992,1
s37682,1.0,1
s37683,0.861,1
s37684,1.0,1
s37685,1.0,1
s37686,1.0,1
s37687,1.0,1
s37688,1.0,1
s37689,1.0,1
s37690,1.0,1
s37691,0.995,1
s37692,0.968,1
s37693,0.713,1
s37694,0.995,1
s37695,0.991,1
s37696,0.991,1
s37697,0.909,1
s37698,0.67,1
s37699,0.977,1
s37700,0.982,1
s37701,0.998,1
s37702,1.0,1
s37703,1.0,1
s37704,1.0,1
s37705,1.0,1
s37706,1.0,1
s37707,1.0,1
s37708,1.0,1
s37709,1.0,1
s37710,0.9890000000000001,1
s37711,1.0,1
s37712,1.0,1
s37713,0.991,1
s37714,0.8140000000000001,1
s37715,0.894,1
s37716,0.991,1
s37717,0.753,1
s37718,0.76,1
s37719,1.0,1
s37720,0.784,1
s37721,0.578,1
s37722,1.0,1
s37723,0.997,1
s37724,0.7859999999999999,1
s37725,0.843,1
s37726,1.0,1
s37727,1.0,1
s37728,1.0,1
s37729,0.8340000000000001,1
s37730,0.987,1
s37731,0.8240000000000001,1
s37732,0.99,1
s37733,0.991,1
s37734,0.348,1
s37735,0.389,1
s37736,0.539,1
s37737,1.0,1
s37738,0.78,1
s37739,0.956,1
s37740,0.9940000000000001,1
s37741,1.0,1
s37742,0.772,1
s37743,0.8740000000000001,1
s37744,0.981,1
s37745,0.976,1
s37746,1.0,1
s37747,1.0,1
s37748,1.0,1
s37749,1.0,1
s37750,0.9890000000000001,1
s37751,0.74,1
s37752,1.0,1
s37753,0.971,1
s37754,0.873,1
s37755,0.998,1
s37756,0.828,1
s37757,0.981,1
s37758,0.998,1
s37759,0.871,1
s37760,0.6940000000000001,1
s37761,0.708,1
s37762,0.565,1
s37763,1.0,1
s37764,0.637,1
s37765,0.635,1
s37766,1.0,1
s37767,0.951,1
s37768,0.963,1
s37769,0.9390000000000001,1
s37770,0.653,1
s37771,0.7090000000000001,1
s37772,0.987,1
s37773,0.653,1
s37774,0.809,1
s37775,0.997,1
s37776,0.9990000000000001,1
s37777,0.775,1
s37778,1.0,1
s37779,1.0,1
s37780,0.917,1
s37781,0.66,1
s37782,0.8,1
s37783,0.7959999999999999,1
s37784,0.7959999999999999,1
s37785,0.7959999999999999,1
s37786,0.7959999999999999,1
s37787,0.9329999999999999,1
s37788,1.0,1
s37789,0.98,1
s37790,1.0,1
s37791,0.615,1
s37792,0.988,1
s37793,0.988,1
s37794,0.92,1
s37795,1.0,1
s37796,1.0,1
s37797,1.0,1
s37798,0.9009999999999999,1
s37799,0.6659999999999999,1
s37800,0.659,1
s37801,1.0,1
s37802,0.975,1
s37803,0.9670000000000001,1
s37804,0.9740000000000001,1
s37805,0.976,1
s37806,0.975,1
s37807,0.996,1
s37808,0.68,1
s37809,0.698,1
s37810,1.0,1
s37811,0.693,1
s37812,1.0,1
s37813,0.77,1
s37814,0.84,1
s37815,0.879,1
s37816,0.836,1
s37817,0.875,1
s37818,0.608,1
s37819,1.0,1
s37820,1.0,1
s37821,0.9990000000000001,1
s37822,0.9990000000000001,1
s37823,0.9990000000000001,1
s37824,0.9990000000000001,1
s37825,1.0,1
s37826,0.82,1
s37827,0.8440000000000001,1
s37828,0.885,1
s37829,0.883,1
s37830,1.0,1
s37831,1.0,1
s37832,1.0,1
s37833,0.919,1
s37834,0.55,1
s37835,1.0,1
s37836,1.0,1
s37837,0.9940000000000001,1
s37838,1.0,1
s37839,0.6609999999999999,1
s37840,0.998,1
s37841,1.0,1
s37842,1.0,1
s37843,0.975,1
s37844,1.0,1
s37845,0.9990000000000001,1
s37846,0.5660000000000001,1
s37847,1.0,1
s37848,1.0,1
s37849,1.0,1
s37850,0.991,1
s37851,0.5770000000000001,1
s37852,1.0,1
s37853,0.997,1
s37854,0.789,1
s37855,1.0,1
s37856,0.9840000000000001,1
s37857,0.997,1
s37858,0.992,1
s37859,0.9940000000000001,1
s37860,0.986,1
s37861,0.7859999999999999,1
s37862,1.0,1
s37863,0.987,1
s37864,0.6579999999999999,1
s37865,1.0,1
s37866,0.9890000000000001,1
s37867,1.0,1
s37868,1.0,1
s37869,1.0,1
s37870,1.0,1
s37871,1.0,1
s37872,1.0,1
s37873,0.997,1
s37874,0.997,1
s37875,1.0,1
s37876,0.982,1
s37877,0.998,1
s37878,0.993,1
s37879,1.0,1
s37880,1.0,1
s37881,0.605,1
s37882,1.0,1
s37883,0.605,1
s37884,0.8109999999999999,1
s37885,0.892,1
s37886,1.0,1
s37887,1.0,1
s37888,0.888,1
s37889,0.809,1
s37890,0.8859999999999999,1
s37891,0.992,1
s37892,0.997,1
s37893,1.0,1
s37894,0.835,1
s37895,0.6990000000000001,1
s37896,0.987,1
s37897,0.593,1
s37898,0.753,1
s37899,0.715,1
s37900,1.0,1
s37901,0.612,1
s37902,0.647,1
s37903,0.972,1
s37904,0.61,1
s37905,0.998,1
s37906,0.997,1
s37907,0.6970000000000001,1
s37908,0.6970000000000001,1
s37909,0.602,1
s37910,0.8240000000000001,1
s37911,0.7879999999999999,1
s37912,1.0,1
s37913,0.996,1
s37914,0.992,1
s37915,0.997,1
s37916,0.997,1
s37917,0.997,1
s37918,0.998,1
s37919,1.0,1
s37920,1.0,1
s37921,0.574,1
s37922,0.9890000000000001,1
s37923,0.8690000000000001,1
s37924,0.887,1
s37925,1.0,1
s37926,1.0,1
s37927,0.958,1
s37928,0.889,1
s37929,1.0,1
s37930,0.879,1
s37931,1.0,1
s37932,0.858,1
s37933,0.8740000000000001,1
s37934,0.998,1
s37935,0.998,1
s37936,0.998,1
s37937,0.6629999999999999,1
s37938,0.998,1
s37939,0.992,1
s37940,1.0,1
s37941,1.0,1
s37942,0.991,1
s37943,1.0,1
s37944,0.608,1
s37945,0.99,1
s37946,1.0,1
s37947,1.0,1
s37948,0.612,1
s37949,0.998,1
s37950,1.0,1
s37951,0.996,1
s37952,0.996,1
s37953,0.995,1
s37954,0.995,1
s37955,1.0,1
s37956,0.789,1
s37957,1.0,1
s37958,0.991,1
s37959,0.565,1
s37960,0.919,1
s37961,1.0,1
s37962,0.634,1
s37963,1.0,1
s37964,0.669,1
s37965,1.0,1
s37966,1.0,1
s37967,0.6609999999999999,1
s37968,0.8440000000000001,1
s37969,0.8059999999999999,1
s37970,0.846,1
s37971,0.805,1
s37972,0.997,1
s37973,0.9990000000000001,1
s37974,0.6940000000000001,1
s37975,0.81,1
s37976,0.985,1
s37977,0.7609999999999999,1
s37978,1.0,1
s37979,1.0,1
s37980,0.7609999999999999,1
s37981,1.0,1
s37982,1.0,1
s37983,1.0,1
s37984,1.0,1
s37985,1.0,1
s37986,0.677,1
s37987,0.946,1
s37988,1.0,1
s37989,0.573,1
s37990,1.0,1
s37991,0.995,1
s37992,1.0,1
s37993,0.9990000000000001,1
s37994,1.0,1
s37995,0.7120000000000001,1
s37996,0.583,1
s37997,0.581,1
s37998,0.996,1
s37999,0.966,1
s38000,0.84,1
s38001,0.846,1
s38002,1.0,1
s38003,0.9520000000000001,1
s38004,1.0,1
s38005,0.995,1
s38006,1.0,1
s38007,0.748,1
s38008,1.0,1
s38009,0.6679999999999999,1
s38010,0.978,1
s38011,0.966,1
s38012,0.983,1
s38013,0.544,1
s38014,0.996,1
s38015,0.653,1
s38016,0.85,1
s38017,0.992,1
s38018,0.9570000000000001,1
s38019,0.992,1
s38020,0.992,1
s38021,0.986,1
s38022,0.985,1
s38023,1.0,1
s38024,0.9229999999999999,1
s38025,0.917,1
s38026,0.9259999999999999,1
s38027,0.5820000000000001,1
s38028,0.772,1
s38029,0.5770000000000001,1
s38030,0.977,1
s38031,0.8759999999999999,1
s38032,1.0,1
s38033,1.0,1
s38034,0.965,1
s38035,1.0,1
s38036,0.847,1
s38037,1.0,1
s38038,0.991,1
s38039,1.0,1
s38040,0.996,1
s38041,1.0,1
s38042,1.0,1
s38043,0.893,1
s38044,0.605,1
s38045,0.607,1
s38046,0.968,1
s38047,1.0,1
s38048,0.996,1
s38049,0.917,1
s38050,0.813,1
s38051,0.879,1
s38052,0.823,1
s38053,0.637,1
s38054,0.684,1
s38055,0.8,1
s38056,0.997,1
s38057,0.997,1
s38058,0.941,1
s38059,0.8170000000000001,1
s38060,0.836,1
s38061,1.0,1
s38062,0.7340000000000001,1
s38063,0.919,1
s38064,0.978,1
s38065,1.0,1
s38066,1.0,1
s38067,0.99,1
s38068,0.546,1
s38069,0.995,1
s38070,1.0,1
s38071,1.0,1
s38072,1.0,1
s38073,1.0,1
s38074,0.998,1
s38075,1.0,1
s38076,0.993,1
s38077,1.0,1
s38078,1.0,1
s38079,1.0,1
s38080,0.99,1
s38081,0.853,1
s38082,0.828,1
s38083,1.0,1
s38084,1.0,1
s38085,1.0,1
s38086,0.82,1
s38087,1.0,1
s38088,1.0,1
s38089,0.9940000000000001,1
s38090,0.82,1
s38091,0.9640000000000001,1
s38092,0.997,1
s38093,0.893,1
s38094,0.987,1
s38095,1.0,1
s38096,0.982,1
s38097,0.8959999999999999,1
s38098,0.982,1
s38099,1.0,1
s38100,1.0,1
s38101,0.539,1
s38102,0.78,1
s38103,1.0,1
s38104,1.0,1
s38105,0.995,1
s38106,0.992,1
s38107,0.7440000000000001,1
s38108,0.9990000000000001,1
s38109,0.872,1
s38110,1.0,1
s38111,0.997,1
s38112,0.996,1
s38113,0.996,1
s38114,0.996,1
s38115,0.9590000000000001,1
s38116,0.9590000000000001,1
s38117,0.997,1
s38118,0.997,1
s38119,1.0,1
s38120,1.0,1
s38121,0.992,1
s38122,0.674,1
s38123,0.9590000000000001,1
s38124,0.9590000000000001,1
s38125,0.462,1
s38126,0.536,1
s38127,1.0,1
s38128,0.797,1
s38129,1.0,1
s38130,1.0,1
s38131,1.0,1
s38132,1.0,1
s38133,0.705,1
s38134,1.0,1
s38135,0.934,1
s38136,1.0,1
s38137,0.8320000000000001,1
s38138,0.892,1
s38139,0.74,1
s38140,1.0,1
s38141,0.518,1
s38142,0.541,1
s38143,0.684,1
s38144,0.7879999999999999,1
s38145,1.0,1
s38146,0.695,1
s38147,0.772,1
s38148,1.0,1
s38149,0.996,1
s38150,1.0,1
s38151,1.0,1
s38152,0.6729999999999999,1
s38153,0.6459999999999999,1
s38154,0.7829999999999999,1
s38155,0.8370000000000001,1
s38156,0.5489999999999999,1
s38157,0.728,1
s38158,1.0,1
s38159,0.534,1
s38160,1.0,1
s38161,0.993,1
s38162,0.677,1
s38163,0.68,1
s38164,0.987,1
s38165,0.9890000000000001,1
s38166,0.988,1
s38167,1.0,1
s38168,0.993,1
s38169,0.995,1
s38170,0.988,1
s38171,0.639,1
s38172,1.0,1
s38173,1.0,1
s38174,1.0,1
s38175,0.885,1
s38176,0.879,1
s38177,1.0,1
s38178,0.997,1
s38179,1.0,1
s38180,0.995,1
s38181,0.743,1
s38182,0.802,1
s38183,1.0,1
s38184,0.7979999999999999,1
s38185,0.84,1
s38186,1.0,1
s38187,0.74,1
s38188,1.0,1
s38189,1.0,1
s38190,0.981,1
s38191,1.0,1
s38192,0.9740000000000001,1
s38193,0.935,1
s38194,1.0,1
s38195,1.0,1
s38196,0.97,1
s38197,1.0,1
s38198,1.0,1
s38199,0.998,1
s38200,0.996,1
s38201,1.0,1
s38202,1.0,1
s38203,0.995,1
s38204,1.0,1
s38205,0.8290000000000001,1
s38206,0.589,1
s38207,0.884,1
s38208,1.0,1
s38209,0.7440000000000001,1
s38210,0.991,1
s38211,0.953,1
s38212,1.0,1
s38213,0.97,1
s38214,0.997,1
s38215,0.74,1
s38216,0.7190000000000001,1
s38217,0.9640000000000001,1
s38218,1.0,1
s38219,1.0,1
s38220,0.8220000000000001,1
s38221,1.0,1
s38222,0.965,1
s38223,0.855,1
s38224,1.0,1
s38225,1.0,1
s38226,1.0,1
s38227,0.951,1
s38228,0.938,1
s38229,0.986,1
s38230,0.915,1
s38231,0.711,1
s38232,0.976,1
s38233,1.0,1
s38234,0.972,1
s38235,0.958,1
s38236,0.741,1
s38237,0.996,1
s38238,0.996,1
s38239,0.759,1
s38240,0.996,1
s38241,1.0,1
s38242,1.0,1
s38243,1.0,1
s38244,0.583,1
s38245,1.0,1
s38246,0.6990000000000001,1
s38247,0.6990000000000001,1
s38248,0.6990000000000001,1
s38249,0.992,1
s38250,0.995,1
s38251,0.914,1
s38252,0.882,1
s38253,1.0,1
s38254,0.853,1
s38255,1.0,1
s38256,0.987,1
s38257,1.0,1
s38258,0.907,1
s38259,1.0,1
s38260,1.0,1
s38261,1.0,1
s38262,0.997,1
s38263,0.983,1
s38264,0.995,1
s38265,0.693,1
s38266,0.9990000000000001,1
s38267,0.998,1
s38268,1.0,1
s38269,1.0,1
s38270,0.9890000000000001,1
s38271,1.0,1
s38272,1.0,1
s38273,0.993,1
s38274,0.971,1
s38275,0.7959999999999999,1
s38276,0.9259999999999999,1
s38277,1.0,1
s38278,1.0,1
s38279,0.998,1
s38280,0.998,1
s38281,1.0,1
s38282,0.997,1
s38283,1.0,1
s38284,0.995,1
s38285,0.99,1
s38286,1.0,1
s38287,0.997,1
s38288,0.997,1
s38289,1.0,1
s38290,0.7929999999999999,1
s38291,0.996,1
s38292,1.0,1
s38293,1.0,1
s38294,0.718,1
s38295,0.9990000000000001,1
s38296,0.847,1
s38297,0.9940000000000001,1
s38298,0.7040000000000001,1
s38299,0.9990000000000001,1
s38300,0.9990000000000001,1
s38301,0.995,1
s38302,0.7859999999999999,1
s38303,0.897,1
s38304,0.991,1
s38305,1.0,1
s38306,0.997,1
s38307,0.997,1
s38308,0.693,1
s38309,0.621,1
s38310,0.6759999999999999,1
s38311,0.6759999999999999,1
s38312,0.6759999999999999,1
s38313,0.6829999999999999,1
s38314,0.6759999999999999,1
s38315,0.978,1
s38316,0.6709999999999999,1
s38317,0.985,1
s38318,0.52,1
s38319,1.0,1
s38320,1.0,1
s38321,1.0,1
s38322,1.0,1
s38323,1.0,1
s38324,1.0,1
s38325,1.0,1
s38326,1.0,1
s38327,1.0,1
s38328,1.0,1
s38329,1.0,1
s38330,1.0,1
s38331,0.631,1
s38332,1.0,1
s38333,1.0,1
s38334,1.0,1
s38335,1.0,1
s38336,0.997,1
s38337,0.992,1
s38338,1.0,1
s38339,1.0,1
s38340,0.682,1
s38341,0.996,1
s38342,0.579,1
s38343,1.0,1
s38344,1.0,1
s38345,0.518,1
s38346,1.0,1
s38347,1.0,1
s38348,0.7490000000000001,1
s38349,0.685,1
s38350,0.754,1
s38351,0.752,1
s38352,1.0,1
s38353,1.0,1
s38354,0.996,1
s38355,0.604,1
s38356,1.0,1
s38357,0.8740000000000001,1
s38358,0.992,1
s38359,0.777,1
s38360,0.623,1
s38361,0.654,1
s38362,0.752,1
s38363,0.836,1
s38364,0.7659999999999999,1
s38365,0.987,1
s38366,1.0,1
s38367,1.0,1
s38368,1.0,1
s38369,0.6779999999999999,1
s38370,0.774,1
s38371,1.0,1
s38372,0.8690000000000001,1
s38373,0.7609999999999999,1
s38374,1.0,1
s38375,0.993,1
s38376,1.0,1
s38377,1.0,1
s38378,0.67,1
s38379,0.924,1
s38380,0.9940000000000001,1
s38381,0.993,1
s38382,0.991,1
s38383,0.991,1
s38384,0.99,1
s38385,0.99,1
s38386,0.998,1
s38387,0.99,1
s38388,1.0,1
s38389,0.9940000000000001,1
s38390,1.0,1
s38391,0.9890000000000001,1
s38392,1.0,1
s38393,1.0,1
s38394,1.0,1
s38395,0.7809999999999999,1
s38396,0.982,1
s38397,0.6890000000000001,1
s38398,0.6940000000000001,1
s38399,0.922,1
s38400,0.584,1
s38401,1.0,1
s38402,0.5489999999999999,1
s38403,0.664,1
s38404,0.985,1
s38405,1.0,1
s38406,1.0,1
s38407,0.6890000000000001,1
s38408,1.0,1
s38409,0.997,1
s38410,0.6890000000000001,1
s38411,0.662,1
s38412,0.745,1
s38413,1.0,1
s38414,0.893,1
s38415,1.0,1
s38416,0.992,1
s38417,0.992,1
s38418,1.0,1
s38419,1.0,1
s38420,0.976,1
s38421,0.9390000000000001,1
s38422,0.8,1
s38423,1.0,1
s38424,1.0,1
s38425,1.0,1
s38426,1.0,1
s38427,1.0,1
s38428,0.9590000000000001,1
s38429,0.8440000000000001,1
s38430,0.988,1
s38431,0.997,1
s38432,0.534,1
s38433,0.852,1
s38434,0.848,1
s38435,0.708,1
s38436,0.998,1
s38437,1.0,1
s38438,0.8390000000000001,1
s38439,0.9790000000000001,1
s38440,0.987,1
s38441,0.765,1
s38442,0.882,1
s38443,1.0,1
s38444,1.0,1
s38445,1.0,1
s38446,1.0,1
s38447,1.0,1
s38448,1.0,1
s38449,1.0,1
s38450,0.996,1
s38451,0.8029999999999999,1
s38452,0.988,1
s38453,1.0,1
s38454,1.0,1
s38455,0.976,1
s38456,0.98,1
s38457,0.922,1
s38458,0.836,1
s38459,0.922,1
s38460,0.836,1
s38461,0.898,1
s38462,0.818,1
s38463,0.9940000000000001,1
s38464,1.0,1
s38465,1.0,1
s38466,1.0,1
s38467,0.9940000000000001,1
s38468,0.9940000000000001,1
s38469,0.99,1
s38470,1.0,1
s38471,0.813,1
s38472,0.998,1
s38473,0.733,1
s38474,0.764,1
s38475,0.843,1
s38476,0.845,1
s38477,0.635,1
s38478,0.9890000000000001,1
s38479,0.958,1
s38480,0.5379999999999999,1
s38481,0.9940000000000001,1
s38482,0.6729999999999999,1
s38483,1.0,1
s38484,0.6729999999999999,1
s38485,0.785,1
s38486,0.998,1
s38487,1.0,1
s38488,0.9890000000000001,1
s38489,0.775,1
s38490,1.0,1
s38491,0.865,1
s38492,1.0,1
s38493,0.667,1
s38494,0.7090000000000001,1
s38495,0.858,1
s38496,0.813,1
s38497,1.0,1
s38498,0.61,1
s38499,1.0,1
s38500,0.861,1
s38501,0.88,1
s38502,0.7859999999999999,1
s38503,0.7659999999999999,1
s38504,0.845,1
s38505,0.867,1
s38506,0.996,1
s38507,0.996,1
s38508,0.932,1
s38509,0.941,1
s38510,1.0,1
s38511,0.6579999999999999,1
s38512,0.946,1
s38513,0.946,1
s38514,0.988,1
s38515,0.9620000000000001,1
s38516,0.7040000000000001,1
s38517,0.9690000000000001,1
s38518,0.555,1
s38519,0.997,1
s38520,0.997,1
s38521,0.997,1
s38522,0.997,1
s38523,0.667,1
s38524,0.7020000000000001,1
s38525,0.624,1
s38526,0.898,1
s38527,1.0,1
s38528,1.0,1
s38529,0.983,1
s38530,0.991,1
s38531,0.7020000000000001,1
s38532,0.597,1
s38533,0.909,1
s38534,0.8490000000000001,1
s38535,1.0,1
s38536,0.7829999999999999,1
s38537,1.0,1
s38538,0.643,1
s38539,0.578,1
s38540,0.917,1
s38541,0.995,1
s38542,0.998,1
s38543,1.0,1
s38544,0.986,1
s38545,0.915,1
s38546,1.0,1
s38547,1.0,1
s38548,1.0,1
s38549,1.0,1
s38550,0.997,1
s38551,0.7659999999999999,1
s38552,1.0,1
s38553,0.968,1
s38554,0.998,1
s38555,0.998,1
s38556,1.0,1
s38557,0.998,1
s38558,1.0,1
s38559,0.768,1
s38560,0.88,1
s38561,0.9890000000000001,1
s38562,0.638,1
s38563,0.7879999999999999,1
s38564,0.8740000000000001,1
s38565,0.836,1
s38566,0.91,1
s38567,0.8759999999999999,1
s38568,1.0,1
s38569,0.997,1
s38570,1.0,1
s38571,0.992,1
s38572,1.0,1
s38573,0.603,1
s38574,1.0,1
s38575,0.728,1
s38576,0.997,1
s38577,0.997,1
s38578,0.997,1
s38579,0.9940000000000001,1
s38580,0.992,1
s38581,0.9209999999999999,1
s38582,1.0,1
s38583,0.9470000000000001,1
s38584,0.57,1
s38585,0.9490000000000001,1
s38586,0.9470000000000001,1
s38587,0.9440000000000001,1
s38588,1.0,1
s38589,0.9390000000000001,1
s38590,0.9209999999999999,1
s38591,0.878,1
s38592,0.9390000000000001,1
s38593,0.995,1
s38594,0.995,1
s38595,0.825,1
s38596,0.8320000000000001,1
s38597,0.987,1
s38598,0.9179999999999999,1
s38599,0.831,1
s38600,0.8859999999999999,1
s38601,0.823,1
s38602,0.851,1
s38603,0.9890000000000001,1
s38604,1.0,1
s38605,0.987,1
s38606,0.978,1
s38607,0.777,1
s38608,1.0,1
s38609,0.938,1
s38610,0.961,1
s38611,0.691,1
s38612,0.584,1
s38613,1.0,1
s38614,0.997,1
s38615,0.938,1
s38616,0.81,1
s38617,0.858,1
s38618,0.9540000000000001,1
s38619,0.828,1
s38620,0.992,1
s38621,0.768,1
s38622,0.998,1
s38623,0.899,1
s38624,0.867,1
s38625,0.907,1
s38626,1.0,1
s38627,0.998,1
s38628,0.998,1
s38629,0.983,1
s38630,0.759,1
s38631,0.812,1
s38632,0.8440000000000001,1
s38633,1.0,1
s38634,0.894,1
s38635,0.892,1
s38636,0.951,1
s38637,1.0,1
s38638,0.866,1
s38639,0.659,1
s38640,0.988,1
s38641,0.991,1
s38642,0.8220000000000001,1
s38643,0.993,1
s38644,0.996,1
s38645,0.634,1
s38646,0.685,1
s38647,0.99,1
s38648,1.0,1
s38649,1.0,1
s38650,1.0,1
s38651,1.0,1
s38652,0.669,1
s38653,0.9159999999999999,1
s38654,0.868,1
s38655,0.752,1
s38656,0.7809999999999999,1
s38657,0.6679999999999999,1
s38658,0.606,1
s38659,1.0,1
s38660,0.993,1
s38661,1.0,1
s38662,1.0,1
s38663,0.977,1
s38664,1.0,1
s38665,0.977,1
s38666,0.731,1
s38667,0.9570000000000001,1
s38668,1.0,1
s38669,1.0,1
s38670,1.0,1
s38671,0.924,1
s38672,0.929,1
s38673,0.99,1
s38674,0.831,1
s38675,1.0,1
s38676,0.825,1
s38677,0.995,1
s38678,1.0,1
s38679,0.746,1
s38680,1.0,1
s38681,0.633,1
s38682,1.0,1
s38683,0.9990000000000001,1
s38684,1.0,1
s38685,0.932,1
s38686,1.0,1
s38687,0.99,1
s38688,0.938,1
s38689,0.7979999999999999,1
s38690,0.909,1
s38691,1.0,1
s38692,0.9840000000000001,1
s38693,0.77,1
s38694,0.8859999999999999,1
s38695,0.6829999999999999,1
s38696,0.6829999999999999,1
s38697,1.0,1
s38698,0.924,1
s38699,0.9890000000000001,1
s38700,0.845,1
s38701,0.856,1
s38702,0.976,1
s38703,0.818,1
s38704,0.866,1
s38705,1.0,1
s38706,1.0,1
s38707,0.998,1
s38708,1.0,1
s38709,0.976,1
s38710,0.992,1
s38711,0.621,1
s38712,0.866,1
s38713,0.888,1
s38714,0.754,1
s38715,0.871,1
s38716,0.883,1
s38717,1.0,1
s38718,0.8959999999999999,1
s38719,0.9940000000000001,1
s38720,1.0,1
s38721,1.0,1
s38722,0.977,1
s38723,0.9940000000000001,1
s38724,1.0,1
s38725,0.6409999999999999,1
s38726,0.638,1
s38727,0.733,1
s38728,0.85,1
s38729,0.743,1
s38730,1.0,1
s38731,0.98,1
s38732,0.61,1
s38733,0.992,1
s38734,0.6629999999999999,1
s38735,0.6579999999999999,1
s38736,0.7829999999999999,1
s38737,0.8740000000000001,1
s38738,0.779,1
s38739,0.813,1
s38740,0.892,1
s38741,1.0,1
s38742,1.0,1
s38743,0.887,1
s38744,1.0,1
s38745,0.991,1
s38746,0.981,1
s38747,0.8440000000000001,1
s38748,0.8109999999999999,1
s38749,1.0,1
s38750,0.99,1
s38751,1.0,1
s38752,1.0,1
s38753,0.7070000000000001,1
s38754,0.7070000000000001,1
s38755,1.0,1
s38756,1.0,1
s38757,0.7140000000000001,1
s38758,0.745,1
s38759,0.985,1
s38760,0.992,1
s38761,1.0,1
s38762,0.998,1
s38763,0.997,1
s38764,1.0,1
s38765,1.0,1
s38766,0.919,1
s38767,0.9279999999999999,1
s38768,0.805,1
s38769,1.0,1
s38770,0.997,1
s38771,0.828,1
s38772,0.708,1
s38773,0.812,1
s38774,0.996,1
s38775,1.0,1
s38776,0.6940000000000001,1
s38777,0.998,1
s38778,1.0,1
s38779,1.0,1
s38780,1.0,1
s38781,1.0,1
s38782,0.9940000000000001,1
s38783,0.9940000000000001,1
s38784,1.0,1
s38785,0.63,1
s38786,1.0,1
s38787,0.993,1
s38788,0.97,1
s38789,1.0,1
s38790,0.6409999999999999,1
s38791,0.998,1
s38792,1.0,1
s38793,0.988,1
s38794,1.0,1
s38795,1.0,1
s38796,0.998,1
s38797,1.0,1
s38798,0.998,1
s38799,0.5870000000000001,1
s38800,0.877,1
s38801,0.995,1
s38802,0.759,1
s38803,0.763,1
s38804,0.8640000000000001,1
s38805,0.787,1
s38806,0.8029999999999999,1
s38807,0.907,1
s38808,0.7190000000000001,1
s38809,0.996,1
s38810,0.897,1
s38811,0.894,1
s38812,1.0,1
s38813,1.0,1
s38814,0.825,1
s38815,0.915,1
s38816,1.0,1
s38817,1.0,1
s38818,1.0,1
s38819,0.963,1
s38820,0.995,1
s38821,0.595,1
s38822,0.757,1
s38823,0.7659999999999999,1
s38824,0.993,1
s38825,1.0,1
s38826,0.9940000000000001,1
s38827,1.0,1
s38828,0.546,1
s38829,1.0,1
s38830,0.6779999999999999,1
s38831,0.996,1
s38832,1.0,1
s38833,0.9440000000000001,1
s38834,0.8390000000000001,1
s38835,0.922,1
s38836,1.0,1
s38837,0.9840000000000001,1
s38838,0.835,1
s38839,0.9159999999999999,1
s38840,0.725,1
s38841,0.8390000000000001,1
s38842,0.706,1
s38843,0.8420000000000001,1
s38844,0.9840000000000001,1
s38845,0.986,1
s38846,0.9840000000000001,1
s38847,0.934,1
s38848,0.983,1
s38849,0.8440000000000001,1
s38850,0.843,1
s38851,0.991,1
s38852,1.0,1
s38853,1.0,1
s38854,1.0,1
s38855,0.9840000000000001,1
s38856,1.0,1
s38857,1.0,1
s38858,1.0,1
s38859,0.9840000000000001,1
s38860,0.688,1
s38861,0.9940000000000001,1
s38862,0.99,1
s38863,0.601,1
s38864,1.0,1
s38865,1.0,1
s38866,0.99,1
s38867,1.0,1
s38868,1.0,1
s38869,0.904,1
s38870,1.0,1
s38871,1.0,1
s38872,0.99,1
s38873,1.0,1
s38874,0.993,1
s38875,0.988,1
s38876,0.988,1
s38877,1.0,1
s38878,1.0,1
s38879,1.0,1
s38880,1.0,1
s38881,0.99,1
s38882,0.6809999999999999,1
s38883,1.0,1
s38884,0.995,1
s38885,0.951,1
s38886,0.691,1
s38887,1.0,1
s38888,0.9690000000000001,1
s38889,1.0,1
s38890,0.9940000000000001,1
s38891,0.997,1
s38892,0.995,1
s38893,1.0,1
s38894,1.0,1
s38895,1.0,1
s38896,0.848,1
s38897,1.0,1
s38898,0.825,1
s38899,0.904,1
s38900,1.0,1
s38901,0.993,1
s38902,0.992,1
s38903,1.0,1
s38904,1.0,1
s38905,0.914,1
s38906,0.968,1
s38907,0.995,1
s38908,0.996,1
s38909,1.0,1
s38910,0.787,1
s38911,0.924,1
s38912,0.978,1
s38913,0.983,1
s38914,0.8290000000000001,1
s38915,0.807,1
s38916,0.825,1
s38917,0.797,1
s38918,0.82,1
s38919,0.816,1
s38920,0.787,1
s38921,0.873,1
s38922,0.998,1
s38923,1.0,1
s38924,0.982,1
s38925,0.897,1
s38926,0.586,1
s38927,1.0,1
s38928,0.995,1
s38929,0.846,1
s38930,0.687,1
s38931,0.9840000000000001,1
s38932,0.518,1
s38933,0.893,1
s38934,0.726,1
s38935,0.89,1
s38936,0.823,1
s38937,0.993,1
s38938,0.78,1
s38939,1.0,1
s38940,1.0,1
s38941,1.0,1
s38942,0.986,1
s38943,0.764,1
s38944,1.0,1
s38945,1.0,1
s38946,0.997,1
s38947,0.5720000000000001,1
s38948,0.667,1
s38949,0.614,1
s38950,0.455,1
s38951,0.753,1
s38952,0.625,1
s38953,0.987,1
s38954,1.0,1
s38955,0.599,1
s38956,0.977,1
s38957,1.0,1
s38958,0.6579999999999999,1
s38959,0.9990000000000001,1
s38960,0.9890000000000001,1
s38961,1.0,1
s38962,1.0,1
s38963,0.496,1
s38964,0.996,1
s38965,0.607,1
s38966,0.612,1
s38967,1.0,1
s38968,0.985,1
s38969,1.0,1
s38970,0.998,1
s38971,0.995,1
s38972,1.0,1
s38973,1.0,1
s38974,0.9940000000000001,1
s38975,1.0,1
s38976,0.986,1
s38977,0.602,1
s38978,0.993,1
s38979,0.9840000000000001,1
s38980,1.0,1
s38981,0.9940000000000001,1
s38982,0.58,1
s38983,0.998,1
s38984,0.9890000000000001,1
s38985,0.679,1
s38986,0.7959999999999999,1
s38987,0.7609999999999999,1
s38988,0.997,1
s38989,0.993,1
s38990,0.9690000000000001,1
s38991,1.0,1
s38992,0.97,1
s38993,0.9940000000000001,1
s38994,1.0,1
s38995,0.657,1
s38996,1.0,1
s38997,1.0,1
s38998,0.9259999999999999,1
s38999,0.825,1
s39000,0.785,1
s39001,0.8220000000000001,1
s39002,0.557,1
s39003,1.0,1
s39004,1.0,1
s39005,0.9990000000000001,1
s39006,0.9990000000000001,1
s39007,1.0,1
s39008,1.0,1
s39009,0.7090000000000001,1
s39010,0.5760000000000001,1
s39011,0.997,1
s39012,1.0,1
s39013,0.705,1
s39014,0.8370000000000001,1
s39015,0.779,1
s39016,0.87,1
s39017,0.924,1
s39018,0.924,1
s39019,0.774,1
s39020,0.87,1
s39021,0.968,1
s39022,1.0,1
s39023,1.0,1
s39024,1.0,1
s39025,0.7190000000000001,1
s39026,1.0,1
s39027,1.0,1
s39028,0.9990000000000001,1
s39029,0.746,1
s39030,1.0,1
s39031,0.9490000000000001,1
s39032,1.0,1
s39033,1.0,1
s39034,1.0,1
s39035,1.0,1
s39036,0.998,1
s39037,1.0,1
s39038,0.8959999999999999,1
s39039,0.899,1
s39040,1.0,1
s39041,0.9359999999999999,1
s39042,0.978,1
s39043,1.0,1
s39044,0.996,1
s39045,0.987,1
s39046,1.0,1
s39047,0.857,1
s39048,1.0,1
s39049,0.991,1
s39050,1.0,1
s39051,0.8220000000000001,1
s39052,1.0,1
s39053,0.932,1
s39054,0.563,1
s39055,0.991,1
s39056,0.992,1
s39057,0.996,1
s39058,1.0,1
s39059,0.565,1
s39060,0.92,1
s39061,0.924,1
s39062,0.865,1
s39063,0.865,1
s39064,0.674,1
s39065,0.982,1
s39066,1.0,1
s39067,0.625,1
s39068,0.982,1
s39069,0.996,1
s39070,1.0,1
s39071,0.7979999999999999,1
s39072,0.871,1
s39073,0.88,1
s39074,0.8320000000000001,1
s39075,0.85,1
s39076,0.9840000000000001,1
s39077,0.843,1
s39078,0.996,1
s39079,0.987,1
s39080,0.982,1
s39081,0.8220000000000001,1
s39082,0.998,1
s39083,0.6659999999999999,1
s39084,0.92,1
s39085,0.9129999999999999,1
s39086,0.919,1
s39087,0.8109999999999999,1
s39088,0.996,1
s39089,0.9440000000000001,1
s39090,0.934,1
s39091,0.87,1
s39092,0.9109999999999999,1
s39093,0.7559999999999999,1
s39094,0.867,1
s39095,1.0,1
s39096,1.0,1
s39097,1.0,1
s39098,0.804,1
s39099,0.993,1
s39100,0.996,1
s39101,1.0,1
s39102,0.875,1
s39103,0.976,1
s39104,1.0,1
s39105,1.0,1
s39106,1.0,1
s39107,1.0,1
s39108,0.5589999999999999,1
s39109,1.0,1
s39110,1.0,1
s39111,0.924,1
s39112,0.7929999999999999,1
s39113,0.595,1
s39114,0.9940000000000001,1
s39115,0.9129999999999999,1
s39116,0.9109999999999999,1
s39117,0.983,1
s39118,1.0,1
s39119,0.998,1
s39120,0.912,1
s39121,0.9229999999999999,1
s39122,1.0,1
s39123,0.998,1
s39124,1.0,1
s39125,0.612,1
s39126,0.83,1
s39127,0.705,1
s39128,1.0,1
s39129,0.5760000000000001,1
s39130,0.993,1
s39131,0.775,1
s39132,0.9209999999999999,1
s39133,1.0,1
s39134,1.0,1
s39135,0.982,1
s39136,1.0,1
s39137,0.988,1
s39138,1.0,1
s39139,1.0,1
s39140,1.0,1
s39141,1.0,1
s39142,1.0,1
s39143,1.0,1
s39144,1.0,1
s39145,1.0,1
s39146,1.0,1
s39147,1.0,1
s39148,1.0,1
s39149,1.0,1
s39150,1.0,1
s39151,1.0,1
s39152,1.0,1
s39153,1.0,1
s39154,1.0,1
s39155,1.0,1
s39156,1.0,1
s39157,1.0,1
s39158,1.0,1
s39159,1.0,1
s39160,1.0,1
s39161,1.0,1
s39162,0.9990000000000001,1
s39163,1.0,1
s39164,1.0,1
s39165,1.0,1
s39166,1.0,1
s39167,1.0,1
s39168,1.0,1
s39169,1.0,1
s39170,1.0,1
s39171,1.0,1
s39172,1.0,1
s39173,1.0,1
s39174,1.0,1
s39175,1.0,1
s39176,0.9640000000000001,1
s39177,0.975,1
s39178,1.0,1
s39179,0.988,1
s39180,0.998,1
s39181,1.0,1
s39182,1.0,1
s39183,0.8690000000000001,1
s39184,0.9279999999999999,1
s39185,0.8690000000000001,1
s39186,0.934,1
s39187,0.977,1
s39188,0.993,1
s39189,0.98,1
s39190,0.667,1
s39191,1.0,1
s39192,0.652,1
s39193,0.932,1
s39194,0.993,1
s39195,0.8590000000000001,1
s39196,0.855,1
s39197,0.938,1
s39198,0.721,1
s39199,0.986,1
s39200,0.945,1
s39201,0.6940000000000001,1
s39202,0.9840000000000001,1
s39203,0.8270000000000001,1
s39204,0.922,1
s39205,0.9420000000000001,1
s39206,0.816,1
s39207,0.6990000000000001,1
s39208,0.878,1
s39209,0.8270000000000001,1
s39210,0.922,1
s39211,0.987,1
s39212,0.996,1
s39213,0.879,1
s39214,0.922,1
s39215,0.998,1
s39216,0.8909999999999999,1
s39217,0.825,1
s39218,0.997,1
s39219,0.765,1
s39220,0.589,1
s39221,0.617,1
s39222,0.9940000000000001,1
s39223,0.889,1
s39224,0.708,1
s39225,0.7859999999999999,1
s39226,0.82,1
s39227,0.97,1
s39228,0.982,1
s39229,0.813,1
s39230,0.813,1
s39231,0.565,1
s39232,0.9540000000000001,1
s39233,1.0,1
s39234,1.0,1
s39235,0.7020000000000001,1
s39236,0.856,1
s39237,0.8029999999999999,1
s39238,0.7829999999999999,1
s39239,0.88,1
s39240,1.0,1
s39241,0.634,1
s39242,0.787,1
s39243,0.924,1
s39244,0.991,1
s39245,0.98,1
s39246,0.982,1
s39247,0.982,1
s39248,0.971,1
s39249,0.872,1
s39250,0.9670000000000001,1
s39251,0.645,1
s39252,1.0,1
s39253,1.0,1
s39254,0.998,1
s39255,0.835,1
s39256,0.988,1
s39257,1.0,1
s39258,0.985,1
s39259,0.511,1
s39260,0.998,1
s39261,0.7509999999999999,1
s39262,0.71,1
s39263,0.95,1
s39264,0.889,1
s39265,1.0,1
s39266,0.988,1
s39267,0.9940000000000001,1
s39268,1.0,1
s39269,1.0,1
s39270,0.78,1
s39271,1.0,1
s39272,1.0,1
s39273,0.85,1
s39274,0.6559999999999999,1
s39275,1.0,1
s39276,1.0,1
s39277,0.998,1
s39278,0.987,1
s39279,0.99,1
s39280,0.838,1
s39281,0.9159999999999999,1
s39282,0.83,1
s39283,0.88,1
s39284,0.998,1
s39285,0.7959999999999999,1
s39286,1.0,1
s39287,0.991,1
s39288,0.987,1
s39289,0.991,1
s39290,0.8809999999999999,1
s39291,0.6709999999999999,1
s39292,0.7290000000000001,1
s39293,0.995,1
s39294,0.9329999999999999,1
s39295,0.9329999999999999,1
s39296,0.93,1
s39297,0.9520000000000001,1
s39298,1.0,1
s39299,0.537,1
s39300,0.991,1
s39301,0.997,1
s39302,0.997,1
s39303,0.997,1
s39304,0.997,1
s39305,0.642,1
s39306,0.8079999999999999,1
s39307,0.6609999999999999,1
s39308,0.812,1
s39309,0.841,1
s39310,1.0,1
s39311,0.951,1
s39312,1.0,1
s39313,1.0,1
s39314,0.997,1
s39315,1.0,1
s39316,1.0,1
s39317,0.996,1
s39318,0.996,1
s39319,0.992,1
s39320,0.992,1
s39321,0.693,1
s39322,0.8740000000000001,1
s39323,0.856,1
s39324,0.794,1
s39325,0.862,1
s39326,0.789,1
s39327,1.0,1
s39328,0.997,1
s39329,1.0,1
s39330,0.968,1
s39331,0.978,1
s39332,0.987,1
s39333,1.0,1
s39334,0.9840000000000001,1
s39335,0.9440000000000001,1
s39336,0.978,1
s39337,1.0,1
s39338,0.753,1
s39339,0.5820000000000001,1
s39340,0.7390000000000001,1
s39341,0.971,1
s39342,1.0,1
s39343,0.925,1
s39344,0.945,1
s39345,1.0,1
s39346,0.97,1
s39347,0.996,1
s39348,0.8290000000000001,1
s39349,0.977,1
s39350,0.6759999999999999,1
s39351,0.991,1
s39352,1.0,1
s39353,0.9890000000000001,1
s39354,0.625,1
s39355,0.752,1
s39356,0.9470000000000001,1
s39357,0.998,1
s39358,0.986,1
s39359,0.981,1
s39360,0.99,1
s39361,0.988,1
s39362,0.988,1
s39363,0.983,1
s39364,0.981,1
s39365,0.983,1
s39366,0.987,1
s39367,1.0,1
s39368,1.0,1
s39369,0.996,1
s39370,1.0,1
s39371,0.9690000000000001,1
s39372,0.932,1
s39373,0.927,1
s39374,0.953,1
s39375,0.843,1
s39376,0.885,1
s39377,0.882,1
s39378,1.0,1
s39379,1.0,1
s39380,1.0,1
s39381,1.0,1
s39382,0.998,1
s39383,0.998,1
s39384,0.995,1
s39385,1.0,1
s39386,1.0,1
s39387,0.982,1
s39388,0.7759999999999999,1
s39389,0.77,1
s39390,0.6509999999999999,1
s39391,0.9790000000000001,1
s39392,0.9940000000000001,1
s39393,1.0,1
s39394,1.0,1
s39395,0.693,1
s39396,0.736,1
s39397,1.0,1
s39398,0.986,1
s39399,0.862,1
s39400,0.862,1
s39401,0.996,1
s39402,0.983,1
s39403,1.0,1
s39404,1.0,1
s39405,1.0,1
s39406,1.0,1
s39407,1.0,1
s39408,1.0,1
s39409,1.0,1
s39410,1.0,1
s39411,0.845,1
s39412,0.797,1
s39413,0.848,1
s39414,0.838,1
s39415,0.8220000000000001,1
s39416,0.833,1
s39417,1.0,1
s39418,1.0,1
s39419,0.995,1
s39420,1.0,1
s39421,0.799,1
s39422,0.622,1
s39423,0.882,1
s39424,0.986,1
s39425,0.882,1
s39426,1.0,1
s39427,1.0,1
s39428,0.898,1
s39429,0.858,1
s39430,1.0,1
s39431,0.992,1
s39432,0.7440000000000001,1
s39433,1.0,1
s39434,1.0,1
s39435,0.99,1
s39436,0.9840000000000001,1
s39437,0.996,1
s39438,0.8270000000000001,1
s39439,0.8390000000000001,1
s39440,0.996,1
s39441,0.991,1
s39442,0.8270000000000001,1
s39443,0.9890000000000001,1
s39444,0.77,1
s39445,0.7879999999999999,1
s39446,0.904,1
s39447,0.986,1
s39448,0.8640000000000001,1
s39449,0.995,1
s39450,0.977,1
s39451,0.977,1
s39452,0.9890000000000001,1
s39453,0.9940000000000001,1
s39454,0.993,1
s39455,0.985,1
s39456,1.0,1
s39457,1.0,1
s39458,0.9390000000000001,1
s39459,0.7929999999999999,1
s39460,0.763,1
s39461,0.985,1
s39462,0.987,1
s39463,0.9259999999999999,1
s39464,0.9229999999999999,1
s39465,1.0,1
s39466,0.826,1
s39467,1.0,1
s39468,0.7909999999999999,1
s39469,1.0,1
s39470,1.0,1
s39471,0.892,1
s39472,0.518,1
s39473,0.976,1
s39474,0.8170000000000001,1
s39475,0.643,1
s39476,0.635,1
s39477,0.961,1
s39478,0.674,1
s39479,0.649,1
s39480,1.0,1
s39481,1.0,1
s39482,1.0,1
s39483,0.695,1
s39484,1.0,1
s39485,0.6970000000000001,1
s39486,1.0,1
s39487,1.0,1
s39488,0.987,1
s39489,0.997,1
s39490,0.998,1
s39491,1.0,1
s39492,0.998,1
s39493,1.0,1
s39494,1.0,1
s39495,0.981,1
s39496,0.9690000000000001,1
s39497,1.0,1
s39498,0.873,1
s39499,0.873,1
s39500,0.7559999999999999,1
s39501,0.995,1
s39502,1.0,1
s39503,0.8140000000000001,1
s39504,0.8859999999999999,1
s39505,0.951,1
s39506,0.76,1
s39507,0.763,1
s39508,0.7659999999999999,1
s39509,0.903,1
s39510,1.0,1
s39511,0.9590000000000001,1
s39512,0.613,1
s39513,0.7859999999999999,1
s39514,0.846,1
s39515,0.635,1
s39516,0.833,1
s39517,0.934,1
s39518,0.784,1
s39519,0.9570000000000001,1
s39520,0.843,1
s39521,0.8590000000000001,1
s39522,0.998,1
s39523,1.0,1
s39524,0.9940000000000001,1
s39525,0.988,1
s39526,0.679,1
s39527,0.639,1
s39528,0.642,1
s39529,0.677,1
s39530,0.655,1
s39531,1.0,1
s39532,0.968,1
s39533,0.6729999999999999,1
s39534,1.0,1
s39535,0.992,1
s39536,1.0,1
s39537,0.993,1
s39538,1.0,1
s39539,0.69,1
s39540,1.0,1
s39541,1.0,1
s39542,0.757,1
s39543,0.8370000000000001,1
s39544,0.9590000000000001,1
s39545,0.958,1
s39546,0.992,1
s39547,0.997,1
s39548,1.0,1
s39549,1.0,1
s39550,0.9940000000000001,1
s39551,1.0,1
s39552,1.0,1
s39553,1.0,1
s39554,0.997,1
s39555,1.0,1
s39556,0.828,1
s39557,0.8809999999999999,1
s39558,1.0,1
s39559,0.996,1
s39560,0.998,1
s39561,0.996,1
s39562,0.843,1
s39563,1.0,1
s39564,0.7170000000000001,1
s39565,0.584,1
s39566,1.0,1
s39567,0.986,1
s39568,1.0,1
s39569,1.0,1
s39570,1.0,1
s39571,0.72,1
s39572,1.0,1
s39573,0.9890000000000001,1
s39574,0.9890000000000001,1
s39575,0.887,1
s39576,1.0,1
s39577,1.0,1
s39578,0.996,1
s39579,0.977,1
s39580,0.925,1
s39581,0.968,1
s39582,0.922,1
s39583,0.9209999999999999,1
s39584,0.922,1
s39585,0.998,1
s39586,1.0,1
s39587,1.0,1
s39588,0.993,1
s39589,1.0,1
s39590,1.0,1
s39591,0.997,1
s39592,0.997,1
s39593,0.664,1
s39594,0.493,1
s39595,0.843,1
s39596,1.0,1
s39597,0.6759999999999999,1
s39598,0.655,1
s39599,1.0,1
s39600,0.843,1
s39601,0.732,1
s39602,0.652,1
s39603,1.0,1
s39604,1.0,1
s39605,1.0,1
s39606,0.637,1
s39607,1.0,1
s39608,1.0,1
s39609,0.59,1
s39610,1.0,1
s39611,1.0,1
s39612,1.0,1
s39613,1.0,1
s39614,1.0,1
s39615,0.977,1
s39616,0.659,1
s39617,0.8959999999999999,1
s39618,0.599,1
s39619,1.0,1
s39620,0.995,1
s39621,0.657,1
s39622,1.0,1
s39623,0.752,1
s39624,0.983,1
s39625,0.8909999999999999,1
s39626,0.9279999999999999,1
s39627,0.878,1
s39628,0.898,1
s39629,1.0,1
s39630,1.0,1
s39631,0.992,1
s39632,0.86,1
s39633,1.0,1
s39634,0.622,1
s39635,0.8320000000000001,1
s39636,0.88,1
s39637,0.779,1
s39638,0.862,1
s39639,0.8640000000000001,1
s39640,0.74,1
s39641,0.995,1
s39642,0.516,1
s39643,1.0,1
s39644,0.972,1
s39645,0.995,1
s39646,0.972,1
s39647,0.976,1
s39648,0.81,1
s39649,0.8420000000000001,1
s39650,0.9359999999999999,1
s39651,0.9309999999999999,1
s39652,0.92,1
s39653,0.833,1
s39654,0.92,1
s39655,0.919,1
s39656,0.92,1
s39657,0.8170000000000001,1
s39658,0.912,1
s39659,0.898,1
s39660,0.87,1
s39661,0.8079999999999999,1
s39662,0.98,1
s39663,1.0,1
s39664,0.997,1
s39665,0.997,1
s39666,1.0,1
s39667,0.9990000000000001,1
s39668,0.976,1
s39669,1.0,1
s39670,1.0,1
s39671,1.0,1
s39672,0.713,1
s39673,1.0,1
s39674,1.0,1
s39675,1.0,1
s39676,0.635,1
s39677,0.6,1
s39678,1.0,1
s39679,0.653,1
s39680,0.996,1
s39681,0.992,1
s39682,1.0,1
s39683,1.0,1
s39684,1.0,1
s39685,0.6779999999999999,1
s39686,0.998,1
s39687,0.992,1
s39688,0.973,1
s39689,0.991,1
s39690,1.0,1
s39691,0.9159999999999999,1
s39692,0.9940000000000001,1
s39693,0.973,1
s39694,0.9940000000000001,1
s39695,0.9940000000000001,1
s39696,0.9940000000000001,1
s39697,0.9940000000000001,1
s39698,0.757,1
s39699,0.9840000000000001,1
s39700,0.9940000000000001,1
s39701,0.925,1
s39702,1.0,1
s39703,0.892,1
s39704,0.845,1
s39705,1.0,1
s39706,1.0,1
s39707,0.711,1
s39708,0.708,1
s39709,0.86,1
s39710,0.9440000000000001,1
s39711,0.9279999999999999,1
s39712,0.866,1
s39713,0.833,1
s39714,0.966,1
s39715,0.93,1
s39716,0.948,1
s39717,0.961,1
s39718,0.961,1
s39719,0.9570000000000001,1
s39720,0.995,1
s39721,1.0,1
s39722,1.0,1
s39723,1.0,1
s39724,0.934,1
s39725,0.787,1
s39726,0.9309999999999999,1
s39727,1.0,1
s39728,0.875,1
s39729,0.6729999999999999,1
s39730,0.94,1
s39731,1.0,1
s39732,0.917,1
s39733,0.769,1
s39734,0.851,1
s39735,0.9840000000000001,1
s39736,1.0,1
s39737,1.0,1
s39738,0.905,1
s39739,0.836,1
s39740,0.728,1
s39741,0.693,1
s39742,0.6559999999999999,1
s39743,0.6559999999999999,1
s39744,0.6559999999999999,1
s39745,1.0,1
s39746,1.0,1
s39747,1.0,1
s39748,1.0,1
s39749,0.6579999999999999,1
s39750,0.9490000000000001,1
s39751,0.98,1
s39752,1.0,1
s39753,1.0,1
s39754,1.0,1
s39755,1.0,1
s39756,0.981,1
s39757,0.992,1
s39758,0.996,1
s39759,0.996,1
s39760,0.996,1
s39761,0.992,1
s39762,1.0,1
s39763,0.7859999999999999,1
s39764,0.8759999999999999,1
s39765,0.882,1
s39766,1.0,1
s39767,1.0,1
s39768,0.97,1
s39769,0.695,1
s39770,0.715,1
s39771,0.701,1
s39772,0.998,1
s39773,1.0,1
s39774,0.9990000000000001,1
s39775,1.0,1
s39776,1.0,1
s39777,0.88,1
s39778,1.0,1
s39779,0.735,1
s39780,1.0,1
s39781,0.998,1
s39782,1.0,1
s39783,1.0,1
s39784,1.0,1
s39785,0.997,1
s39786,1.0,1
s39787,0.9890000000000001,1
s39788,0.983,1
s39789,0.997,1
s39790,0.49700000000000005,1
s39791,1.0,1
s39792,1.0,1
s39793,1.0,1
s39794,1.0,1
s39795,0.8540000000000001,1
s39796,0.8590000000000001,1
s39797,0.856,1
s39798,1.0,1
s39799,0.611,1
s39800,0.679,1
s39801,0.9209999999999999,1
s39802,1.0,1
s39803,1.0,1
s39804,1.0,1
s39805,1.0,1
s39806,1.0,1
s39807,1.0,1
s39808,1.0,1
s39809,1.0,1
s39810,1.0,1
s39811,1.0,1
s39812,0.997,1
s39813,0.813,1
s39814,0.997,1
s39815,0.828,1
s39816,1.0,1
s39817,1.0,1
s39818,0.986,1
s39819,1.0,1
s39820,0.988,1
s39821,1.0,1
s39822,0.993,1
s39823,1.0,1
s39824,1.0,1
s39825,0.981,1
s39826,0.99,1
s39827,1.0,1
s39828,0.821,1
s39829,0.696,1
s39830,0.581,1
s39831,0.879,1
s39832,0.9590000000000001,1
s39833,1.0,1
s39834,1.0,1
s39835,1.0,1
s39836,0.794,1
s39837,0.997,1
s39838,0.997,1
s39839,0.784,1
s39840,0.667,1
s39841,0.995,1
s39842,0.956,1
s39843,1.0,1
s39844,1.0,1
s39845,0.665,1
s39846,0.971,1
s39847,0.9309999999999999,1
s39848,0.674,1
s39849,0.993,1
s39850,0.7879999999999999,1
s39851,0.795,1
s39852,0.7979999999999999,1
s39853,1.0,1
s39854,1.0,1
s39855,0.903,1
s39856,1.0,1
s39857,1.0,1
s39858,1.0,1
s39859,0.995,1
s39860,0.7340000000000001,1
s39861,0.996,1
s39862,1.0,1
s39863,0.9940000000000001,1
s39864,0.7290000000000001,1
s39865,1.0,1
s39866,1.0,1
s39867,0.618,1
s39868,0.9940000000000001,1
s39869,0.991,1
s39870,0.8340000000000001,1
s39871,1.0,1
s39872,0.937,1
s39873,1.0,1
s39874,1.0,1
s39875,0.988,1
s39876,0.9940000000000001,1
s39877,1.0,1
s39878,1.0,1
s39879,1.0,1
s39880,0.597,1
s39881,0.991,1
s39882,0.74,1
s39883,0.991,1
s39884,1.0,1
s39885,1.0,1
s39886,1.0,1
s39887,0.998,1
s39888,1.0,1
s39889,0.9440000000000001,1
s39890,0.7709999999999999,1
s39891,1.0,1
s39892,1.0,1
s39893,1.0,1
s39894,0.983,1
s39895,0.5770000000000001,1
s39896,1.0,1
s39897,1.0,1
s39898,1.0,1
s39899,0.9129999999999999,1
s39900,0.904,1
s39901,0.8320000000000001,1
s39902,0.899,1
s39903,0.956,1
s39904,0.9059999999999999,1
s39905,0.992,1
s39906,1.0,1
s39907,0.76,1
s39908,0.5770000000000001,1
s39909,1.0,1
s39910,0.7829999999999999,1
s39911,0.8859999999999999,1
s39912,0.846,1
s39913,0.91,1
s39914,0.799,1
s39915,0.8859999999999999,1
s39916,0.813,1
s39917,1.0,1
s39918,0.948,1
s39919,0.8240000000000001,1
s39920,0.893,1
s39921,0.7,1
s39922,0.754,1
s39923,1.0,1
s39924,0.5870000000000001,1
s39925,0.929,1
s39926,0.9179999999999999,1
s39927,1.0,1
s39928,1.0,1
s39929,1.0,1
s39930,0.812,1
s39931,0.993,1
s39932,0.943,1
s39933,0.9890000000000001,1
s39934,0.986,1
s39935,1.0,1
s39936,0.9159999999999999,1
s39937,0.93,1
s39938,1.0,1
s39939,0.624,1
s39940,0.978,1
s39941,0.789,1
s39942,0.5720000000000001,1
s39943,0.625,1
s39944,0.5660000000000001,1
s39945,1.0,1
s39946,0.9940000000000001,1
s39947,0.9940000000000001,1
s39948,0.7240000000000001,1
s39949,0.9109999999999999,1
s39950,0.91,1
s39951,0.72,1
s39952,0.9990000000000001,1
s39953,1.0,1
s39954,0.996,1
s39955,0.996,1
s39956,0.9329999999999999,1
s39957,0.9890000000000001,1
s39958,0.795,1
s39959,0.9940000000000001,1
s39960,0.986,1
s39961,0.998,1
s39962,1.0,1
s39963,0.982,1
s39964,0.862,1
s39965,0.8440000000000001,1
s39966,0.8740000000000001,1
s39967,0.963,1
s39968,0.9940000000000001,1
s39969,0.9940000000000001,1
s39970,0.9940000000000001,1
s39971,0.9940000000000001,1
s39972,0.77,1
s39973,1.0,1
s39974,0.625,1
s39975,1.0,1
s39976,0.8540000000000001,1
s39977,0.993,1
s39978,0.843,1
s39979,0.589,1
s39980,1.0,1
s39981,0.898,1
s39982,0.9109999999999999,1
s39983,0.992,1
s39984,1.0,1
s39985,0.861,1
s39986,0.856,1
s39987,0.983,1
s39988,0.8009999999999999,1
s39989,0.85,1
s39990,0.973,1
s39991,0.7859999999999999,1
s39992,0.858,1
s39993,0.882,1
s39994,0.88,1
s39995,0.862,1
s39996,0.863,1
s39997,0.862,1
s39998,0.852,1
s39999,0.9279999999999999,1
s40000,0.8390000000000001,1
s40001,1.0,1
s40002,0.863,1
s40003,0.794,1
s40004,0.9890000000000001,1
s40005,0.9890000000000001,1
s40006,0.9890000000000001,1
s40007,0.9890000000000001,1
s40008,0.9890000000000001,1
s40009,0.996,1
s40010,0.9890000000000001,1
s40011,1.0,1
s40012,0.997,1
s40013,0.878,1
s40014,0.996,1
s40015,0.621,1
s40016,0.741,1
s40017,0.996,1
s40018,0.741,1
s40019,0.83,1
s40020,0.9129999999999999,1
s40021,0.998,1
s40022,1.0,1
s40023,0.785,1
s40024,0.768,1
s40025,1.0,1
s40026,0.9129999999999999,1
s40027,0.9490000000000001,1
s40028,0.7559999999999999,1
s40029,1.0,1
s40030,1.0,1
s40031,0.993,1
s40032,0.991,1
s40033,0.993,1
s40034,1.0,1
s40035,0.511,1
s40036,1.0,1
s40037,0.568,1
s40038,1.0,1
s40039,1.0,1
s40040,1.0,1
s40041,0.6809999999999999,1
s40042,0.998,1
s40043,0.995,1
s40044,0.99,1
s40045,1.0,1
s40046,1.0,1
s40047,1.0,1
s40048,0.879,1
s40049,1.0,1
s40050,0.5920000000000001,1
s40051,1.0,1
s40052,1.0,1
s40053,1.0,1
s40054,1.0,1
s40055,0.9940000000000001,1
s40056,0.995,1
s40057,0.907,1
s40058,1.0,1
s40059,0.995,1
s40060,0.5870000000000001,1
s40061,0.7040000000000001,1
s40062,0.91,1
s40063,0.9059999999999999,1
s40064,1.0,1
s40065,0.7020000000000001,1
s40066,0.5710000000000001,1
s40067,0.998,1
s40068,0.998,1
s40069,0.996,1
s40070,1.0,1
s40071,0.985,1
s40072,0.9390000000000001,1
s40073,0.723,1
s40074,0.764,1
s40075,0.924,1
s40076,0.852,1
s40077,0.9179999999999999,1
s40078,0.9229999999999999,1
s40079,0.852,1
s40080,1.0,1
s40081,0.998,1
s40082,1.0,1
s40083,0.935,1
s40084,0.997,1
s40085,1.0,1
s40086,1.0,1
s40087,0.708,1
s40088,0.657,1
s40089,0.66,1
s40090,0.6679999999999999,1
s40091,0.995,1
s40092,1.0,1
s40093,0.9990000000000001,1
s40094,1.0,1
s40095,0.9940000000000001,1
s40096,0.862,1
s40097,0.929,1
s40098,0.9990000000000001,1
s40099,0.9840000000000001,1
s40100,0.9990000000000001,1
s40101,0.9940000000000001,1
s40102,0.948,1
s40103,0.7659999999999999,1
s40104,0.7120000000000001,1
s40105,1.0,1
s40106,0.638,1
s40107,0.644,1
s40108,1.0,1
s40109,1.0,1
s40110,0.995,1
s40111,0.968,1
s40112,0.799,1
s40113,1.0,1
s40114,0.991,1
s40115,1.0,1
s40116,1.0,1
s40117,0.879,1
s40118,0.8490000000000001,1
s40119,0.99,1
s40120,0.998,1
s40121,0.9940000000000001,1
s40122,0.9940000000000001,1
s40123,1.0,1
s40124,1.0,1
s40125,1.0,1
s40126,1.0,1
s40127,1.0,1
s40128,0.614,1
s40129,0.8109999999999999,1
s40130,0.774,1
s40131,0.782,1
s40132,0.9420000000000001,1
s40133,0.99,1
s40134,0.9940000000000001,1
s40135,1.0,1
s40136,0.8290000000000001,1
s40137,0.898,1
s40138,0.8320000000000001,1
s40139,1.0,1
s40140,0.998,1
s40141,0.9109999999999999,1
s40142,1.0,1
s40143,1.0,1
s40144,0.998,1
s40145,1.0,1
s40146,0.93,1
s40147,0.978,1
s40148,0.84,1
s40149,0.998,1
s40150,1.0,1
s40151,1.0,1
s40152,0.998,1
s40153,0.986,1
s40154,0.84,1
s40155,0.9990000000000001,1
s40156,0.664,1
s40157,1.0,1
s40158,0.5429999999999999,1
s40159,1.0,1
s40160,1.0,1
s40161,0.925,1
s40162,0.993,1
s40163,0.88,1
s40164,0.799,1
s40165,0.546,1
s40166,0.88,1
s40167,1.0,1
s40168,0.998,1
s40169,0.998,1
s40170,0.998,1
s40171,0.998,1
s40172,0.998,1
s40173,0.998,1
s40174,0.998,1
s40175,1.0,1
s40176,0.797,1
s40177,1.0,1
s40178,0.73,1
s40179,0.93,1
s40180,1.0,1
s40181,1.0,1
s40182,1.0,1
s40183,0.966,1
s40184,1.0,1
s40185,1.0,1
s40186,0.992,1
s40187,1.0,1
s40188,1.0,1
s40189,1.0,1
s40190,0.997,1
s40191,0.988,1
s40192,0.997,1
s40193,1.0,1
s40194,0.61,1
s40195,0.995,1
s40196,0.995,1
s40197,0.995,1
s40198,0.995,1
s40199,0.997,1
s40200,0.99,1
s40201,1.0,1
s40202,0.8059999999999999,1
s40203,0.8390000000000001,1
s40204,0.998,1
s40205,0.997,1
s40206,0.992,1
s40207,0.993,1
s40208,0.997,1
s40209,1.0,1
s40210,0.997,1
